-183.693531071141,18.4702900876877
-183.685567082256,20.4675483275182
-183.650930520242,16.4734457550516
-183.627034034763,22.4639621881063
-183.560520804757,14.4781379738226
-183.517958530816,24.4582832663231
-183.438086491337,12.4845365044918
-183.358405352791,26.4491836848477
-183.286145012961,10.4930182819222
-183.148471182048,28.4353959783199
-183.104678099336,8.50402868713778
-182.893653009408,6.51784196999448
-182.888284005117,30.415665675141
-182.653072605879,4.53505083236748
-182.578009972435,32.3887034580557
-182.382935916342,2.55612635462978
-182.217846682357,34.3532451327546
-182.083233992867,0.581450209711599
-181.981945272168,16.6053371005834
-181.808024153015,36.3080356017131
-181.753960025734,-1.38858768115907
-181.607703078623,26.1383461194193
-181.558165858944,19.0141246562331
-181.552945429175,9.30231955584911
-181.493588317061,21.359692934007
-181.4568181138,14.2881690258978
-181.395505289573,23.8254455810431
-181.395145303573,-3.35340276278503
-181.348810019047,38.2518064279786
-181.311995633511,12.0123178204796
-181.182599446765,28.4584595614397
-181.0712760056,4.76785632698135
-181.006808240165,-5.3125363404325
-180.919603012203,30.946052308753
-180.84049899351,40.1833238367254
-180.753309443232,7.14025254333529
-180.588938657624,-7.26568195029927
-180.501581548228,2.30115147551903
-180.283418252337,42.101359167053
-180.188258460385,35.1584338402159
-180.14158026395,-9.21228715260844
-179.981796400329,-0.119441642982481
-179.807107655087,32.9034710142766
-179.677941290026,44.0046486309773
-179.664779768495,-11.1518306503524
-179.595587540633,-2.47842435291912
-179.506547434216,10.241275488732
-179.505524342319,-4.87082258325595
-179.425938056463,16.735013815431
-179.341120835498,37.4359437061449
-179.158577944751,-13.0838461890384
-179.133777662362,39.6075360818648
-179.034534254203,45.895583266085
-178.953751274997,26.2219112124372
-178.753917772578,4.60814433152891
-178.65587880572,22.7493863116667
-178.630433746686,-15.0102545791446
-178.591719601622,29.5500055939788
-178.508692634806,-6.97664768687345
-178.471421096821,19.7375768629185
-178.437311506103,13.8098697689886
-178.368196084692,47.7784452958004
-178.168161178759,-8.96740511004061
-178.087987037825,-16.9325507858191
-177.966942979995,41.3736810604625
-177.830765436071,7.6499283151485
-177.817909375145,43.6070379249134
-177.80200701917,-11.3507080935361
-177.795816842945,1.75062203923523
-177.679091974121,49.6530945446035
-177.531279842373,-18.8506464722516
-177.389346304806,35.4107512522224
-177.207851379694,-4.33797458706608
-177.125094270326,-1.23870818043803
-176.967274150261,51.5193095999851
-176.960345510205,-20.7644843607967
-176.957612257713,-13.3885772695129
-176.957148313451,45.5805879204887
-176.606000107767,11.3433438595691
-176.523032874137,-15.4666427878274
-176.508067109711,32.1254988144053
-176.375127026054,-22.674297247606
-176.232862033707,53.3767014984887
-176.191331856546,38.6770149631944
-176.060058657155,47.9253534513748
-176.005175389995,-17.705689127948
-175.775781278125,-24.5796159569682
-175.74939777991,-9.83202777682
-175.644456647576,16.7502014077631
-175.597865352802,24.4428387497079
-175.47594093192,55.2249852829819
-175.400581516649,-20.2526453077303
-175.388580741245,4.90109149893889
-175.336966485638,-6.7018291911705
-175.215004924254,28.0820205249117
-175.162353729775,-26.4803523012514
-175.093036268459,42.2999256120339
-174.934010617571,49.8177401899478
-174.758513247533,52.1871019487086
-174.696550584488,57.0639897134638
-174.665420481773,-12.4656310139658
-174.605234358106,-22.2737171376798
-174.534890544357,-28.376418035444
-174.289541510406,45.6295902387125
-174.244184187437,20.6090980586725
-174.221325875597,1.33587481239451
-174.05296520722,-3.00380491451958
-174.010425692474,-15.3705192353646
-173.894811062551,58.8933562463907
-173.893345310948,-30.2679965434344
-173.800707509435,-18.6164790325837
-173.735401932407,-26.1837859130583
-173.700314817311,35.1864005658511
-173.691934618629,54.3168821771592
-173.612884608198,8.94643655271878
-173.245390013144,-23.9557884095132
-173.237845162093,-32.1547538703224
-173.070832718222,60.7127642876967
-172.998329912941,13.787121038825
-172.602210992029,56.5094255914815
-172.568455877891,-34.0365508932168
-172.466048341954,-9.02406493462981
-172.398444536564,-28.5229719417655
-172.330746348404,39.2974880287221
-172.224703038453,62.5219532855211
-172.139077765061,51.4840559920694
-172.132423703652,-20.894046341994
-172.014162009287,47.9556781757501
-171.996056573844,30.5934885429994
-171.952076344842,58.5988140673304
-171.885226633966,-35.9132999040466
-171.872399761328,-30.8270152071786
-171.424491947274,-26.2872923467107
-171.356470738148,64.3207461829299
-171.267642707307,43.5446390595494
-171.251374948291,-12.7048517499236
-171.212538675384,-17.0872166833746
-171.188182909316,-37.7849777289387
-170.759216044249,60.4426060054108
-170.746966727856,-5.26742865602821
-170.709829352448,5.4874728926866
-170.632395401519,54.3328442915861
-170.595470314566,24.6342684016596
-170.503008176406,-34.573759587477
-170.477327142041,-39.6516169287275
-170.466299258988,66.1087331720423
-170.361144726883,-32.4639991188743
-170.300729088848,-0.0510422643088473
-170.128251737876,62.7078375585564
-169.970023715485,-23.2312324442902
-169.744579103001,-41.5095608365875
-169.562400377863,-29.4332580341306
-169.554296935051,67.88563195162
-169.509341617126,18.0381126186484
-169.397018273369,-36.6464976724576
-169.342567641205,57.538613510628
-169.018478647195,-38.874890974709
-168.976703837138,-43.3533546298073
-168.947315234225,64.4716262385287
-168.637864911376,35.1459798658073
-168.620536759785,69.6512328426633
-168.555668692704,-26.4628216642225
-168.550859972351,50.3246688771969
-168.299107844156,-19.7288570692503
-168.173780146723,-45.1821418464452
-168.079927964008,11.1429711026354
-168.032724284042,61.1276450582188
-168.000907227695,66.6890125250542
-167.97321202491,-40.8665887369305
-167.820203555859,-14.8450893659571
-167.72292533208,-34.587337749695
-167.66294933995,71.4039073306268
-167.654181590396,-9.25805573671222
-167.546079122824,45.9501409277722
-167.336033260284,-46.995247098277
-167.15068996883,40.2057007255994
-167.05407597786,-31.6228669530949
-167.001378939602,53.8495318035642
-166.990166973333,-43.0392681743366
-166.943513315303,68.702963110519
-166.678443812495,-38.0638634721774
-166.660305290806,73.1312730195454
-166.46369313742,-48.7920058728064
-166.387950190855,29.429030164007
-166.354452693295,64.2384079722738
-166.158984102828,70.6727906404011
-165.90483225153,-44.9429753713343
-165.858767912493,58.0710550256166
-165.608098527248,74.8289658640352
-165.599255538816,-2.97123448841575
-165.580609615778,3.74865590574695
-165.557037376676,-50.5716801201356
-165.378205114218,-23.5997103162717
-165.346555626907,-28.2473324921392
-165.171296527868,-46.9575437250883
-165.150536269142,-41.0112231568468
-164.849144308616,67.0255531327615
-164.618291129759,-35.362825396563
-164.616335095094,-52.3335778933082
-164.589569200485,72.4702270766508
-164.507346063238,76.4954876939724
-164.370927463975,61.3861981403794
-164.066931860177,-49.0369305428581
-163.890522304798,22.770148834055
-163.767444169156,69.9091940781211
-163.641867248445,-54.077008614626
-163.532846631849,-18.6899053636179
-163.503192799558,-43.510237625394
-163.405784147717,74.0536610041783
-163.358992066926,78.1295676289074
-162.989943610401,49.3096312956709
-162.921527683483,-51.0987404016321
-162.891783877608,-13.3614166302862
-162.879726815132,-38.5588680432428
-162.694302585091,76.0450180853196
-162.633918030464,-55.8012977871861
-162.60792606901,-32.1453579946495
-162.605984497926,54.9494639744801
-162.570733224865,-46.2967150022152
-162.196886424053,64.4280253716174
-162.164024651661,79.729956979743
-162.096784668267,16.0049182733744
-162.029114099823,-53.1974585660026
-161.976346724223,42.8683106260244
-161.604842661051,-7.6504977675997
-161.592763423663,-57.5058025482896
-161.535283273853,35.140404730268
-161.223942349808,77.6889433397853
-161.012254375285,8.50259826118001
-161.011227387,71.8581191966162
-160.960439233298,-48.8754013046148
-160.957304226319,68.0744600814129
-160.923517823536,81.295380526211
-160.748359480439,-27.2782424275132
-160.695635066466,-55.0613196543592
-160.519114850587,-41.2999569315729
-160.518753033804,-59.1897799351629
-160.383128647016,74.7592623266599
-160.246983894246,59.4145559600861
-159.874169174147,79.47429265305
-159.638730442586,82.8244391129969
-159.607739050014,-51.7608507326372
-159.53070588405,-57.1637766575142
-159.412216513088,-60.8525454309756
-159.346449961779,-21.9812026495815
-159.245931230332,-35.6934151172266
-159.157576514049,-44.9102796939898
-158.390863702474,77.0687020907261
-158.371837637088,-0.00848853432210358
-158.35443376892,80.7991055140628
-158.334317789625,28.2265634647151
-158.31064875376,84.3161549265143
-158.273496080401,-62.4934164724356
-158.170718559488,-59.33217750798
-158.005618548227,-54.2315808220504
-157.531885695857,64.1997778497567
-157.225781717626,82.5165043707892
-157.188699056971,-48.5614564088177
-157.161234750651,52.9019361519038
-157.115348818583,69.4104128410822
-157.102949740999,-64.1117249365695
-157.037383964328,73.6527123737772
-156.940432914028,85.7694103174167
-156.807254240393,-56.8290935325915
-156.788869148711,-61.3774167971767
-156.334521449929,-14.9604946904432
-156.329453827119,-30.5198110449224
-156.27308046135,78.7231909033763
-155.991452375782,-39.6691798753681
-155.907678719868,-65.7120482880618
-155.793691397578,84.1065147608733
-155.529452121573,87.1829586923022
-155.40597903127,45.8723292736674
-155.369287135026,-63.2227884197066
-155.154751905982,21.2013229903319
-155.119691046484,-59.1563268411281
-155.076124396652,-51.8380972789721
-154.975108564801,37.8741251942115
-154.927808379577,-6.84199622612834
-154.774766080882,81.0022581918679
-154.721131868875,13.356948168168
-154.693921886037,-67.298351120454
-154.300756516173,5.43519649578236
-154.253718800878,85.7376519731116
-154.221238609062,-44.2663646343735
-154.171242854545,-65.1852530048184
-154.078914729505,88.5558117928928
-154.040990531927,58.5076105010584
-153.827259573191,76.0183717925562
-153.672002403021,-55.1890275212785
-153.461803785877,-68.8703655003926
-153.41938752993,-61.498640218077
-153.087403852759,-23.7980988381214
-152.978816402943,83.2300626178104
-152.902221286096,87.416972468127
-152.589965389495,89.8871008971582
-152.381055125642,70.9520050233231
-152.211438562506,-70.4278419331497
-152.202735529194,-66.8007955889819
-152.089733524124,-64.0295722398516
-151.940950736518,65.2975377075527
-151.809835835655,-34.9322783133382
-151.778327771632,29.8408586717889
-151.482464485114,-48.3577273276019
-151.4751953234,79.1613772415522
-151.425642240895,-58.1347091286127
-151.25681578124,-68.6992427048445
-151.071643339881,85.8005303858728
-151.063966415673,91.1758239051283
-150.994163652362,88.7109752243964
-150.942943855589,-71.9705306190962
-150.047539839237,-17.3733787700601
-149.736373698064,-70.6310428869569
-149.684858457119,-1.01716721868991
-149.656432853508,-73.4981908664571
-149.598692314844,82.8964006179484
-149.502780401718,-61.5754815357158
-149.502464782599,92.4209170804859
-149.203418575588,89.9458578541011
-149.149208045198,-65.253558645551
-149.127742998822,-9.84441522034214
-149.127208944389,-53.0795807633547
-149.088478259785,51.2199339866946
-148.92415011758,-68.0033762062521
-148.565528149503,74.168798108454
-148.407242280877,87.082134027953
-148.379207314504,-41.0975656548724
-148.351876465926,-75.0107479825511
-148.26907943046,-72.3790339792914
-148.218923270829,43.582994226502
-147.978397368095,7.74316415575231
-147.941550799574,36.3768329402216
-147.933185410738,15.7913308045139
-147.909980165676,93.6268364971382
-147.682674607205,-28.457320339922
-147.645465261906,91.3377606611814
-147.431906827431,23.3832214769426
-147.029567148192,-76.5077548428286
-146.906000633507,58.9198846455374
-146.812392989543,-69.9923261049044
-146.777696085218,-74.2216036750089
-146.714034281962,79.3884583923258
-146.631147066379,-57.5857295497048
-146.294617159572,94.8014009241459
-146.126133466656,84.4621305147493
-146.021177306621,88.990043526393
-145.90762759771,92.4406056803133
-145.689637280729,-77.9889609512814
-145.348033317756,-66.6013638411049
-145.284504470974,-62.6284888188988
-145.273201310755,67.419714850197
-145.264115797668,-72.4246570632909
-145.040221763096,-75.704215420877
-145.027245217715,-47.2743493664065
-144.65671565652,95.944513984642
-144.437608566627,-21.9152061474012
-144.332222949014,-79.4541157167985
-144.172139682962,93.7991310985265
-143.60840263014,-34.2796575491624
-143.482773336622,90.8361111070322
-143.233982572874,30.4598692880777
-143.190991382234,-77.0045791177345
-143.034062980294,-69.6505463734135
-143.025839568348,-5.98850427779311
-142.996947972799,97.0555597304076
-142.970194107495,86.7264780464571
-142.957463985592,-80.9029684970995
-142.796648223839,-73.7296962291007
-142.794598979457,-14.3235718710305
-142.50399334688,1.92619568616877
-142.449704335906,95.1771948632625
-142.405408552053,74.8436192117708
-142.317514150542,-78.9448038169676
-141.941220236806,81.5933380628103
-141.771761615295,-53.4364893161657
-141.746672087568,52.9892286391918
-141.56550401208,-82.3352686439543
-141.421426441915,45.7251557496451
-141.315881403427,98.1340168649013
-141.157865071135,92.9248448680984
-141.096620790778,9.98653888631655
-140.875158213109,38.104377827679
-140.736744189591,-59.6022531329783
-140.646300789302,96.2882231528757
-140.612549391069,17.4422656054801
-140.596607139177,-80.6298834738107
-140.423363458822,61.4577725220308
-140.414005920534,-65.476320934416
-140.236794986266,-40.5148019585791
-140.156490402147,-83.7507656280984
-140.153443897301,-75.2137260387861
-139.957056321828,89.2068551521684
-139.897373232231,-78.0019946420703
-139.613998524625,99.1794302682913
-139.500859877181,-70.9231659652229
-139.333512972341,24.5328522116477
-139.242054528298,-27.2242909806005
-139.086920391307,-82.5181299460283
-138.786835662335,97.6894989781463
-138.731660045314,-85.1505136301758
-138.652423197234,94.7504622530999
-137.891934683053,100.19126204487
-137.791882851042,84.9706959748669
-137.774003330371,-80.5481479370383
-137.544459544802,-84.1827318415555
-137.540594857398,69.4864838262622
-137.457866556668,91.7680101007233
-137.297389834526,-86.5406720570262
-137.050846615826,-47.1268846644579
-136.781346234616,-19.8644244840376
-136.759578453801,98.8590115796843
-136.552057501312,-77.7025015827367
-136.42529870578,-11.4765031389998
-136.352623404132,96.3308268124882
-136.324008937811,78.2752801915101
-136.19281532904,-73.7298288141098
-136.150335560646,101.168988642944
-135.981901625261,-3.49171701036666
-135.963374267525,-82.7866700281888
-135.854757901414,-87.9220997739035
-135.708356397236,-33.2071125790315
-135.44535401317,-85.5849838347516
-135.274771832738,-67.8745418813215
-135.065408746945,55.3180096923078
-135.005986021674,4.11996425421773
-134.931767985352,32.3279471029428
-134.688522445413,99.9310447966575
-134.589092318218,-61.2439709196271
-134.4400225415,93.8140832221608
-134.403873223055,-89.2948171767666
-134.389768842819,102.112146867679
-134.338157743461,88.7336868396583
-134.276390715282,47.9377348026266
-134.103077471698,40.4306152528908
-133.986596471811,-80.7212231868068
-133.925470349767,-87.3706411653782
-133.904758880933,97.7247415971385
-133.692265178545,-54.0051660004355
-133.620999827255,11.5739183948133
-133.585242743617,63.1390963066227
-133.061792140513,-84.1458887135685
-132.944845047785,-90.65884566044
-132.814204922781,18.4042039605055
-132.734377991399,101.205832140903
-132.610817512276,103.020276233598
-132.520087609995,-39.9595271671915
-132.291980294375,-76.9560591157015
-132.1880962191,25.60591155546
-132.022581131102,-89.4524461667785
-131.797300788106,-86.8700722535135
-131.552941891682,99.4579751906651
-131.477782731726,-92.0142075600302
-131.436560756809,83.3203900255116
-131.224485771341,96.0853940727494
-131.101011928217,74.2241862505353
-131.063123241443,-25.8088182283604
-131.030940208536,-71.9314893517575
-130.814213309627,103.892856660913
-130.553228873143,91.8530435330382
-130.246129555072,101.828627632262
-130.173454147176,-16.9693790325852
-130.056691165179,-81.0082423573306
-130.002795568516,-93.3609260810149
-129.950084456822,-91.12577547876
-129.662423373412,-88.5710976769199
-129.607653254418,-8.73346274137763
-129.58995653967,-46.5840063145182
-129.511118634497,-84.6599123218291
-129.02065558979,68.1806248036839
-129.000609772723,104.729427436981
-128.799980107943,98.9004483339515
-128.532188545569,103.134424258601
-128.519992613077,-94.6990252176803
-128.428187554335,-0.978306260462646
-128.204624222068,-33.3931454249576
-128.149702328075,58.6779572032114
-128.090401589324,-65.5266849734888
-128.012898212499,-92.8160573293288
-127.701561671891,87.9445417509321
-127.541060457692,35.994511519919
-127.464375092569,51.7098900226472
-127.327451059571,-90.305845159932
-127.196312140157,94.8920046454017
-127.170545626198,105.529591973326
-127.167582085846,6.63576658318972
-127.036017394861,43.8207844702941
-127.029482500348,-96.0285296596674
-126.975327681385,-86.7569201972831
-126.963617607589,101.380136762896
-126.861618545361,-76.4848023788715
-126.733227997204,-58.9648212212835
-126.406871782904,104.063983511343
-126.20484839867,-94.7461542126073
-126.029039766129,28.9019159200857
-126.008714646848,-52.0770859690543
-125.998677887447,78.6641328418843
-125.531373259987,-97.3494646864754
-125.410027836488,13.7430503718364
-125.408933839757,-81.8700105644117
-125.398176299595,-92.7195690699342
-125.324824341755,106.292850675979
-125.301407306129,21.0081123894039
-125.263299231243,98.6424111006594
-124.450469028515,-41.0241392583268
-124.257684340062,-21.6117856843061
-124.206814318465,-95.6081978634289
-124.188426591923,102.667870717521
-124.172531445113,-89.7699722892615
-124.103651634204,104.927558778848
-124.025772128129,-98.6618560498763
-123.906391635827,63.9443463373678
-123.50857384276,91.8284628365292
-123.492988402671,-70.4222493448397
-123.463938255405,107.019293407447
-123.107678844228,-85.8562470317409
-123.095049497208,-13.2521310195139
-122.899743442987,-97.3375661639996
-122.564425738548,-28.4578069400751
-122.546772431314,-93.0318946235335
-122.512785357376,-99.9657298442974
-122.366578373019,100.755222987374
-122.279738120804,72.138885330562
-122.095317039256,84.4276707193664
-122.048986481672,105.279192946035
-122.043939078754,-6.05504251799185
-121.941027908533,96.3332754091756
-121.596870742632,107.728732563477
-121.242366900373,-98.7426378292509
-121.026088240772,-95.5150304972985
-120.992519284757,-101.26111129903
-120.842148713579,48.6450930338953
-120.799285657952,2.09795195732621
-120.519147439566,-77.7674571725416
-120.518582902591,-46.910870948886
-120.491321114413,103.384707863808
-120.479905366289,-35.6564268229864
-120.452214939023,56.9101841653206
-120.17035728969,39.9782254333112
-120.112989525719,-89.4779472494611
-120.018785550231,106.507433940105
-119.759332925744,-63.2795403117348
-119.727490432523,108.433195685794
-119.577261993976,32.715558529879
-119.46610188656,-100.196633513244
-119.460083617438,-102.541859992376
-119.386830372537,-55.3269708000976
-119.101547341526,-97.2369376677616
-119.078238004759,-83.3508624521141
-118.771106846418,100.091985587888
-118.660026693881,9.13818339118855
-118.633742325112,24.5123334830261
-118.603419355214,-92.8968051583392
-118.114119633439,104.965466300158
-117.898261672788,-103.786795178068
-117.8794938754,78.5307020508442
-117.856736254071,109.132756427836
-117.738743722806,17.1728696580138
-117.662639693352,-18.0171885236654
-117.642208977579,65.6686399456156
-117.615076561391,90.2198882877548
-117.600516974899,-101.798412327959
-117.526311025357,107.386530285804
-117.441965278936,95.6123096315597
-116.976559242024,-99.3022670753993
-116.671290525487,-71.3027929847321
-116.319465238685,102.486325303692
-116.306558025103,-104.993290218822
-116.129703297439,-95.918512326055
-115.984667353296,109.827842459774
-115.766449667295,-87.1987375706406
-115.762940385977,-25.221876992477
-115.684506717495,-103.154329370555
-115.386816619542,-3.17017512910665
-115.306244137914,108.198106165235
-115.010176056513,105.676333466583
-114.999136037588,-40.9872582605439
-114.715327900438,-100.739360282339
-114.68587924165,-106.160573581116
-114.552459946074,-11.0817754320572
-114.528397977322,44.4838739098047
-114.39624152286,-92.0157912659132
-114.315660427287,-32.472269616144
-114.110913029441,110.519058231296
-114.052473329137,52.4501304329407
-114.040115802674,72.7580118688625
-113.85056340566,-104.513215034152
-113.757216309834,98.6239930472166
-113.700942339857,-49.4295385923082
-113.619947048837,84.4079647443023
-113.254635034785,-97.6099098557088
-113.153595119212,108.930426927469
-113.139179529544,59.9807881089876
-113.037151135117,-107.287891275134
-112.870611034821,28.2784054572329
-112.863090885817,-79.6619340509905
-112.851786886508,-57.8374821739853
-112.557284625195,-102.115988356924
-112.452232278224,102.82146458746
-112.30165563454,106.711431788943
-112.235379791236,111.20692238728
-112.212226076167,35.9045505887972
-112.142394776232,-65.2009282606818
-112.068819273579,3.70900832449801
-111.977638727036,-105.938555515566
-111.560779419451,12.6123610771004
-111.361318674641,-108.374507357567
-111.311752946769,92.9142599058063
-111.030894421218,109.764380626008
-110.743326206447,-103.860836708586
-110.389769483895,-94.0476634239123
-110.388708862654,-99.5099119820248
-110.367664403468,-19.2432133962118
-110.358940063848,111.891620883416
-110.178609925837,-73.3171547085687
-110.091294437102,20.9228545662004
-110.06061721968,67.1860787717235
-109.95805521528,-107.182736766021
-109.954235688321,-87.2185301486858
-109.659345885016,-109.419704456497
-109.476352418383,104.466558092819
-109.437823814022,107.950410170642
-109.32138621065,78.4404338325353
-108.790512078568,98.9728087465362
-108.614194066158,-105.268080682023
-108.551379436245,-4.90719512627525
-108.542804730459,110.420475669371
-108.481702879103,112.57364163992
-108.113569749965,41.6338008793943
-107.932215732063,-110.422784318533
-107.867796944719,-43.8784798612734
-107.807895196132,-27.5667768807085
-107.787278337773,-108.342079032113
-107.766083550313,-35.6823213401865
-107.761599719307,-101.795913324812
-107.318104977588,49.1217322944639
-107.020116870603,86.8411506262232
-106.882140939558,-52.3044351417955
-106.603790860424,113.25348700028
-106.489277875931,56.3804595203047
-106.445190326397,-12.9506954979151
-106.422169262715,106.822442466729
-106.354982599212,-96.9964872777233
-106.351317996826,111.704600754926
-106.240134304916,-106.185804865979
-106.180929992127,-111.383068378264
-106.167619852033,29.2455750699087
-106.029670575219,109.478087144643
-105.99264696612,102.5065779407
-105.739813121053,-109.502008610898
-105.565836189239,7.88600227199807
-105.461718940625,-81.6163611424822
-105.38293467749,-59.7657543199473
-105.013115970313,72.4148901910195
-104.895715486443,63.2665312195425
-104.809550329002,-66.9628145226046
-104.781717510536,-90.8682202267958
-104.768997326046,-103.110605093906
-104.725340336458,113.931673457682
-104.52030483054,94.5647144213432
-104.406509103562,-112.299898349965
-104.096596603186,111.974675761619
-103.991350081202,-107.680944004267
-103.834209512555,-74.5793206271554
-103.76955962285,15.1174233718032
-103.699230888148,-110.83203690029
-103.528807751783,0.889112382258376
-103.15958378466,-21.6243957370303
-103.121363693677,36.3089996618423
-103.120246294307,109.200620491815
-102.846501308359,114.608731191143
-102.643989448821,105.538089218849
-102.626307696649,80.9611199749133
-102.60999199803,-113.172636841377
-102.515585583029,-99.3737504418845
-102.182473415153,113.131161373894
-101.990974015232,-105.173996314313
-101.937028875691,22.8490859329159
-101.927025435198,100.088348615966
-101.815506243132,-109.330219777201
-101.323682746587,-38.8675603136268
-101.266247542158,-111.91223769404
-101.100120151031,44.1722882393633
-100.999580105365,-47.5352563640103
-100.977216854359,111.016108929883
-100.96732868316,115.285242465667
-100.839862320658,-6.96075716386946
-100.792435909362,-114.000667989214
-100.234901474226,-30.5515760420432
-99.7631572809652,113.573222992956
-99.70505723993,52.1677240944051
-99.6897916702536,88.5366104564446
-99.4772014639061,-86.0345205303247
-99.3350062146049,-94.6753999246142
-99.2744996561565,107.634179317103
-99.2695032753216,-107.343019685077
-99.1320961204456,-102.276342145545
-99.1091708981114,67.2125152279534
-99.087933829165,115.961786085375
-99.0018921512008,-110.638722644598
-98.954914748078,-114.783444662331
-98.9526966355648,-54.8767953906451
-98.7701455552327,-113.004728890337
-98.7555425321708,-15.0193129294162
-98.3446591198198,59.1678452092234
-98.2846916642615,30.564236568115
-98.0952625849228,75.2624233754864
-97.9510143450329,110.867793920279
-97.8803937840965,-78.0835315994479
-97.8239916522324,7.71674752173966
-97.7877323164596,103.127181010613
-97.7441189706957,-62.2898037350823
-97.6457278013277,114.118405054435
-97.6249940321973,-69.827404660586
-97.2083114680938,116.637347667539
-97.1012587296273,-115.527188907163
-96.8304706032263,95.771085290438
-96.462052379932,16.3145975305552
-96.4415475313626,-114.132398353793
-96.1077749344392,-112.110699724787
-96.0593709673422,-23.3348543275489
-95.9671943439433,-109.313006152616
-95.6879329698412,115.000081678942
-95.5778120806065,-0.443923002868966
-95.5269366193669,-105.322663664156
-95.3583002140983,111.744696007594
-95.3256114245269,117.304331597309
-95.2341360687063,-116.236453947371
-95.1812054272956,-43.720150064083
-95.144755859004,38.8735575206333
-95.119820559029,-99.264493069784
-94.9712134000391,82.0630622111167
-94.8456364391706,107.341494262713
-94.294523223456,46.8355884761672
-94.11414087822,-114.719533395013
-93.9521105012577,23.9963350551915
-93.7291907463283,-36.6218775650585
-93.5854764568746,116.060738455142
-93.4395508277571,117.961689566918
-93.3948090945154,-90.6148972881093
-93.3541281115503,-116.910829592513
-93.3139562181829,-112.265980543899
-93.1938912688375,-8.60572202463799
-93.1013385350313,113.662105877686
-92.6416137020863,70.6960357481737
-92.6375145833822,-82.4716573107878
-92.5297551085235,101.594951029614
-92.368470285285,-50.5877674157913
-92.2592045109485,-108.673827302893
-92.0986154240583,88.6976828174158
-91.9564057651223,63.0795383678086
-91.8544098689233,110.248868592239
-91.6461557666669,-114.896306579166
-91.5502456819146,118.609610576486
-91.461828742415,-117.54991054697
-91.4613516184011,116.522745692852
-91.4612275794016,-29.8301114264802
-91.4581337515611,55.0018699875274
-91.3599328958439,-73.7667141122574
-91.1718691170595,32.3176016195928
-91.1144822276885,-16.5022708821342
-90.9559791240957,-57.5869635415821
-90.7593160026203,-103.466557501629
-90.7232957881477,11.0938289055977
-90.6345655827005,-65.6688269957789
-90.2830609659968,114.002160408042
-90.0890474610077,-111.872246306508
-89.8966286777073,-116.169136655752
-89.6578128255668,119.248289524452
-89.5578445984114,-118.15329667706
-89.4899789462604,77.1573413214346
-89.4692949154077,106.024165879778
-89.3984960883798,117.159419391427
-89.3360752964393,94.7078077144552
-89.1505750517847,4.36457240616116
-89.0663435423617,-96.3907490171075
-88.2283183564121,18.0127546945855
-88.1681719897387,-114.377360458208
-87.956148292253,47.7737913358073
-87.917332351252,110.94500215068
-87.9106062871585,-22.8505320254968
-87.9045611694957,-107.502886595668
-87.8346290655737,-43.9002306081084
-87.7623695493417,119.877927034509
-87.6427952863615,-118.720593292978
-87.4516649678115,-116.85005907984
-87.4233685141414,-3.28236646346982
-87.3918275692595,114.864900336029
-87.3306999704168,117.923479814102
-87.2440303953332,40.252204992885
-87.2300857553121,-87.4104089825997
-86.5988580890208,83.9249923706173
-86.4196905960756,25.9640055263819
-86.33436146676,-78.8067376726735
-86.2978745741453,-111.574894422305
-85.9613369629936,69.1368527846821
-85.8640331864733,120.498729224969
-85.7527279006947,-36.2576743062283
-85.7173136012549,-119.251411446262
-85.3467514557536,-11.8463715461758
-85.2844302810593,118.739135018646
-85.2494739374264,-117.593827507665
-85.1161167301679,100.618393022461
-85.0520926339164,60.9718872084118
-84.90990492895,-115.149248047417
-84.7195364358638,116.041361840901
-84.4608701263555,-69.9633232821468
-84.4234171579034,-101.728039765934
-84.4156633690081,-60.683681988522
-84.2326673155309,107.36577870214
-84.1602536558046,-51.6574082939037
-84.0614221879622,112.339414726226
-83.9629206785293,121.110907416847
-83.8948156511172,33.8318432809528
-83.7820457458391,-119.74536824349
-83.3890471933924,91.7139002916304
-83.2529581077079,119.348326447265
-83.2395444698697,53.6163751343995
-83.1305060293312,-107.853098101187
-83.0519044677027,-118.013689592663
-82.9499947906295,-28.7217748435277
-82.9313918017204,-92.991912656734
-82.6403960946599,11.131368635059
-82.5858290706691,-112.512591687724
-82.2829608086692,76.093004270017
-82.2057170368138,117.099507493964
-82.0590755442116,121.714700621033
-81.8376515508223,-120.202087176936
-81.689927066043,-115.948083049763
-81.2290915273646,120.240493263834
-81.1736384869731,3.17337457907422
-81.0463173749031,20.1211902408427
-80.9940259180022,-20.1857404143634
-80.991627055449,45.4670454709707
-80.9909144270825,-84.385443255602
-80.7340200348347,114.317379719895
-80.5999978535316,-43.1443315857922
-80.4166033180779,-118.267033823862
-80.1525354760916,122.310352318686
-80.0351020380837,-5.25772995226781
-79.9458363187674,-75.8125805711263
-79.8848046951139,-120.621198472921
-79.881464014923,84.9895232363909
-79.7540108615672,118.441807263622
-79.4494223088052,67.4091865963441
-79.228766122941,110.538722924821
-78.994012599203,-114.365148233439
-78.9132640598902,28.7309666543022
-78.8139312377927,121.012708953413
-78.7888524905575,-65.7349016218394
-78.7797410048713,104.87361125811
-78.6364307782043,-110.301498971039
-78.4787372264949,-104.317860729308
-78.3289307790561,-119.162589277882
-78.2435415205698,122.898045894264
-78.166955758501,97.7965670339708
-78.0232130698594,-13.5375297269875
-77.951107251866,37.9478797756518
-77.9241929254668,-121.002339458611
-77.8810123257823,115.950196354281
-77.8578887183558,-57.033197035305
-77.7907585482334,-35.0076970399112
-77.5009416828724,-116.833668907586
-77.4350521582245,59.737063862161
-77.2827999929233,-96.9799250769814
-76.9420901812394,119.530774675482
-76.3322086767406,123.478007732696
-76.1557457072359,121.661212432665
-75.9856451707468,79.4585265924802
-75.965817876818,-119.381731223407
-75.956514031088,-121.345155644637
-75.9446070664558,-49.2570977919897
-75.7115244646482,-89.4218845545582
-75.6125710638678,15.0180345388755
-75.6067163656694,52.3173027801814
-75.3582664323689,91.9221625219944
-75.3426358479077,-26.7049106910805
-75.0575618012714,-113.569663195893
-74.9645592598037,113.159876063752
-74.7521708373697,117.640940416709
-74.5399381925046,-80.9692963704933
-74.4584747599177,72.5668702947681
-74.4184793854919,124.049032778472
-74.2680977680755,-117.14856012498
-74.2449782426263,-71.806381706977
-74.0021180489794,122.533327114914
-73.9829339092038,-121.653286031044
-73.9694085066213,-108.273766627718
-73.9249190374937,8.03068817763842
-73.8476498521443,23.60591972976
-73.8330792960796,45.1791385939096
-73.7743861986539,-0.331806526422526
-73.6722342311372,-119.986288862141
-73.4918890615498,120.271994303484
-73.3807780923643,107.912564278163
-72.7248043435175,-41.4218821606348
-72.6658630610805,-9.08717210232076
-72.495118202917,124.587428430715
-72.1583725377958,-62.9877064174483
-72.1182059665943,-19.0517342544317
-72.1151829793357,32.2455827580714
-72.0059796155572,-121.937957840488
-71.7448920670916,65.0285732503344
-71.7383909056391,122.714038544834
-71.7201922313135,86.1141757319292
-71.6001540277349,-119.176239967964
-71.4959910260184,116.556895308125
-71.4314365878698,-102.115168812762
-71.2405482328556,-115.797778915183
-71.2334975440024,100.332817289845
-70.85358293193,-111.847648736261
-70.5605618782365,125.084055891424
-70.472503841178,119.967071389818
-70.134779551573,-55.0079631946208
-70.0258832590993,-122.199816711168
-69.8660118993593,-33.7453486498034
-69.7055393240187,-94.5825697190417
-69.6867043820368,-120.459704812292
-69.6849088865173,123.172738824463
-69.5767973980546,39.9942786866913
-69.4923291031699,57.2888075271699
-69.4604560078017,112.564998025525
-68.8893834469449,18.0365839601819
-68.8888168894568,-86.3752051986862
-68.7006704606528,79.2045397824929
-68.6452746103601,-117.603158010575
-68.6156819758234,125.538525662802
-68.5545229464689,-77.6442904932144
-68.0429078206217,-122.438761604596
-67.9397282697211,93.6457774581669
-67.6993632273087,120.924136590127
-67.6306857097752,-47.3824004905613
-67.5826783785604,123.781399663387
-67.5366720160247,49.3174003005519
-67.4904214014164,-107.514254333396
-67.4098324534179,-26.7784245592178
-67.3109834840224,-69.2616951841517
-67.2201348445937,-120.366216749336
-67.1778924426004,117.053313612229
-66.9851949801377,-113.515024735585
-66.9391427845733,71.739366610876
-66.8845080424695,4.07492813903582
-66.786268079394,-4.57033022831198
-66.6613641722734,125.950460869226
-66.5948569758675,26.29171800395
-66.5927855688446,106.878438847633
-66.1181891399875,-13.4046052196316
-66.0573202540262,-122.654695328385
-65.5521555552795,-117.499715059898
-65.5343971873639,123.848207145085
-65.4958932581346,11.9722756470678
-64.9600751363382,121.047075737546
-64.8367942326533,-120.637302938389
-64.7146703930202,-61.2780229730554
-64.6984558148382,126.319506984008
-64.4615102431734,-39.5870190877565
-64.4529675203519,86.6814273425382
-64.3192314889537,34.286212771198
-64.312060173971,64.0996514267072
-64.069391409039,-122.847524725601
-63.9596610403668,-100.26786504624
-63.7222942863104,-21.1657381165323
-63.5900399079911,112.650717700833
-63.5747743904209,124.547221106546
-63.155049719547,117.863852475064
-63.0874660139836,99.6927261490609
-63.0498083003699,-113.900065214917
-62.8638445309797,-91.7706018076367
-62.7278823735643,126.645308423357
-62.6067292125657,-118.313229786124
-62.5590738475304,-108.779666222861
-62.5398364119666,42.5684883802226
-62.4043377972792,-120.974138676866
-62.3800032876336,122.185540480789
-62.3575201848125,-83.3126641711676
-62.1683225792061,-53.8462265102139
-62.0793959436443,-123.017160864735
-61.9402066170623,56.5585817890563
-61.8000808071357,78.5812258098636
-61.7953483684504,-75.3035142838417
-61.4897782135288,20.1548019764997
-61.3444467214617,125.106530045551
-61.0265898257163,-31.8298486191848
-60.7506083856622,126.927521410197
-60.3713443391243,-0.524697060005096
-60.2303956130038,-121.360415953258
-60.0876122259104,-123.163519229796
-59.9430144483758,-115.781651582598
-59.9286756679134,49.8717765392021
-59.7435319381029,-67.5879808808905
-59.6353749172493,120.447925972774
-59.6239236055183,123.655221887158
-59.6095890353528,-8.76653776325252
-59.5654195784968,-46.4172987823775
-59.5411159543165,93.2655764965892
-59.4857918368325,70.620598068126
-59.3540166913508,-119.022821851451
-59.1034000660019,7.80994610315813
-59.0868131910904,28.6601377164505
-58.961272545525,105.632065731335
-58.9007347430488,116.627919637324
-58.7675772718867,127.165823805087
-58.6115248124455,125.585403951426
-58.0939356947485,-123.286541484564
-57.8819762048957,-121.532751598399
-57.8669623308328,-16.5851382213013
-57.7845919052388,-111.471580098741
-57.7645998045341,111.811606065299
-57.6882733550451,-104.382466401664
-57.3552200965107,85.2709505793726
-56.9232646190461,122.686378849363
-56.9179120621467,-96.5807055036715
-56.8841646248518,37.113719164413
-56.7797471243276,127.359908522516
-56.7188645647656,-60.5636485023522
-56.7056411464407,62.4406658289798
-56.3717028905528,14.6987369221917
-56.3641774999408,-39.0269728470132
-56.3596862452736,125.32860965902
-56.2984470090977,-25.0106809082103
-56.2829756304497,-116.015209190821
-56.2535223101124,-119.302584749799
-56.0989871135631,-123.386124074018
-56.0419438328055,-88.2336662722615
-55.4718872136339,-121.615446623653
-55.2527622425459,119.296651893888
-55.1383025937387,-80.3954444687612
-54.7880907793188,127.509484090125
-54.5740531590033,77.4851033727708
-54.4894964788184,45.2834824390549
-54.3584878795289,-73.5404109734234
-54.252470878938,99.8477113003134
-54.2203697394396,125.507328576303
-54.2114103803196,-53.397662497333
-54.1030783325589,-123.462194286066
-53.9627401399712,23.104376463084
-53.8849220799486,122.754196879846
-53.5466639507129,3.22538004102905
-53.4785508587662,54.4185837900761
-53.420958316261,-121.317348634479
-53.2674182646414,-118.245294102481
-53.1897774694339,114.982793006355
-52.8585874798879,-4.29630259013756
-52.7935958755836,127.614275232823
-52.7719949982867,-108.054335122577
-52.7567985875816,-113.653185302584
-52.308422648228,-32.2237727132891
-52.176773670674,69.5427724925997
-52.1065045967541,-123.514686059748
-52.1014186339015,91.4483878177035
-52.0321015958149,125.746516053045
-51.5768379761581,31.2967673729242
-51.5586611726374,-46.191937695918
-51.4201136572434,-67.3265118984325
-51.4168036768299,-11.7017480258536
-51.3285541132604,-120.967799524216
-51.2915759670226,108.232358199548
-51.1762780817438,123.262919860107
-50.8404869820462,119.567272310606
-50.7972233250245,127.684190813909
-50.2962873348254,-117.542376423456
-50.1285645543096,-92.605835568199
-50.1237105750418,-100.460540638631
-50.1095496837618,-123.542311179157
-50.078203966195,-19.2549969345315
-49.8022663984816,84.4109702880871
-49.746451181959,9.53736156253788
-49.5692098971054,125.738845051953
-49.5198672388422,-122.026327479822
-49.2724116502303,62.1758051401948
-49.2489167833547,39.4812784695874
-48.9706799333096,-83.7842212284607
-48.8010829841723,127.758799382953
-48.7299548054298,-60.4547581203615
-48.6754230330448,17.8031387119904
-48.5124151329096,-119.814030717231
-48.2561469908911,122.88014702289
-48.2334746706378,-114.396210706671
-48.1158221339609,114.846163607833
-48.112233274576,-123.543414174065
-48.0289686975332,-39.107581339331
-47.877081340635,-109.559474713887
-47.4875031528454,47.8871971803435
-47.3554632808065,-26.4286910745818
-47.288679143346,76.3382761099475
-47.2171775628563,96.2071763037572
-47.1907717074264,125.77489728042
-47.1335260303023,-75.5691474687116
-47.0556293197383,-121.798710968654
-46.8055071047399,127.843069344922
-46.4156903890997,119.589837073571
-46.3099816059714,1.36015441953156
-46.272108114166,-53.3910419509272
-46.2596923372368,-118.293006802057
-46.1253116638645,103.09942303347
-46.1149395875836,-123.517872247148
-46.0575692731442,25.6027199980505
-45.651306669173,55.1987398264186
-45.2368719058653,-120.975687728983
-45.1855072805776,123.502234375028
-44.8655473105196,-6.39016752915724
-44.8106288538796,127.938105639316
-44.7605236522455,126.270933173289
-44.5522299413578,-104.682581301856
-44.3138996580174,69.5960516958474
-44.1659823052768,-115.776704512547
-44.1182975865241,-123.465582032609
-43.96406264931,33.6891223543104
-43.9042461665716,-67.9782737018633
-43.7192181266762,110.696033621213
-43.6955304953107,-88.8713145937688
-43.5706987637827,-46.2715531412917
-43.3459473225502,-121.82526155898
-43.1695946383284,-13.740839219923
-43.1208768750351,-112.019216658881
-43.0758537330315,-32.6838389605733
-42.8958892412346,82.5757988704061
-42.8774686692282,90.0916739260389
-42.8164626425887,128.045015190677
-42.7499110982213,-96.0442052004842
-42.7298645242571,-119.258421422247
-42.661370451063,13.2196498607701
-42.603400912991,125.254006310637
-42.5971074677734,121.430884693141
-42.5484628711391,116.586131001133
-42.1226895980409,-123.38644763796
-41.9015047660415,-20.9626277567711
-41.7902570992153,42.0147533459102
-41.5634865803289,62.3511696112651
-41.3104033104112,-81.1865389315046
-41.1115865916566,-121.424999925767
-40.9923368974,6.49616800327851
-40.8691068710429,-60.3715488970332
-40.8224385772855,128.164930116437
-40.6546625364161,-117.134033082829
-40.5500037701089,126.413256688782
-40.2618118248789,20.099305466676
-40.1282179062204,-123.280361939368
-39.9150273343796,123.50222496334
-39.7110287548664,-39.4126359352046
-39.5041544296774,97.6174826381312
-39.3675315346991,-120.61227658774
-39.3293746569075,-108.822648416877
-39.2762031893847,49.5129390781868
-38.8296104486196,128.298861751337
-38.7998601637823,119.265481619423
-38.7750111735846,76.4325029575943
-38.6350658135533,-74.1730955450226
-38.4984234647021,-114.242851270693
-38.4122892110089,-1.60923107929886
-38.3002320448359,105.124772906576
-38.2863675755284,28.064784966637
-38.2378398809228,-52.788131187599
-38.1351996020924,-123.147223777861
-38.0919455870244,126.165151267506
-38.0161734230499,-101.254551708592
-37.8530356179108,-26.8731608850259
-37.6392441442697,56.1359071319712
-37.5057473551016,-118.414099181637
-37.2072033834157,113.336023278042
-36.9871201123316,-121.236967835072
-36.8381366893494,128.447826588216
-36.8075027442789,-87.9603668123108
-36.7831957956384,123.161659282012
-36.612274292844,68.1315814142367
-36.5921025793141,36.3858058893496
-36.3620361377626,-9.02839447389085
-36.1443720906422,-122.986970307668
-35.9769518637416,84.9907651527974
-35.8479830110887,-66.7804219710551
-35.6357509001543,126.288046490552
-35.3465136531706,-45.2407094463406
-35.0371900857856,-17.5387983572865
-34.847491706513,128.612847447278
-34.8392800463966,-117.068084075157
-34.7570432514469,-120.434308847701
-34.7281217807157,12.9934540224547
-34.7113953655237,119.254660419577
-34.487421082176,-112.870153190864
-34.2813107748548,-94.4616122641749
-34.1560812906762,-122.799523702667
-34.0667987075067,92.3315103475427
-34.0170384014271,-107.851311252442
-33.9625787343546,-34.676387961856
-33.7545198707938,44.839965629911
-33.5887789175091,123.578064229701
-33.5539839907091,4.36956720322621
-33.1698891681376,126.588087483496
-33.1388818144178,-80.6893567899125
-32.9787201565054,21.635607114425
-32.8584661168432,128.794778145662
-32.7665889785893,-58.718183247691
-32.6662114876062,61.3614805803548
-32.3827824587466,-120.915314023734
-32.1701251269968,-122.584746088371
-32.0540037572137,-118.396266805219
-31.9380746371296,73.5511726386224
-31.4956933467353,115.206152312832
-31.4698002987988,99.986344116948
-31.2152136345887,107.595645592027
-31.1262738691585,-114.758962911103
-30.9344737214311,30.322942265654
-30.8713984444198,128.994417929803
-30.8449029812316,-101.973331159663
-30.8386803780714,127.261064023675
-30.5611057117896,120.877449146583
-30.5109373220661,-26.9480760138159
-30.4561401118989,53.1690986706664
-30.448793422018,-73.4386420854448
-30.3992865600263,124.625717430397
-30.3167369143368,80.358710601273
-30.1875419235588,-122.342631919633
-30.0889310556028,-50.8505699053764
-29.8562208508944,-120.379538561307
-29.7703386448894,-2.70517233070782
-29.422609545228,38.4560669322958
-29.2654570734115,-109.650255003351
-28.9996751332001,-87.525154613655
-28.8845332345752,129.198760799924
-28.8844818212874,-117.754047083689
-28.8230156077298,-11.134087275107
-28.731016333986,-41.7725165476494
-28.4384370597507,-65.1002053291894
-28.3779087400298,126.909244288921
-28.2072369399888,-122.083665472638
-27.7652763576512,67.1251193950324
-27.7389223965083,-19.603024744551
-27.705586690927,7.99379577394856
-27.5777683936235,87.6207147225009
-27.3593392945052,-114.22310630374
-27.2516047503313,-120.049141012786
-27.2426268767305,16.1495304543481
-27.0231808693778,123.495407896739
-26.8940821130539,129.363833117559
-26.7880155379593,118.475213107126
-26.589006358678,-95.5595810306531
-26.2387110324566,46.9188372538715
-26.2269598345765,-121.820684463046
-26.1365043904897,127.002168645755
-25.8662044931857,24.6266874282696
-25.7555750958779,-34.4248832144566
-25.7296015557027,111.878007562157
-25.7146690635092,-117.55119938303
-25.4998589454215,95.0362430966871
-24.9289234538791,-104.021487243143
-24.9005524852205,129.48614747799
-24.8098014490696,-80.3560676748767
-24.7224993858532,59.8617826588783
-24.6530076808621,-56.7410407260886
-24.6481717941449,-119.820621965179
-24.4132566148196,-110.170989083994
-24.2476779994309,-121.554518011559
-24.2158970296267,74.1692605651796
-23.8526257713447,127.71763803584
-23.6973920393114,125.027350061516
-23.5623211800671,-114.646326910127
-23.4349959121297,103.101777291453
-23.1446448461046,-71.6463875322351
-23.1225712147203,121.509627816479
-23.1133721518388,32.9552224295457
-23.0666712195046,-47.7604031226459
-22.9048099634221,129.565543683861
-22.6520749589765,-27.3954165218462
-22.4940962292647,-117.516675172123
-22.4768738318175,2.29800722083399
-22.4204738198226,40.5756804634289
-22.2684026113512,-121.285727778008
-22.246624044823,-119.671930447476
-22.0422576987943,81.4411656321739
-21.9991481392962,-5.6350953637467
-21.9450465604897,-89.625976817265
-21.4782373565883,116.629655351941
-21.4503232184389,127.415011040656
-21.4209213751945,53.299419048405
-21.2838164458164,-64.1143503054586
-21.2386479678643,-13.6237649945469
-20.9078852359814,129.601870382569
-20.6704272478192,11.129843360332
-20.323523227856,-112.280592108472
-20.2895422067021,-121.015076219075
-20.172667499958,124.554045578773
-20.0845102896668,-20.791928101777
-20.0759328452034,-40.4163094978233
-19.9477676616963,19.496793941234
-19.8624699673954,-106.452015169716
-19.8267838626086,-116.181943139683
-19.7786546789503,-119.0085582193
-19.6982848317147,66.9206522032319
-19.3257509515821,88.9499205420549
-19.3163427457205,-98.064476317498
-18.9539766537595,109.742435005585
-18.910574892822,129.594996626922
-18.8780175049563,127.31988809308
-18.5584842550992,27.4637496121145
-18.4744410656154,121.050122904585
-18.3108382036567,-120.743245289971
-17.6975376619443,-84.1574502696536
-17.6496185509261,-75.6675763864315
-17.6257244281459,46.3383310715289
-17.5311092209972,96.5079414325219
-17.3759531420594,-118.236321919476
-17.3600459979128,-52.4070447332317
-16.995574732362,-33.0850801824884
-16.9733640938051,-114.849343189776
-16.913913540363,129.54480291664
-16.6538956704029,74.312125288826
-16.5591711826858,127.576648763244
-16.4522609806084,-110.459647309852
-16.4187646736253,124.690736538393
-16.3321520892075,-120.470938653975
-16.198963140447,-59.0049153920396
-16.1765188462344,60.0289962065068
-15.8225422035066,116.334010036332
-15.6590109350716,37.7789161738485
-15.0420471707441,-118.649155227587
-14.9188473160631,129.451187594496
-14.9153131722284,6.29740305052521
-14.6859300474661,-104.538921633672
-14.6360710536186,-67.7851769920485
-14.5316358912415,-1.37102681987602
-14.4825190468168,-116.488384100646
-14.4684983166866,-9.58015242259334
-14.4078856915522,-92.0740339102761
-14.3534652377715,-120.198877387219
-14.2813469845416,103.613443411908
-14.1623521969931,127.208537330081
-14.1582453564177,82.1704506860515
-14.0847769607138,-45.8911965204896
-13.9725354892284,121.325263446933
-13.8550236554723,-25.6880343276721
-13.6149914448235,15.3765080326771
-13.3889727966092,-113.321360122828
-12.9628436008603,-17.6477753914506
-12.9262271989261,129.314056118599
-12.9142337072433,52.6784797045233
-12.6195342805717,124.80616575525
-12.4972291461934,31.1187363378291
-12.3850243977736,-118.090421418396
-12.3746919015799,-119.927768925368
-12.0310582883104,22.9038467781459
-11.764980147252,-79.8095120745591
-11.7133788471444,-109.382478985203
-11.5060447639672,111.448144927577
-11.4635508673032,127.3244279569
-11.3212957793838,-38.6850226625833
-11.2190758716327,-115.514568970255
-11.1906371592049,67.1281290766012
-11.0946660007691,89.8900012589819
-10.9644339540397,-99.04583805933
-10.9371718095561,129.133346949157
-10.3955326812279,-119.658281467512
-10.3650710296226,117.919494314633
-10.2392102815676,44.3686535190887
-9.81561598823221,-117.919483251874
-9.80671939660324,-60.8351958929482
-9.77280612631236,122.726062837942
-9.33781925329816,97.3914543756208
-9.320669670155,74.9207538906199
-9.27703538368705,-86.5110595060415
-9.26855945711343,-72.9898969917321
-9.2163372225081,126.195482646936
-9.10940442402056,-112.489211638062
-8.95399178437189,-52.8964223590824
-8.95201754687877,128.910892468945
-8.62218239622763,11.0422172125648
-8.41348171470937,-119.414356803788
-8.38120793087837,-31.0706538216834
-8.37772862734667,-116.017327601885
-8.24977345364007,-105.718638658053
-7.95555529265743,59.3038469430737
-7.46396604057571,-5.51623511759144
-7.3479868061413,36.7215358745238
-6.96652005161829,128.69465297278
-6.88975366096917,3.34012158025339
-6.72191100694744,-13.3443101019704
-6.62363748711801,126.798841216901
-6.6229887109011,-117.621585890709
-6.42369122615423,-119.239155544482
-6.38473481238513,124.120976354971
-6.31990843322695,82.7551564710295
-6.22334688497338,120.206511434528
-5.94707796770358,-114.580277834254
-5.89176526452608,-92.9035429290955
-5.87168603159029,-45.2941202949952
-5.85610162691253,105.976348164577
-5.83790540770468,-22.7140579174745
-5.80776775246066,-110.533961338263
-5.59831311697001,114.273801512328
-5.55745940545284,28.008519089257
-5.5203173021255,-66.3749498893051
-5.20334551386766,50.8746385047155
-5.17525803631506,19.3015208206425
-4.97820947614959,128.50620021351
-4.4292635540789,-119.136876740459
-4.29191839838483,-79.8504334399667
-4.24882976757927,-117.020323972573
-3.91575981022852,126.208173517388
-3.42021596606139,-99.8471629332517
-3.15274919931236,-37.6561204094531
-3.03109738905384,-113.878118989884
-2.98725805827156,128.346621660856
-2.92202997893232,123.118363773225
-2.8252065659964,-106.229551827044
-2.78555032282279,65.8043823446924
-2.5498383319567,90.7079375549821
-2.49565130912613,98.5608360833302
-2.43233697896481,-119.109750322558
-2.3853679477621,-58.6021639595949
-2.3712623368643,74.5448952938353
-2.28312161238677,42.7860482142048
-2.14649545455447,118.791271897933
-2.03768766194473,-117.012923467032
-2.02939748740846,11.4284515478718
-1.21466135897089,-110.577044746128
-1.1407124201511,-72.5516775799591
-1.12119239744635,-1.99218326605505
-1.12011640764311,125.92069112577
-0.994296654639449,128.216835278158
-0.854934588977986,-86.7924213231873
-0.545676554621025,-29.8069994629835
-0.435832374817803,-119.15878136561
-0.403499751021589,-16.7431609029351
-0.323532458537228,-51.3785686397567
-0.220777517380189,57.0817340152056
-0.0909118328997878,-114.736565004729
-0.073082188195012,34.3305754874031
0.193871111172533,112.633416145425
0.23225246917641,-117.359759975195
0.687325180057089,122.901672386653
1.00055712951554,128.117493658249
1.0954526992391,83.2712535261665
1.17208328419955,-9.03920296777698
1.36956294781812,25.8915616680943
1.55740199686242,-119.283615663133
1.6141838474316,125.905293784269
1.83654556380311,118.694847668057
2.02293911572394,4.80004903282537
2.21098238957491,104.635739904693
2.21611695447957,-113.112671117044
2.25827696092591,-94.0030086372137
2.3385497518134,-117.091308652532
2.40776554973466,-102.744240818087
2.44616636477892,-44.0468022532606
2.60294250963843,-65.0400975341465
2.67688366265753,-108.817026398422
2.72110558827299,48.698771626495
2.80951995691593,18.4044089122844
2.996625063222,128.049036661383
3.19032006093487,-79.1998376291583
3.28224707337444,-23.1041089962025
3.54471437095496,-119.482579845908
4.12846017901302,-115.339805353525
4.17130991664346,125.431676538324
4.51461673920584,121.925154916015
4.53905483576387,69.2431021537545
4.60304502181584,96.3768088210172
4.6718461615565,76.7567745264944
4.79237520864609,-117.869027899153
4.86553433448379,-36.5432283135181
4.99352891951168,128.011628876808
5.32431662836639,40.2636652495754
5.52324887661582,-119.75273391933
5.62121157468723,61.8153031359435
5.65496921861764,-57.6631631283472
5.66323552002184,116.540081318749
5.67095423349417,11.2326731392671
6.06964184284962,-112.098584816033
6.4700421905811,89.1995783490109
6.55238824259328,-71.7521732937363
6.66215954026037,126.201926722032
6.69911138119403,-1.37056975837062
6.7560269777427,-85.8515713404176
6.94566336117845,-115.595619974478
6.99086987298427,128.005178019145
7.03396830505219,-106.392732038748
7.0638307624108,110.543010517627
7.16428935642634,-118.102380952902
7.29929876265901,31.7561408065572
7.40415247270318,123.735640144984
7.4059257541386,-15.6437845916887
7.49209636696798,-120.090376384427
8.01430261723858,53.9749087524043
8.04234954058253,-29.4253673154803
8.0934075136092,-50.4183298522031
8.56518245564738,120.111775302695
8.72166245274192,-99.1938009471669
8.9878677877716,128.029329255015
9.18523750007003,23.6814843417896
9.34112029114729,-118.277483569995
9.3874792169484,-8.57315246515656
9.42731583950203,125.984490147756
9.42779867827849,-115.279366129459
9.44962792844062,-120.486425796094
9.49554992832533,-110.667724910079
9.52696644782966,-91.8579915001712
9.8753329186578,82.0371683334964
10.1005564519549,102.459808803995
10.6495322776064,-43.0968469500555
10.6578322056202,45.8074350835705
10.8357151003564,-64.0218523229383
10.8635809857794,-78.8374881725021
10.9650914883269,123.235232789652
10.9845791906641,128.083323424202
11.1041153428519,15.7689091915143
11.2735343190592,6.50344051873526
11.4073893496797,-120.882657954072
11.4088097909565,115.346898417197
11.5296401708386,-119.396111187669
11.8213359987555,-22.2664835688627
11.8808064322078,73.8735478046599
12.0653453841995,-117.297992589771
12.0971449422092,125.956777283666
12.1035031094007,-113.54034858283
12.4471358514363,-105.570959663775
12.5953557928993,66.2429971581182
12.8059530221672,95.0133870493024
12.8949993616227,37.346165475734
12.9809403068128,128.142316864849
13.0934122598485,-36.0342105259577
13.0935319345899,119.768393477367
13.3682336682691,-121.261833633528
13.7365714508866,-70.8288173697914
13.870823915566,-56.6587545216774
13.9188215536951,-119.55089827517
14.0651761323286,58.6629069983364
14.2346347811715,-0.769304300080391
14.3993499482885,108.977795460857
14.4716313992502,-115.738679603442
14.5209437480598,123.611776221865
14.5761636375064,126.271006637685
14.6643259341625,-110.580550718059
14.9777669005917,128.188833490839
15.0746432173626,29.161508299688
15.159636589783,87.1537194381564
15.2872537295039,-85.6991160067922
15.3326263008136,-121.623888907235
15.6483973817621,-118.025452955834
15.9345380775605,-15.433141139107
15.9367865532713,-93.9840995288362
16.2492470275646,50.8934794984757
16.3353754676818,-29.0709077397906
16.4033088403845,-49.1078050165425
16.5610536143305,-7.87958963187493
16.6292225155069,-120.11707679061
16.9067179526351,120.285318045171
16.9409021575769,-100.705378161888
16.955527275413,20.9823425827533
16.9726124679281,126.267657110476
16.9747584016202,128.222750944816
17.1118818259818,-114.030674706496
17.2997952565582,-121.968533803496
17.3219921274518,115.32297053846
17.7453947133619,79.1103887124561
17.8927744038713,12.4206551346339
17.98672684701,123.718133088393
18.1591587499899,-77.8438592790965
18.3391265611661,-117.387425614073
18.4393042517165,42.6446459532369
18.5061722002632,101.473568071103
18.5842241687178,-107.752399162053
18.933210272375,-120.255672753616
18.9719490194125,128.243950478551
19.1757512914405,-41.8879629961734
19.2072884286123,-62.8975216132229
19.2704095133246,-122.295741319255
19.4925573619324,70.9318253300513
19.6613845562254,126.230809089539
19.7409112257852,4.98995590571074
20.348869929414,-23.0387291560088
20.3751800293873,92.588831477657
20.4118972094138,-70.2652875798297
20.4167380965126,-112.251361430525
20.6519393412635,62.9367339317734
20.6772556864062,120.156615138181
20.7775042862532,34.5660419701536
20.9693212011611,128.252306433871
21.2324444941809,-118.924239899426
21.2433162245555,-122.605184596293
21.3115900222301,-115.925683542053
21.3236430720864,123.601897456231
21.4199277996821,-35.0689478591996
21.436513980591,-121.072858871685
21.721069512102,109.198704592544
21.9083087641959,-54.8103171472937
22.1444874526511,-90.3404974072383
22.2962832646582,126.263929560261
22.4418740385342,55.1949149357083
22.4803048990244,-2.4990541615549
22.7661852372429,26.2822683546135
22.9076477125569,115.97245291728
22.9665243722124,128.247689956755
23.2193628773298,-122.896867401312
23.2354634611829,-82.8633804935449
23.3127793235615,84.4435156243038
23.4602567918328,-10.4996685949701
23.5104285922081,-105.047289944296
23.7505118944805,-121.287494444562
23.9751847878192,-97.1246607648078
24.0063659768436,-119.008167545053
24.241581848372,-17.7260350460042
24.2616717546336,17.8891254161142
24.3009593502289,47.283668554476
24.4011533834274,-111.226099742457
24.5002957136027,123.978957043429
24.5532047612051,-115.815749954626
24.794734506394,120.553624449717
24.8409346446667,126.486128257311
24.8839624149876,-46.8711109943533
24.9638834094636,128.229968176812
25.1977654664269,-123.170546000763
25.2392795645352,97.8877455723896
25.4384563162547,-29.228526039985
25.521139152819,76.2599362888916
26.0369092472407,10.1630661193468
26.140436250776,-121.191955600586
26.2273248850927,-75.472006863698
26.6556793267675,39.5618639129879
26.9608592694811,128.199011396146
26.975861203321,67.6645388120647
27.0061088764142,-67.8015149570559
27.1648176407856,-118.557343195723
27.1785930951104,-123.426113812068
27.1976532176352,126.084838504767
27.2678771276702,-60.4755096376489
27.65448356039,113.346908073134
27.8241067785243,123.117876420591
27.9067964979621,104.727045554142
28.0063941904772,2.54520602942902
28.0533989812432,-38.9251234379783
28.1525484485921,-114.524217113812
28.2780784165826,-121.803232698501
28.2908743524431,90.1008511924423
28.4730222642493,118.651008019058
28.5192226351365,31.483011836963
28.6818705478964,59.462787533345
28.9022162574477,-88.025609791216
28.9576720600493,128.154680881244
29.0164881275948,-108.861784205288
29.1620153652794,-123.663613692504
29.7081013927727,125.678352839138
29.7342571584908,-120.087939058457
29.9606154209858,-6.00014905599211
29.9899021999836,-52.9224688865495
30.1103068543422,-101.618356945346
30.1839821427603,-23.1257818338134
30.3104537078985,23.1694144626569
30.4932704082097,51.3415183287906
30.7964519938765,-117.361100959939
30.8726958442994,-14.1993433969002
30.9543023134628,128.09683616858
30.9651032905785,-122.138157944895
31.1368103360433,122.122904826114
31.1452743631787,-123.896444788886
31.3243536636416,-80.6068911160304
31.3678832160171,81.830650096629
31.3923955104916,-94.2197517926992
31.9273122693966,125.877137950879
32.291604681955,15.3257780478872
32.4195581249164,-113.144680563382
32.6605863506825,97.6487657713901
32.6673738326954,-31.9037905300255
32.6988178528245,72.9058466190806
32.7803932442764,111.075502286045
32.827739676162,43.7136018476319
32.9500665778769,128.020699464806
32.9987354092816,-120.040122201601
33.0464754861471,117.43805924837
33.0946077080421,-45.6285944551899
33.1284739602364,-124.133038761218
33.3504122550779,-122.396312934632
33.667464071625,123.903627303941
33.9069348354131,-66.1411575658096
34.1688388579552,7.74020481859097
34.2578125893306,-73.1376244247458
34.5413076111907,64.4278176416529
34.5691587911811,126.323777043272
34.6086550334143,-116.945704362098
34.7669786314153,35.9417857335066
34.9445260029301,127.913641115653
34.9610353641722,-107.63023284045
35.111741733185,-124.37239083355
35.1513771836233,-0.577290938933098
35.2942898467376,-58.8604053349513
35.3380650826328,121.394851391115
35.4530768098715,90.1303592275088
35.4811343951599,-122.642939720273
36.0780299628961,-86.6508643365584
36.080985054975,-120.296542641336
36.2443305398409,28.0692037776516
36.4160350584478,56.112977828789
36.5468017241998,104.397564721084
36.5551237267815,125.008587687108
36.7463810528708,-38.9154206136614
36.9370801280951,127.775084352983
36.9999890360206,-18.1010816348131
37.0943331267367,-124.613418817267
37.1087745523683,-100.076095172995
37.3152284441179,-9.51760060138842
37.352563358711,-112.785890850472
37.772678586458,113.324234248453
37.803905248368,-122.844352966943
38.0017044613914,-25.9763867916609
38.141442607422,118.508520209855
38.3211485823983,-117.35554163653
38.3563877668039,-52.0786421987956
38.4180247071577,20.2275978991808
38.7032465884983,83.9449193891374
38.7467937206567,125.778002039437
38.7892740289152,48.2213393430609
38.794414266353,122.719389136835
38.8466529515423,76.6807756162424
38.9270606007622,127.605182489286
39.0766904944869,-124.855217379515
39.1320037595256,-79.2169739905112
39.2787555935136,-120.672614806164
39.3261484494816,-92.9318705590726
40.284644921229,-123.072372880375
40.3235084039808,96.5573329351101
40.4740011139437,68.9690255462592
40.6406952727065,12.9153046546377
40.6935387248752,-65.4212758191613
40.9142429676116,127.404058571438
40.9967684427963,40.2686979444752
41.013930891626,125.561696018566
41.0592994125278,-125.096923898218
41.3322884348629,-107.131172418295
41.4328387129763,4.66843200384925
41.5021190404979,-32.7767284253658
41.72417647239,123.374130184551
41.7331052629085,-3.67181013841761
41.741680984634,-45.6142611524423
41.7700323115137,-113.70771425762
41.9784700158787,-118.235617937393
42.062137576851,120.13061567089
42.2658206153107,61.0079150766948
42.5556113137391,-123.526490501448
42.6014017921012,-121.127291909958
42.6445114354478,-72.308600068378
42.7031026694659,109.885006005938
42.8059992565426,32.3921301969396
42.8539291718456,115.992439168023
42.8980725220158,127.171867275432
43.0422002652413,-125.337659632228
43.4826851712484,-85.7258818074401
43.5492430302591,-58.6940321608962
43.747555096926,125.179222364166
43.9314033762893,89.715548397531
44.0564122576441,-13.3675531924493
44.1461153397519,-99.307694756324
44.2490859594228,24.9228476752373
44.3379830616399,-20.6335172545017
44.4384258243098,102.498751856137
44.4766565591985,53.1419319285103
44.7412902303139,122.42472078837
44.7512508054037,-123.496856352811
44.8778882053475,126.908789825677
45.0254295497263,-125.5765847836
45.5191792173489,-116.897316938888
45.5340106478319,-120.78624113928
45.5796216085827,-39.4540730104828
45.6993959372694,81.3126210096206
46.2673548271212,124.88265368099
46.3361769353963,-111.361886998453
46.4946459940968,119.140041689961
46.7154721258255,73.7721635134899
46.7210849322885,45.0385249552634
46.8397711835556,-52.3650806708155
46.8460061837475,-123.876286882174
46.853475374197,126.614956137268
46.9802164087661,-26.9514357871216
47.0089478943502,-125.812890899109
47.1236069398933,-78.7200738233786
47.2343298140231,-92.3066838885023
47.2685659192664,18.053246163273
47.684919598487,122.450792730862
47.7392565543599,114.626950952018
47.8569490102957,9.49702733482015
47.9881795165632,-6.59331207404999
48.1751662328806,-66.0250149448887
48.2983696122619,66.1625174719003
48.4637622036014,1.06145824515034
48.557192695983,-122.043278911238
48.7132644506364,-104.86648906775
48.8243656289757,126.29053052378
48.8342243817333,36.6570823005652
48.8431654399875,95.6080841177998
48.8556749311803,124.535920225808
48.8697261996237,-119.041013999846
48.9924123558412,-126.045775406569
49.2660392200251,-124.382627411137
49.3554678430506,109.441765951237
50.0544650130065,-114.849576335287
50.094630050376,121.301902355936
50.2173001432082,58.564533496457
50.3468151051344,-33.4033753593781
50.4486042412798,-46.2048177990494
50.7898038368283,125.93573835359
50.831940805996,118.036186071436
50.8599705087476,86.7148631574031
50.8846228307215,28.1784852274332
50.9764853410204,-126.274594585386
51.0731033280798,-85.4572376604706
51.1313813220982,123.810571124146
51.4831400587467,-124.503414344087
51.483871256623,-72.5816250402743
51.5106119318763,-121.959811284848
51.658838230609,-59.5666738792207
51.8608622866453,-12.3590429945614
52.0712431197885,-98.1807962991291
52.1273784453467,102.472122043417
52.1356934293715,-19.5503682993995
52.2555943062679,50.8212842460016
52.7495991780324,125.550715253507
52.7693930914351,-118.584121914428
52.9629532237324,-126.485856052513
53.0986783109114,-109.913982166289
53.1221149822312,121.297436648646
53.1452850306822,78.9163381864689
53.4279583314951,114.4557956679
53.5532903504564,123.667413948044
53.711628354992,-124.383617933697
54.120721818809,-40.0348316194271
54.2354831737719,42.9603466041099
54.4277039453014,13.4887582471709
54.5464509272132,71.5460984976272
54.6171729214712,4.49872328198718
54.6831667620412,-121.742271088564
54.7057439356358,125.147084257587
54.8470091656331,118.930391727864
54.9389014520527,20.8363473075461
54.9537680034773,-126.646420253068
55.1693576056201,-53.097356836485
55.1821688799028,92.0344500163553
55.2146074796039,-26.6232339421426
55.4433280093031,-78.8977935052539
55.4779898901189,-4.16728311095388
55.5023112464569,-91.8176454915864
55.5527798215691,-114.800333522009
55.579062947539,109.577429375736
55.7884690621993,122.565839249351
55.7988535917499,-125.029076987407
56.2052434656409,64.1907978950461
56.2408058721931,35.2219116876732
56.3708409688832,-66.5772412843737
56.6607539268383,124.738165523696
56.9013210736781,-123.147305645047
56.9481091947234,-126.754707532257
57.0432180027841,-103.315350516501
57.0825076440314,-118.866601140282
57.6369279101975,116.207546399125
57.7831427713861,120.17966275112
57.9253207738221,98.2519816458688
58.0497137649129,56.7421377176789
58.2166110188254,122.700794795174
58.4602309456827,-12.6609145596222
58.4685602285308,-125.085631000321
58.6144496478715,124.323712724514
58.6171009701479,84.3889095683975
58.6265994453424,-33.4364620171381
58.8357983380088,28.2816092000529
58.8957812775426,-85.2177290933981
58.9446012482612,-126.810756548941
59.0270742829344,-121.33047717606
59.0596662987148,-46.718564083597
59.8896347727305,-110.474921155096
59.8915167607578,-59.7756743308729
59.9010201770999,112.344582123559
59.9504565187118,49.2540629853489
60.2123701521635,9.36851420076738
60.2233683674168,105.150441736378
60.3207178113069,-123.553054726082
60.3841666441533,-73.5438934792153
60.4812509867909,121.945588360618
60.4959208516104,-20.5909440232557
60.5670331707133,123.903371332663
60.6071377724406,119.154017269803
60.6351892422605,-97.0147023401439
60.7239916921172,-115.935271299957
60.9276626265672,77.1676254168064
60.9418760130416,-126.814642733862
61.1490449838672,-125.389391397819
61.8445632104977,41.8283567270083
61.8907124858124,-119.742303887719
61.9015922175631,1.38165396951354
62.0234683181811,116.030029700655
62.0615193829069,-40.344914659619
62.384710743803,90.6590701616939
62.3925736491332,70.0433108612157
62.497750858757,21.8176155144934
62.5184163457704,123.476843542529
62.8272975876482,-122.754516395178
62.8447100592275,121.308574872213
62.9385737181652,-126.766477528869
63.081488081972,-6.26802957136675
63.5356480907846,-124.960674300539
63.6291661604548,-52.4430728635742
63.8115474510369,-27.7293417320729
63.9479672995243,-89.7529993827306
64.0076693082223,62.7614945234489
64.0540552201364,118.688491750366
64.1176963669173,15.1842118695485
64.1776232217219,110.110190529501
64.2467957094643,-80.4651128699248
64.2548178570232,34.6957543979744
64.3740555564498,-67.1122820057674
64.4683069423071,123.04387509464
64.5796330480053,-104.679071094828
64.9333438936641,-126.666407612685
65.2964172756565,97.3067560032225
65.3608764728364,120.914943488945
65.3889521948605,114.48731535808
65.4096409354904,-117.42796942441
65.422282047306,-121.440910866397
65.5721498891023,-112.508348888305
65.6439704965092,-14.6449209815467
65.7049580923396,-124.408483824202
65.8306196439728,55.4517699168756
66.4164467032798,122.604206243614
66.5431322525902,83.2462581353246
66.8610135793874,117.806698400305
66.9248462315807,-126.514614117328
66.9284808732646,103.917856409606
66.9685265232604,-35.2312052258297
67.3262051395377,27.9564778002994
67.5229158324863,-59.6478920011903
67.5864360625047,120.334518938544
67.588425506032,7.40298880530692
67.6017360131865,-97.5294234102934
67.6901137211027,48.1622559157013
67.8908455888017,-124.586893426389
68.0005739656012,-44.5267329875748
68.1719152526219,-122.130585280534
68.3630835564839,122.157463390517
68.7019478741843,76.1542305694305
68.8157818384356,-74.3520182401012
68.8325751300325,-118.939612045518
68.9117513890702,-126.311311839045
69.070056271969,110.095909441392
69.2307688512508,114.393857822992
69.2932950441296,-22.0163146428021
69.5164873666026,89.8778801489145
69.6770304648053,40.9490154308963
69.7232406488675,-0.441530869127536
69.7283105094565,117.796190488967
69.8822012688995,120.143945822818
70.065474327626,68.8192648270219
70.2026052039166,-124.345013145796
70.2104644796107,-84.3458145420803
70.2471586160632,-8.18438700276285
70.3081097092284,121.703353226746
70.526883160747,20.8413910692281
70.5681002657612,-115.373699004198
70.5828168920997,-109.550262881153
70.8927417354497,-126.056748447332
70.9671753487188,-51.9590493393864
71.0167237467105,-91.595381802434
71.1341417233844,-121.959229573214
71.7885916875507,61.47243932022
71.8793116623736,-66.4786147960501
72.0844285679136,-29.0855743243151
72.1592518259701,119.23221237294
72.2514126430657,121.241586580153
72.3376569725809,116.049155862129
72.3565052829741,-102.508330779806
72.549753266644,33.8681974761372
72.5635553410237,105.459933650441
72.5954311365776,-124.226985639981
72.6054639366441,13.9403233742972
72.6805874387887,-119.482464276838
72.7927229547352,97.1037589734193
72.8665120452792,-125.75120369537
73.1829316023054,111.809892048452
73.2883848561189,-15.6273780910006
73.6482014923643,54.1770113302699
73.7223129098871,-37.5904063983402
74.0801708693876,-122.753725897239
74.192875796645,120.771879322425
74.2521136907285,118.558358765466
74.5632621348962,82.2948542196037
74.7639659598015,-79.5869885759584
74.8317701397033,-125.394988634915
75.0920313049423,-58.8000196059138
75.1219990284793,115.426690550307
75.124908956094,-113.606025948412
75.151848466418,6.78637296311424
75.3880146405434,-117.605243950374
75.5268129510026,46.9503413057749
75.5398809297986,26.869287350425
75.9359016639746,-45.0567568894377
76.0952088701849,-120.860794987596
76.1054242928377,89.692480536248
76.1324209095401,120.294897079831
76.2328524932028,74.6020911341438
76.2728709930784,-123.508756561008
76.3806287681978,118.159324959227
76.5903191551643,-96.4107834423006
76.7436212795333,-71.9500565017888
76.7598370484367,108.467171078053
76.7874955458739,-124.990106451147
77.2226277911044,-108.696081171862
77.2328296811856,-0.116882650954362
77.2437418806108,-7.29867401525928
77.4434693054534,112.541691462666
77.5613964636639,39.7512369351236
77.7005640368169,-88.8549022803292
77.7989416122835,67.0690615135904
77.9117980379425,102.095326334145
78.0706418143478,119.813282543799
78.1013858506151,115.746975561415
78.2108974182697,-22.9083383932409
78.4191510727999,-122.743338257265
78.68233794384,-51.5677470216189
78.6885581297657,117.956380606928
78.7347521757313,-124.545758518049
78.7447677036691,20.0212277737269
78.8740776165305,-119.984895699222
79.1139203824059,-116.76590101587
79.1798049874219,-31.0567556535917
79.6858332998237,59.61641518399
79.8079874432407,-64.2844635017054
79.8591573717969,-14.8357164996832
80.0077012974429,119.32680950989
80.1605676479525,-103.012234790859
80.521611356306,-112.974322122939
80.6707171286445,-122.170373164752
80.6730053812065,-124.063649363324
80.7068103992549,114.504418018178
80.824996726375,117.189214387221
80.8408650088577,32.5313370575908
80.9089449355415,13.0496805223369
81.041636683911,-83.257364925134
81.085379209831,94.6087869299637
81.1787543758066,110.960024610784
81.3421924271153,-39.6170621355676
81.5346120445667,106.663643604026
81.6112112567865,52.3324977494458
81.9402069710196,-119.681912346799
81.9434719940802,118.835079012659
82.3141200722534,86.3645099124829
82.4418332979973,79.3180995881238
82.6015700416235,-123.544137666154
82.6283989449886,-76.3679243491811
82.8216384892933,-117.064980745729
82.9472506420813,116.509730890268
83.0523283201477,-121.683992502518
83.1488915757741,6.19049389035567
83.2011061502942,-56.4710493009505
83.4663710679222,45.1329026920725
83.6357163477414,113.603954998648
83.8778267224136,118.33770167364
83.9092467096769,-108.987866524213
83.9298894920379,-95.7485437088106
83.9791876222401,26.2345801949535
84.0124420673339,71.9257783437495
84.3420646504322,100.878435971234
84.4531329275968,-1.52538909684998
84.5197738426588,-122.987589399824
84.8288168792031,-47.0224491070839
84.8288726149234,-9.00386220437969
84.9051367813698,-114.018682129477
84.9488846037826,-69.3750153573471
84.9905628294249,-120.685755678304
85.1132294966308,116.169238135494
85.3118778968305,110.136174124277
85.3315986319062,37.9229097757685
85.4371265442378,-118.276692609258
85.6686396603763,64.399412388021
85.8106392796579,117.834298461533
85.8225190361677,-89.3871625792897
85.915654972563,-17.9438142248576
85.9267982297405,-33.2362477348904
86.3902851445236,-25.5772243691683
86.4118208825912,113.673113501674
86.4210640659562,105.984651885976
86.4269570899071,-122.394377519001
86.9278734812878,18.8339514947494
86.9533325083936,-102.616967387073
87.4174495519201,115.710688404208
87.4416740600678,-120.094196278512
87.7150143769434,-61.9563659085148
87.7417851755518,117.3245012914
87.7517357630096,56.8110902683042
87.7732929824089,-116.8092024597
88.0546185722909,91.8187689677208
88.3224725226386,-121.764881662659
88.4219852038647,-113.039322052588
88.468567823673,112.073457099835
88.4947963230576,-82.0784063800863
88.9977087101039,-108.422622904968
89.3671229961132,-39.7060626071392
89.4177853831377,12.3236686094488
89.4854612261461,114.987059800121
89.4858213795249,84.1653176578872
89.5434040083959,-119.512109246898
89.5913109330263,98.8878697995266
89.6479306506237,49.2408429970982
89.6711422987578,116.807953474157
89.8266784109795,-53.2311358841554
89.8372777090269,109.114505154804
90.0433416489408,32.3827071190866
90.2056851282341,-121.099487871986
90.2532011684768,76.9251402395345
90.2902429095234,-117.146093623876
90.3702588666278,-75.0564030896464
90.4248350635573,4.56884649634332
90.6511780371258,104.532227057049
90.9404622695038,113.002231200378
91.2952629824526,41.4369337794095
91.4192949023076,-11.72113568119
91.422765202994,24.8601613386671
91.5541023912602,-115.238814006267
91.5985915133746,116.284310028403
91.6693783451197,69.3844872280289
91.7047837412344,-3.6639411139562
91.9569778746619,-118.68619109566
92.0112985777368,-94.6993512679002
92.0759719577351,-120.398588322671
92.2332383960552,114.527612211933
92.4204439102956,-111.876609376655
92.4221195029849,-101.586459670141
92.7296606845365,111.115149571763
92.7553382733215,-67.7257502891038
92.9135192624895,-31.0470709708073
93.123089780343,-20.3458102258406
93.2375635001255,-46.0900090523658
93.4086389650548,61.6766105381559
93.4240051213736,-87.6258687446544
93.4318395199448,-106.903908885548
93.5240171841682,115.753237867017
93.7940445460328,-117.51694244515
93.9327219429039,-119.662581070937
93.9853667392004,107.643007719279
94.1859738791827,113.382087270215
94.4691041386333,-114.893096369803
94.5963143406192,-59.374140243003
95.1210374481762,102.774769552423
95.4335317314785,96.441419245044
95.4473076303774,115.214415871098
95.527989669704,89.2990567084741
95.5993549296882,53.6615257181448
95.7478451848071,-110.670752164902
95.7753357151482,-118.891869812723
95.7999566599229,110.403532016427
95.8302483771254,18.9001147816524
96.1951057472458,-116.807434718364
96.2594819859394,-80.7504186492261
96.3343587414397,112.955476928213
96.6489142848077,-113.655975343135
96.7110204634141,10.7884101525157
96.7729589951692,36.5310724280186
96.8812540918717,-38.4162227427978
96.9294954007966,81.9617898322699
97.1662873644176,45.6354909897951
97.2817763503704,2.53861466445325
97.3683555090665,114.667534863708
97.59838437719,28.0704833193742
97.6032254266277,-118.086863655449
97.7262920073809,-101.382316861169
97.8026937058843,74.490147135928
97.8657302085192,-73.8051045648837
97.9493269898844,-13.5095626807317
97.9609245090981,106.416851516292
97.9886694054503,-52.3181488680187
98.0121851372562,-105.957052058508
98.2768463425536,-25.2628936448793
98.3061338677263,-115.834348993591
98.395281855792,109.912672068566
98.4662925772957,112.490359552034
98.79393059035,-5.85636069212064
98.9657007604191,-109.987372908104
99.1590367716204,66.8733313297457
99.2040618608836,-113.176481066064
99.2869854476428,114.111167252366
99.4159210380551,-117.248224179759
99.5742879766226,-65.221069790064
99.6102508236526,-90.0574616872213
99.7605683893542,101.228556182372
100.21297960809,-96.6554467039484
100.626907445431,-114.904282102554
100.646575935184,111.809938971985
100.716427996792,58.7752999278007
101.069353182325,108.763966518801
101.136938757654,-31.8051342819601
101.197351243525,113.528105945558
101.218382576719,-116.387789662641
101.318447110904,-45.2323434184486
101.558639679581,-111.713426277867
101.803250341775,-107.364984555614
101.888600650137,95.1441163092603
102.004976518606,105.31525178963
102.096781524009,-83.92182577826
102.217568970567,-18.8427184638215
102.653120057797,-113.716608663534
102.657064321592,-58.4668666943955
102.692108610025,110.9516272324
102.950709740227,-102.524363922328
103.013403922232,-115.511946719619
103.020111146158,87.6281822280778
103.054015266419,50.2193599946112
103.095103394767,41.1878025007517
103.097498951111,112.912516701
103.253715327627,15.8461866014136
103.423520294383,23.377600026185
103.429087504821,32.6900639940922
103.549434423559,-110.187736751484
103.781613419975,7.5853242326165
104.097438605854,79.877440175061
104.111884768429,-70.5546859538343
104.123807644269,108.101010339687
104.171862757223,-0.243261072514697
104.394093439436,101.508634841625
104.719764696412,-112.523801032198
104.800836980493,-114.62073940389
104.807035969876,110.56990705207
104.963835171851,-77.9948243447669
104.986786118132,112.264821514116
105.046637075887,-106.032769502104
105.163227189339,-38.9189471388494
105.272134012424,72.5007863591667
105.308411073762,-10.3552180467631
105.876589976192,-109.228941119142
106.114946153954,-51.3049735908603
106.168777747242,105.741622680347
106.273847167773,64.9355286025635
106.45245858616,-94.2482803224683
106.580540500168,-113.714211432354
106.628136453182,-100.141329164922
106.71694739711,109.247808920325
106.751200874855,-111.527825964023
106.864893671503,111.585340849323
106.978489659587,96.9161046796023
107.125744211582,-25.1185311596044
107.674955357748,57.4745762296381
107.919217587884,-105.109014177882
107.955786317778,-86.9454993442662
108.112188066834,-64.4778803161489
108.241504131064,-108.601783576301
108.352374498772,-112.792408812591
108.469368869809,102.137932354829
108.568642903599,108.518706954853
108.584612874757,-32.3296358937822
108.73135824237,110.874446291467
108.986228235747,-110.615703297052
109.246176449669,28.0393019440998
109.327743494445,105.818228979551
109.461713705045,91.8650405461983
109.596842711863,44.1478526118637
109.672185254989,-17.2273514255407
109.71201997803,-3.64918288845709
110.003173275587,36.3840894260087
110.101008964751,11.9870604914561
110.116200349986,-111.855379789364
110.119468322691,-44.8498772613736
110.229605288183,-102.877158094038
110.263487831316,84.0638332419319
110.354754938503,-57.6991327201173
110.372826702747,51.2383595377175
110.438673483795,-107.270994141372
110.585727453868,110.132511431865
110.844758719754,108.155254068105
110.919429854616,-72.6206159903649
111.142186250252,19.3013414998206
111.175234048085,-109.493913397467
111.24984344117,-97.5163557273634
111.395299506783,98.6338075955726
111.484142172672,4.51340690031919
111.668119174292,-81.1398572232965
111.754009608146,103.558962687806
111.782015402068,76.8321411653415
111.871880865778,-110.903174786246
112.281389427987,-105.569338911651
112.427559691055,109.359911690451
112.435922538127,106.63527036301
112.631753251014,69.2515199089322
112.992166779175,-91.8445776736697
113.171440034472,-101.19936901316
113.244034693656,-108.11207682877
113.491272966757,-9.85405423235876
113.619280373162,-109.935846342832
113.761530405238,-38.3404263751145
113.763283195931,61.7593154528738
114.256423875818,108.557024148592
114.327665721572,100.861373264865
114.456738446261,95.1227207731776
114.472333304524,-51.1112675859036
114.548209196874,106.543229458422
114.582174508039,-104.196656753312
114.744413067741,104.10157403175
115.156857441991,-30.0101532929459
115.19533098144,-66.2536109767303
115.203109258557,-106.829295157028
115.358264785478,-108.953449047934
115.368771218411,-23.1484733018098
115.768558624043,25.0931064801464
115.909173200143,88.9377377598403
115.988112507662,-96.1702201365385
116.071899246845,107.724227391976
116.282504567992,-100.13783552289
116.337207471438,54.7822568300813
116.690124112232,32.1806292411254
116.800501911868,105.370528764384
116.828851952717,-87.6302689304331
116.893134592671,-59.3444136462616
116.963893035772,-75.4322988078541
116.96606522002,46.8890502323127
117.021917122653,98.5123112245505
117.049963882416,39.7683265521959
117.061262500849,-1.8938441166098
117.088701668101,-107.95603946922
117.106882555959,-103.184508538974
117.268533989255,12.1390500841863
117.304088839514,-105.759189470991
117.544556528752,102.315322183513
117.5614800776,-15.8075482950252
117.873575144735,106.861901363037
118.03829125093,81.4749935295285
118.796348357251,-44.7004901435266
118.810460298536,-106.943676079712
118.814711395654,104.463212961264
118.950399444898,73.664531966048
119.209186699405,4.86287355320675
119.252523613309,93.1377181696712
119.47739532586,-104.490374831266
119.491473300045,-93.3468792299584
119.640281423148,-101.576365096774
119.66083400247,105.970537545987
119.729235079995,-98.2075693366841
119.744437143384,-81.9885230124374
120.036219487683,19.5407201465122
120.098659156549,66.1631420350485
120.232501774623,100.66990952562
120.308695221397,97.057553359913
120.523411720853,-105.916419181543
120.627444633102,103.362392959411
120.794034709595,-35.8264116427976
120.991695521221,-69.9040073342741
121.19273037227,-7.64184645988399
121.433500072331,105.050417507951
121.506536846241,-53.3868813576098
121.615589023018,-103.411460292012
121.691790089248,58.9822628483027
122.226882335322,-104.873052430108
122.260610537773,86.9528211871371
122.385615431745,-101.184353430725
122.483285969394,-98.069164292501
122.610034408502,102.226603396905
122.663407476693,-89.2622286319185
122.932083547338,-28.7702864087066
123.19115581826,104.1019444836
123.196868145777,50.6550649758985
123.301082505045,99.3916080321658
123.335541264617,-62.0557755021541
123.338992293678,-94.5867629737061
123.373082167355,-21.6781710122701
123.397809522002,26.7845972932726
123.400840781147,92.3597057547944
123.733033012786,34.9790271759838
123.772809166084,96.2932120779073
123.907434865152,-103.793785358026
124.238957462819,43.1269647437514
124.352760644964,-101.264105188359
124.617301864669,-14.1366415994732
124.728205195783,101.3027627748
124.823493139681,78.2603890966871
124.93537662453,103.128947584855
124.997539818253,-98.3721195821074
125.001015722337,14.8917861318241
125.134022601211,-76.9313506665152
125.198543877359,-84.8754324273465
125.510179342547,7.59268049575809
125.514716069764,-40.4618529057534
125.559756924778,-102.671737938958
125.748075560346,-0.845682863431141
126.266831347867,70.2695408141976
126.353050985744,-100.223802645691
126.38946217632,-47.9165522336313
126.42395797228,-91.8966312620071
126.441854096332,99.9064407397373
126.535104456876,97.4878124372541
126.576814802411,-95.8362777909795
126.668246852971,102.135563953471
127.18276476804,-101.507678366711
127.220262194208,94.1521836823257
127.345202778364,89.9932113293037
127.633293881013,-68.8892973714419
127.634445394109,84.7971976407716
127.818590405193,62.5311775571601
127.831483062417,-98.4300410355661
128.389519728116,101.122042315983
128.439812704058,54.9553442296169
128.557503185822,-88.5015227493985
128.71766745065,-55.8135291000143
128.775396738021,-100.302402047299
128.78100754043,98.8120764200046
129.094076307275,-94.9677369180326
129.232183901875,21.3938487957628
129.252611230142,-8.53441575514542
129.267452970519,-82.2124534666259
129.557091985621,96.1306844793589
129.598805616037,-97.4261060219335
129.726751392819,-33.7194440630723
129.970848260546,30.1743219319376
130.09863466872,100.088824458598
130.124169904611,-92.4710490572814
130.252613851567,39.0048935501336
130.336624344963,-99.0567221545767
130.492995649747,-25.8297900973419
130.66115098555,93.1006617173082
130.703752701196,-17.6315151165001
130.87519949292,47.6123687658577
131.044783377054,97.7556523289783
131.244298741978,-62.4754966573121
131.346057010189,-75.636584357204
131.375732520421,89.172012546418
131.405713611501,-95.8271114951631
131.426025539541,80.3363024832208
131.662768734232,-86.2912925201375
131.795749642621,99.0359273973907
131.865440952289,-97.7714767204238
131.951824223323,12.785946231057
132.254942936768,4.15850797006948
132.255515736533,73.6244937728661
132.286396468824,-90.5620928348622
132.446146550759,-42.085432255142
132.506092554605,-94.1028069407289
132.521316880703,95.8934081541003
133.34078998388,65.4148641193511
133.360862248364,-96.4475279286297
133.480735350414,97.963534599855
133.486783093819,92.9021886728089
133.539657406523,-80.3551068118903
133.597801463148,85.9198010644233
133.863909227449,-50.1823999817437
134.071497904675,-3.47708213991801
134.152816694451,-92.8861550736924
134.48196599004,56.4364333423169
134.524127798011,-88.6547092079354
134.637363316849,95.1977427561259
134.652303340781,-70.2468046869357
134.760995813595,-84.396086165953
134.821926692479,-95.085761416186
134.965360038401,90.4765728426597
135.153427304198,96.8718524778083
135.587857471537,-91.3589219448276
136.008428357605,-12.229216726224
136.122164758015,34.4452545645183
136.132517781458,25.8403297458217
136.216296154687,81.3660499709376
136.247695937014,-93.6870855828122
136.327471962353,93.5591306053802
136.813652819464,95.7610951548764
136.874945729977,-87.0460770493114
136.925508889546,18.0123888042882
136.928751312681,-75.9474958845421
137.052782916204,42.2786826917394
137.078219302647,-21.115704405964
137.189378281813,-57.3518885460065
137.234391394746,88.9762192663571
137.284343788806,-89.8948559390951
137.441130226669,-80.8751774517172
137.496446673584,-36.4327941001472
137.561516443183,-29.3954518273362
137.637255227756,-92.2524309093456
137.932708080311,92.1951765174072
137.937984068984,49.3414151243475
138.079998114028,85.5688449402709
138.164074370389,76.8099190004365
138.243051399649,-65.074165262367
138.349071858577,8.91469729810467
138.383668067259,-84.4618489902264
138.460782047687,94.631796942108
138.981762355104,-88.2503740672479
138.98972228048,-90.7827398129331
139.028411437794,69.7340828533808
139.437602861895,61.6359650480045
139.517448649302,-44.7627365350349
139.782105800979,91.1217514101491
139.799502452074,-71.3492015771356
140.069079973166,1.11238560479777
140.095135511103,93.483850595755
140.148533920454,-86.4478018927704
140.273823876031,-78.6817577211713
140.289617983849,88.2957322796301
140.304222026351,-89.2789935509135
140.543354132242,-82.4218224084439
140.641861967421,82.2703265224097
141.336629398044,-7.04067194996952
141.579905552625,-87.7422610270713
141.614561715495,-84.7853210689409
141.677791387596,-75.2768191358769
141.716564119427,92.317461006782
141.934373466141,90.094998684455
142.100572521905,-51.3917914069242
142.111905789314,31.1543207833345
142.117495183737,86.0223581890852
142.3418460003,54.5186209674845
142.682016791704,-15.9943971094371
142.727703014017,-80.37475465371
142.829720048003,-86.1844012115077
143.152337515663,-62.0838864017007
143.211826442093,-82.9207813537362
143.219610870673,73.9907618790503
143.240392992953,-67.863812242333
143.258026388325,78.9426200637962
143.306005971562,22.6635963506657
143.324922293648,91.1328324594664
143.362350627768,39.0359217287581
143.401322347787,13.7974206141717
143.463244607151,88.4496148223543
143.730436067324,-24.5968634611313
143.993728834567,-77.7727060202907
144.064678562721,-84.6146462335815
144.121445902061,83.1748530473446
144.284946495695,-72.1855615985004
144.351617813484,-39.7309347183683
144.871110928946,-80.8923004966572
144.905515529638,46.3043380016647
144.919607618726,89.9305196643537
145.20484290539,66.9874074655114
145.250146194831,85.5499714150315
145.263468312657,-57.3529576158273
145.284639959281,-83.0331898319813
145.402724623499,87.5267811152207
145.602327135224,-75.3575079176372
145.625318169408,-32.7201115239995
146.045205387966,5.83675600317024
146.054554279907,-78.9543158471601
146.489502864972,-81.4401797189541
146.5009097472,88.710415710798
146.67227251533,81.2282634713165
146.981277073115,60.0328957440516
147.000938350611,-65.6320471829177
147.326003455145,77.2057986127733
147.332164239134,-69.739885112151
147.356547711177,-77.2469896925959
147.474389328275,-2.0699131674008
147.584559344782,85.9054115307059
147.619057486781,72.3909026708225
147.650920219292,-72.8753860738218
147.679167715251,-79.8357644147121
147.685979258661,83.6283995827383
147.929570482261,-10.7454133254848
148.064605768942,87.4675381374345
148.207856431848,-46.7266596340485
148.282511306164,28.1822466634275
148.605414456881,-75.3876622126014
148.853525491754,-78.2201088792179
148.860304491139,-61.7598206877166
148.871097220158,18.0345555845573
149.081151137543,-53.060759881952
149.183936204401,52.069620683359
149.367297425819,79.9878098313744
149.489714493443,35.6805203923717
149.605507018051,86.1966464499909
149.723480613108,-19.2408570152838
149.726465642505,84.2073303625751
150.012415500723,-76.5934559462554
150.127893074623,-68.3680351915936
150.128905902397,-73.5656950242335
150.384270180249,82.2883509046383
150.434201403763,-71.4144842569232
150.784405957719,75.822499589424
150.842884996707,-27.0005532268847
150.851039565807,68.3509183962517
150.875826082136,-65.3162807906705
150.961539969922,-58.1400443884785
151.123138571023,84.8983078562286
151.155816487169,-74.9558576332575
151.283627302684,43.0341770525249
151.321404380161,10.6566226910125
151.532117898072,-40.0516344855925
151.757065256005,78.7775186533383
152.065548330845,64.1077711498956
152.283636319292,-73.30746570379
152.307661637028,-70.2460137926991
152.336192487221,72.4637670854975
152.344228871284,81.4758808369815
152.617273944772,83.572894044434
152.995800387506,-67.9911460647964
153.107787073647,-61.9112234550189
153.183220456495,23.6134708309873
153.395784724921,-71.6484325676363
153.460854319923,-64.7010665876913
153.595222892746,-50.6222883134636
153.833140001055,2.76519183334478
153.852859448314,-6.09039554651875
153.874098465819,58.8185658318122
153.935068742461,-55.3868933604418
153.958556129266,79.8105311047753
153.974550056141,76.4259256618633
154.087516878075,82.2209254214089
154.189323157353,-34.5006494730579
154.492173297253,-69.9789112472983
154.623501659708,-45.5746248437919
154.663538463315,-66.6514540835726
155.031275403219,-14.0502467369197
155.048645062328,-59.4576764103401
155.26348066545,73.4944871501311
155.353492966205,78.3103140641351
155.453606328453,69.3687167230101
155.53340513446,80.8429990881042
155.572715499672,-68.2990553443433
155.629703618548,48.5635181240338
155.706139210541,31.068369031549
155.846198927898,-64.327904805348
156.399838832813,65.6235155715999
156.503750929681,-62.3418549907348
156.5135856378,17.1188848634005
156.637313735143,-66.6090397557476
156.906630051731,75.492315696
156.954549303163,79.4396624629464
156.959224051955,54.6736770877254
157.141240993357,-57.3205892233092
157.164510713423,38.0270884519131
157.178816019217,77.1912874579996
157.238881066732,-53.6133622545283
157.505073341847,-21.9428934331326
157.687051308302,-64.9099462840356
157.797514095389,-41.1905838726638
157.871291816845,72.2783535128169
157.87956388592,-49.3038604664913
157.985411427592,-60.5187181539217
158.056342479096,-29.177478852923
158.148792980489,61.6298799583945
158.350686021927,78.011347197069
158.561937126643,9.93241254860157
158.725898369728,-63.2041298432724
158.896440936859,74.9156952898942
159.172816573219,69.7864448614443
159.460173295086,-58.6850423331079
159.636506895838,66.7899887453041
159.721405164875,-56.1866184519883
159.72146139422,76.5585811417118
159.754063908927,-61.4918053776184
159.775511440257,-2.90478610179093
159.783297033772,-37.0587776115367
159.894026965008,-45.3117380397234
159.989222167182,-52.7269216018755
160.281153584949,73.1245903645828
160.302904620647,44.1110234293314
160.503242455773,25.474792595005
160.771472524207,-59.7730084600372
160.949020670402,58.315072808881
161.06638657802,75.0820559620114
161.12049059218,-49.7257612278805
161.272738483677,64.0598075925532
161.291125230573,71.3732042850993
161.459849903281,-55.1950528666319
161.575361188167,-10.4181106476438
161.778048729443,-58.0477746587432
161.846447569106,53.2663944464737
161.991181450364,-32.8019654100232
162.016339750336,3.72451235745329
162.13653312963,68.1617461661176
162.385269689198,73.5821560396269
162.437060589088,-53.0039478248431
162.527867008053,-17.2605749175012
162.669257009673,-47.3458863363574
162.773670172034,-56.3162216452308
162.832541944002,-41.3268890124525
162.997595032707,18.7110429178858
163.001976227252,70.2560468584858
163.123966032582,-26.5987316026551
163.17688854984,49.1391874881549
163.359781258236,-51.0799617017212
163.360138224827,33.0279176971207
163.385550077897,61.573921684974
163.677800789536,72.0593983216022
163.680132413808,65.718464332916
163.758173255195,-54.5785454751451
163.852877012086,-44.4260620981231
164.367436482346,-37.458164656885
164.547487927495,-49.2178027396484
164.576573441957,39.2555832676319
164.623067140418,68.3020335594132
164.731605821393,-52.8345704844943
164.942986417293,13.2040194858624
164.943595771322,70.514403062287
165.027700235232,-22.0825147095986
165.061301735701,58.1437798981124
165.476019981284,63.5969173867971
165.579296681912,-47.0144868047311
165.666592877394,55.0254886325162
165.693892935697,-51.0843334167647
165.908950031262,-5.63444606009981
166.061822793705,66.4293623242137
166.18235301616,68.947710537148
166.220485056951,44.5183319007552
166.285088897714,-30.3025743425263
166.408128011823,-34.1679302048946
166.614026046704,-42.7826087140208
166.644959958927,-49.3278710519955
166.675549018588,-39.887728234947
166.713703997089,8.07656950731625
166.847081970435,-0.607381072013956
166.884316783831,61.065984348567
166.89404200719,-45.0623198786224
166.898569272587,28.4771257539623
166.999141173145,-14.6187357487308
167.310451021594,23.2198655460821
167.378413012488,51.9695693944446
167.392080994563,67.3581223375734
167.420914437419,64.4946703651094
167.584670700639,-47.5653372305525
168.092116463723,-10.1869155788742
168.283708866353,-26.4532742244186
168.29944573122,-36.9081588518624
168.355643036847,58.5251392917466
168.38046152816,48.4768464942037
168.512851135897,-45.7969667051234
168.555447824467,65.7348222988974
168.59135148978,62.5338890311538
168.62696536177,36.6235806983336
168.853082993137,-41.5005596523825
168.963288769807,3.81090577716574
169.032614732604,-19.0153600429411
169.079535889035,55.9539861591478
169.257571617814,18.1303739316869
169.429578193682,-44.0225182012824
169.623873212793,-33.5226960190937
169.667897231915,64.0758835401945
169.753505295381,-39.0469685213228
169.784515349385,-22.9077189000391
169.808553237109,32.57261517983
169.849821016063,41.774614532492
169.865196409689,60.4408319538762
169.939109524033,-30.4104348826627
170.26840452054,12.9215910040884
170.334810367954,-42.2419681223575
170.505289488385,53.5429842546556
170.727930475309,62.3831348396603
170.82501841725,45.5363533979863
170.825068488976,-5.91718728925354
170.924160052971,-36.3900244745057
171.103820217754,58.1907017903076
171.217334219453,-40.4500586487761
171.31795653246,50.7757040682796
171.357203836367,-2.35013514136303
171.450584802614,-15.8664361495173
171.615170062557,-27.8591395547393
171.665644186475,27.4085734013657
171.734371818553,60.6580954432655
171.813563844666,-12.3365089575281
171.959328443227,8.59901166028008
171.969407999,23.4171045977739
172.042563479314,56.0434463737461
172.042969377871,38.729678070025
172.056525135519,-38.6376010289681
172.067659170154,-34.0183584192435
172.354103501387,-24.8780861596018
172.492668365599,1.04224588112171
172.519761182858,-31.5594215521176
172.575933325749,48.2072826239963
172.686181129697,58.9021849049524
172.782112644298,-8.76903202233522
172.851528990587,-36.8053435104232
172.940728859957,-21.2228807288364
173.039834388618,53.7855210668517
173.175097554772,4.88833888036119
173.261814394695,31.0151709907864
173.363836183519,20.0783404276548
173.417188117039,35.3649249257698
173.454607258713,16.0996142310871
173.582217900788,57.1171533706979
173.586549375532,-18.1821776614632
173.601892275977,-34.9543714550992
173.616498491224,44.7164347675389
173.622394598498,-29.3379990909893
173.728020608612,51.6440166514762
173.858701294356,41.8638690927029
174.307190031588,-33.0857741695159
174.326160176943,12.2648472234132
174.421427316673,55.3047910110318
174.446849441899,-26.7884041659844
174.657439954282,-14.5645910929894
174.675969110263,49.6921537910268
174.744474294011,-4.95063396022574
174.866114656758,-24.055012327926
174.967032041534,-31.2006237493094
175.121307634122,38.6927241488082
175.141375141589,-11.2479202699219
175.202881198403,53.4668239010398
175.208475274379,47.3880836456899
175.282004152677,27.2747974129213
175.376115659962,-1.83926046239413
175.556686756478,-21.7493665782836
175.581037348324,-29.3000456898436
175.595469487319,24.0584979797534
175.601729019639,-7.84983144250378
175.691831186763,33.3790936020926
175.753735309746,1.34228905685884
175.925758666908,51.6049133007008
175.969271345858,6.9020154203612
176.003654707939,-19.447793400685
176.045484421927,9.55719522814155
176.111495510714,45.3801482133732
176.148853601235,-27.3851715527011
176.324667531964,30.0534612827954
176.33408610194,-16.9023569801478
176.404808503073,43.1562185667409
176.429317119228,3.99050822593406
176.518123229117,21.0183041398871
176.589192943004,49.7210606461824
176.595500053351,17.9954011303573
176.670160605774,-25.4571236585235
176.761670321584,14.9960547106712
176.784651073001,40.8941906776265
176.838315812362,36.4323318136274
176.949264770123,-14.348304588061
177.144666399473,-23.5170223373864
177.192474248029,47.817112479024
177.21907968312,-12.0401155106806
177.509553842132,12.2140555165287
177.543176530232,-9.47204014920752
177.572103370824,-21.5659991323855
177.604192654978,-4.37299022427342
177.671250923309,38.5962313902649
177.721803888805,-6.69267907877936
177.734968571832,45.8949426885182
177.948461617292,26.1699687050143
177.952225497804,-19.6052154360993
178.089413015077,-2.18136251939607
178.109972127296,34.7962720377571
178.137083478555,0.0222124205962272
178.147521148512,32.4631518579654
178.216105257322,43.9565072302417
178.284818478296,-17.6358168882782
178.549081070858,22.976685492704
178.569694435638,-15.6589536392797
178.606269087635,6.90462660230754
178.633298922746,2.30417925454897
178.635404987281,42.0037527140745
178.677967430656,9.0734698416023
178.692531166249,28.0825903340143
178.712610586894,30.2779766547423
178.714176251291,4.74153935333451
178.815586991426,-13.6768681355157
179.005484295917,40.0410068858984
179.040216783466,18.6504503589546
179.04780364488,-11.6931154280941
179.14121510789,24.7786034267787
179.176903255421,20.7837720816125
179.192735564455,16.3059600500916
179.207777527349,11.1563149149813
179.267887736361,-9.70795418171429
179.31737702013,13.917506789108
179.344326699409,38.072644630607
179.475819615427,-7.7214476910429
179.651955970703,36.0991560542326
179.671568604833,-5.73376571104219
179.855118396749,-3.74493697895687
179.928271782419,34.121054359328
180.026451762734,-1.7549811810948
180.173182743602,32.1388381664307
180.185546273345,0.236038579741031
180.332371083051,2.22795077385377
180.386609831605,30.1529438905121
180.466903289821,4.2206767423065
180.568466754802,28.1639199415405
180.589126065117,6.21424742229546
180.69901470476,8.20859984261357
180.718678945512,26.1722763998075
180.796537713033,10.203536386313
180.837179302004,24.1785057375212
180.881670709701,12.1989695608263
180.923907790293,22.183051181359
180.952025427309,14.195129739089
180.978803847925,20.1864888244474
180.992904849877,16.192050541481
181.00181758076,18.1893301511079
