-175.096779668026,11.2406964712963
-175.087943466767,13.2398405460662
-175.079280636108,9.24162495950662
-175.052506562886,15.2387286804717
-175.035423817353,7.24290626128344
-174.983304565031,17.2367051533469
-174.965192133409,5.24494426940765
-174.87727286662,19.2330689937993
-174.868572889798,3.24809883043001
-174.745557230927,1.25272090732761
-174.734471337075,21.2271212472084
-174.59614030683,-0.740837751617462
-174.554966201929,23.2182106907985
-174.420316921886,-2.73227064467723
-174.338834196127,25.2056621733923
-174.218089006167,-4.72121931882749
-174.086161533485,27.188801355356
-173.989466769636,-6.70729217122071
-173.797043827205,29.1669556174638
-173.734461443785,-8.69013444032392
-173.4715863951,31.1394522170788
-173.453088363719,-10.6693907046161
-173.323381727907,8.94485846380654
-173.294257922603,4.79677002829241
-173.23775855757,13.6192049270937
-173.213185951487,11.2233647096714
-173.145366987743,-12.644704908915
-173.127884411789,16.0190534206738
-173.109901966189,33.105630996074
-172.988578606371,2.45442261587187
-172.858248199482,18.1732091626046
-172.82022789027,-14.6173406525518
-172.793862793905,20.3715961216065
-172.741521062239,6.81249861946714
-172.734457929451,0.291998619019668
-172.712113682779,35.0648253642787
-172.651950603827,25.0486707565414
-172.583494315851,-5.88937301440976
-172.574388295881,-1.76890779653615
-172.549481726482,22.8112786505358
-172.486661395973,-16.5885300404906
-172.345701610529,-3.85255986042437
-172.278354177958,37.0163696254242
-172.249223432447,-8.28877927936739
-172.14471456485,-18.5582533136772
-171.988149180605,27.2646754154098
-171.80876544223,38.9595998568557
-171.794430886588,-20.5264900718092
-171.612096840451,-12.2133046178679
-171.559732641121,29.5312472057866
-171.452229830781,31.5648468736052
-171.435850167489,-22.4932192544888
-171.349398733422,-9.8732730441397
-171.303495612865,40.8938657917944
-171.176161748799,-14.4180762716917
-171.069007355426,-24.4584247957246
-170.999033309115,33.6708975813239
-170.958259329862,4.14314141172027
-170.77933505688,35.9678811708047
-170.766534585962,9.3456609384732
-170.762756135736,42.8185209445827
-170.722090976728,15.312823278452
-170.693924335591,-26.4221369551467
-170.642183110827,12.4449160061953
-170.628802555747,-6.5813904939815
-170.614255539567,-16.7576466546854
-170.310645809267,-28.384245066934
-170.265313714574,1.2035715788813
-170.217861861677,21.3220894640749
-170.187212240345,44.7330534516364
-170.131303943095,-18.8963998385976
-170.11939183047,18.1674525363552
-170.0095860795,24.903929360877
-170.002385881255,-1.59313097152368
-169.952266756268,-21.1823106668934
-169.91919621216,-30.3447256606994
-169.854465233704,37.8247592057279
-169.780306784064,-4.15601194387127
-169.643306093721,-23.6071897658391
-169.611251385845,6.76000665828126
-169.577161037131,46.6368660584081
-169.571719911803,39.9937912513904
-169.519595891706,-32.3035544519368
-169.402366803163,-11.5577808836754
-169.21573929808,-26.2125776041417
-169.211352814548,42.3416609539471
-169.111861062543,-34.2607063255016
-169.084256155294,28.2243056654219
-168.932782927673,48.5293279642421
-168.906233629421,-14.4849750526421
-168.889795277155,-8.18639574814908
-168.755755248206,31.6039336163438
-168.696003774673,-36.216155320942
-168.568720024799,34.816085184697
-168.533972049861,-28.3595647574433
-168.300811858484,-30.9911450937759
-168.272034237028,-38.1698639325623
-168.254259175179,50.409831774449
-167.921646260702,46.2744617400091
-167.837036825343,-40.1211490851377
-167.754155355563,-16.8799266433946
-167.747946002911,43.9270554621106
-167.678954443025,-33.6581505011105
-167.646214879197,3.32502348057595
-167.612440425507,10.8186177192117
-167.599064772928,-24.927295655111
-167.552991403755,-22.1369330833079
-167.541788382474,52.2777458087024
-167.539438481525,-19.5916807118906
-167.364434356433,-42.0636409563835
-167.260745071203,14.9035597669863
-167.216454893195,22.7746350220015
-167.164471141508,-35.9359379265578
-167.092315373508,37.8068223626094
-166.985513035,40.7730582582539
-166.973604122775,-4.93926924320319
-166.881819454807,-0.795493905862373
-166.848035392017,-43.9949514004621
-166.795581069529,54.1324338207148
-166.656426148207,-37.988234068832
-166.54822348795,50.3260091951678
-166.537527377211,19.0873198766481
-166.389062071245,-29.5274361614071
-166.349221839396,48.0323035695228
-166.336108012602,-9.50732128694304
-166.324406345535,-12.7736811882311
-166.288101299137,-45.9140920190868
-166.213757799171,-32.202816221286
-166.063213051955,26.3203370502274
-166.030746889237,-26.7938324912633
-166.015853149993,55.9732717204688
-165.966500823531,-40.279300331834
-165.881842052842,7.25572858168647
-165.684912572696,-47.8200794537731
-165.606168680294,-42.4572787408228
-165.591837886981,30.4818973557184
-165.572840556198,34.4985695497533
-165.42625394457,52.4808667086073
-165.257434009419,-35.1408489049402
-165.20282961706,57.7996372206394
-165.111384633067,45.2716225144768
-165.038768414924,-49.7119366855945
-164.83235862428,-23.1685824923905
-164.757288798722,-15.4732701284301
-164.684564065512,54.9201793817655
-164.610311036159,-45.9556313123146
-164.530706730303,42.2706363902686
-164.480047130226,-38.1374134643141
-164.4495053601,-19.3949884157381
-164.356734066259,59.6109318789582
-164.349987035649,-51.5886920254387
-164.225990527767,-43.8416735976161
-164.039780444944,49.9672102191537
-163.618906372015,-53.4493775540062
-163.589221856095,-32.2658903168946
-163.580752504005,2.72157614200305
-163.563140833757,-47.8164933264047
-163.477804513999,61.4065446934162
-163.461477320176,-6.98575486142849
-163.400590452624,38.4293405559797
-163.350006478215,-40.9641247905946
-163.325442701042,-29.3941750349275
-163.152181191383,11.8258554083257
-163.105330187891,56.4476596487198
-162.980708452121,-49.8493022993107
-162.944116725373,53.163340055235
-162.920634962672,58.8336994224488
-162.896425485972,-2.36202927266186
-162.845883075273,-55.2930322516684
-162.654179579929,46.9437721276093
-162.57197924345,-25.9765243443524
-162.566304057614,63.1858348829537
-162.527492436537,16.7812248524189
-162.509720330487,-52.1198507859368
-162.448282428531,22.674995523865
-162.358206898392,-35.6391995418118
-162.031292811033,-57.1187013002725
-161.970989568706,-45.1837821963633
-161.827825995019,-11.335621169907
-161.622494295872,64.9481873230947
-161.615375118961,33.5723563633528
-161.597607830791,60.7939709033066
-161.510943353395,28.1415571824807
-161.175530253462,-58.9254363395706
-161.100939783307,-38.303022866982
-160.984807091878,-53.5690754909389
-160.934816260099,-21.615031623189
-160.917773643004,-55.6482255137298
-160.823357517218,50.6061090984938
-160.813626659015,42.8847022945533
-160.792300771251,-42.3687123390378
-160.780383190444,-47.6910176558848
-160.771110654826,-16.5214298957637
-160.646646500992,66.6929883659387
-160.60584274953,6.94432092275592
-160.507393924069,-50.6992192626687
-160.45806689392,57.9369904009505
-160.318046341623,62.7666999059131
-160.316899797988,54.6188852413097
-160.2790087893,-60.7122963038998
-159.944781500463,-33.2061666805485
-159.798564073768,-57.6172412669974
-159.634158542462,68.4167233300062
-159.342159079565,-62.478350188286
-159.267762141353,64.617399381487
-159.168722263408,-29.6375015300561
-158.848995085339,-59.6430682977085
-158.632974540353,60.3354711218328
-158.608609221241,38.1489417631757
-158.563920359144,70.105117386131
-158.448689034869,66.5342872440714
-158.437610452645,-55.2551417478827
-158.365434654582,-64.2226668105938
-158.322601933142,47.0631468964576
-158.189157899881,-6.12471883846102
-158.177350913165,0.517786510976628
-158.128512810526,-44.8743199202978
-157.943861274727,-52.4860658144404
-157.871091772196,-25.3449184706131
-157.79334377522,-39.7216257732334
-157.66529646379,-61.2383696142243
-157.615962339564,-48.9732864176632
-157.569657144911,68.5877214601603
-157.434754332308,71.7547138218206
-157.349923161984,-65.9447056510795
-157.327881936336,19.379291485261
-157.132169680496,-63.2839914601898
-157.029898221082,-57.8735164223807
-157.008598522601,56.5029729030773
-156.932940624564,-35.507925054398
-156.925106237693,51.8559072130531
-156.761948590561,12.5774174198311
-156.747723086769,62.9895783311426
-156.59221503041,-12.79439356486
-156.297192015819,-67.6442319869503
-156.248272900641,73.3636411580349
-156.14090054148,32.1491222893842
-156.044599848485,-19.341466016038
-156.015201041326,25.7380144958092
-155.936548038314,65.7334102499633
-155.856808444716,-65.1728241650514
-155.828333271948,71.0972744924105
-155.596787499161,68.8178175846122
-155.358749937482,-59.8857974467366
-155.207711001224,-69.3204327750416
-155.019087541274,-55.3098109695738
-155.006164908161,74.9301229397038
-154.910556799632,42.8345183514532
-154.907355368273,-62.7633185528655
-154.787239295464,59.7135908123933
-154.732138380766,-67.1456916303206
-154.560750253406,-41.8410843864408
-154.089273861284,72.7827979761434
-154.081950059208,-70.9724811723999
-154.006381787427,-47.0787054107774
-153.959860417205,-51.7139456193144
-153.875345992527,-30.7727654188236
-153.766434090905,6.06959660242416
-153.710221077236,76.4524439590591
-153.177642676441,-65.3296691273915
-153.138760718734,-68.4742327168895
-152.960238154589,70.1623196719282
-152.920385438048,-72.5995709854192
-152.867854717525,66.9517699876384
-152.649033528469,74.5066614207196
-152.610129580736,-57.8536271767056
-152.543869724377,-70.4440170642712
-152.522437053783,54.3318905022458
-152.490922769129,48.2421164618001
-152.36252626489,77.9287541485161
-152.237272073634,63.3894947612513
-152.18162683492,-24.681024873067
-152.176293025253,-61.8998599706745
-151.723525605075,-74.2008799943672
-151.634003802349,37.2799499089895
-151.58707892308,-36.7018217332451
-151.46192105503,-8.62340871117541
-151.391626267316,76.5645078898879
-151.209814928106,-1.80964349521379
-150.972489889724,-72.4221487207724
-150.964747668346,79.3578462178984
-150.857128067654,71.8809975423099
-150.77353165076,-67.6613251891644
-150.491893854705,-75.7755968897858
-150.198430650923,-70.247383951972
-150.181434176533,15.8523627162147
-150.179539500745,58.6428535659249
-150.009948689608,-64.697452009956
-149.83643044439,-16.8166345031008
-149.768955937927,-54.3570651170777
-149.713842256828,74.5715489861287
-149.518809728378,80.7383604952473
-149.430914068301,22.2104350573429
-149.375343937959,-73.905749566088
-149.35592091615,-43.298195681346
-149.339165049155,77.5862616688115
-149.226027119085,-77.3229223536479
-149.209537708817,67.8452671053117
-148.846775554639,-49.1709040432648
-148.821960923627,-59.9466403580848
-148.478740615356,29.6538674203513
-148.380320095647,79.7061563623149
-148.289626575386,-75.9645701626551
-148.026673218106,82.0690447247983
-147.926479273789,-78.842064733561
-147.85487532142,-71.5704028938641
-147.418293564319,10.2955878438186
-147.280807694364,-67.9729930203731
-147.130080547492,71.282083002661
-146.914145434415,63.7630794178573
-146.796580749362,3.50946644379525
-146.795432965452,75.1614713428537
-146.608870684733,43.3904948583313
-146.593821216461,-80.3322403571644
-146.490698993697,83.3484549648117
-146.454789509845,78.3267327331207
-146.453208683034,-74.264292788521
-146.434386388707,51.5429518610054
-146.35763401265,81.217626632597
-146.304468391993,-30.4219358724088
-146.279753696754,-77.1050841389428
-146.236294005563,-63.4830386122043
-145.459725346013,-79.2073448788138
-145.378309955923,-23.409792619536
-145.304711095197,-11.1000103656575
-145.228636332554,-81.7926786870818
-145.021943221064,-56.9302458834985
-144.912814932686,84.5756746298739
-144.620362926892,35.5422012060366
-144.545124297253,58.16365597301
-144.443871086324,-71.1659819926231
-144.309240079899,-37.447427688566
-144.242105257152,82.8559835211912
-144.108716921639,80.2597430719665
-143.933803307721,-4.45096715785342
-143.831520063135,-83.2226221299951
-143.674435319518,-80.6768057537928
-143.451605409148,-74.8012489717791
-143.447886807685,76.695481412673
-143.329933608419,-77.7410446950294
-143.294886964964,85.7499221457624
-143.155182717098,67.6609999884731
-142.98747279083,-67.0982496912685
-142.935599774746,-50.8528110482282
-142.895060077008,24.4544533623502
-142.846451121074,72.5447201903311
-142.403108132174,-84.6212984091185
-142.265319146387,16.8920641764705
-142.247986632299,84.5225973178994
-142.083921436714,-43.7551662713706
-142.074996309034,-17.5860217008493
-142.01947654718,-82.266050188731
-141.638949078922,86.870379741459
-141.56077163566,82.3652413112449
-141.308857329694,-61.1951130497549
-141.003829908069,-79.4895706345815
-141.002587054124,79.3521631431306
-140.944706609947,-85.9890677592377
-140.689968146146,2.22028735929102
-140.49664978441,-84.2556716625137
-140.11526583613,-71.5706667709956
-140.012970077919,85.306917653637
-139.992666589511,47.5667109684992
-139.950296879444,87.9412409440547
-139.917275409668,9.60040268581671
-139.754374120884,-75.8642742552201
-139.46961675882,-87.3384149704242
-139.327876271422,39.7030632423199
-139.312960011976,30.6988378320828
-139.301181827632,-82.3662760574844
-139.070332963591,-33.3006164593071
-139.039014300283,62.6722629034056
-138.931045559372,75.1196945810272
-138.813788842489,-26.3110273588814
-138.658272554765,82.7313802130009
-138.388057282932,-85.3347991634304
-138.319152349387,86.831552396868
-138.262548807135,54.5924358087494
-138.248128726758,88.9900302393536
-138.198027324337,-11.250824372697
-137.981876619222,-88.6737384222626
-137.693990206942,-66.1527598687768
-137.65405015496,-79.7854709380017
-137.254363397104,79.0081120548415
-137.197005067549,-54.7537725373378
-137.1125551344,-87.4029669310686
-136.880849932815,70.1931657588335
-136.626197650642,84.9722774485098
-136.537697418016,-20.5577164817634
-136.535392158765,90.020981503209
-136.481601647698,-89.9949115476814
-136.384888636588,-4.36437416609142
-136.245551058576,88.0080858723801
-136.219885329577,-83.1925539074068
-136.167291954299,22.7757212424995
-135.853641155403,-46.5052130572686
-135.722654369471,-39.1692309020572
-135.61508221822,-76.4348691895085
-135.329282527999,-86.1445457193219
-135.010837949193,-88.9430400688581
-134.968864152062,-91.301847429597
-134.963860271279,-71.8169988671512
-134.81221043646,91.0339417026496
-134.67850879143,81.3362833481496
-134.327785954759,15.9257017866763
-134.182296219148,3.10347348860107
-134.004126427877,87.2717195170823
-133.996610234565,89.5885614704786
-133.443682413171,-92.5945043002697
-133.441535639179,35.3758583175459
-133.404672314519,44.0753868749684
-133.313133543238,84.5734650180024
-133.282784394559,-80.3523173097674
-133.184319959881,-60.0996117906625
-133.078037894948,92.029138097098
-133.061863020533,75.5186229123022
-132.852956043095,-90.6041211041639
-132.646865395453,-84.5146509860053
-132.635146150225,-87.9709445960244
-132.629995795741,-30.390033771562
-132.584724620048,-15.7352514885528
-132.051660297184,10.0104690895527
-131.984921046766,65.1015362919
-131.906339224154,-93.8726189190067
-131.886003106578,90.5361868100865
-131.728728602614,50.7887147121982
-131.702343275314,58.3936952126559
-131.514937013995,27.9834741560814
-131.333633698664,93.0060402345445
-131.217212562151,-50.9065738397904
-131.137684932558,87.9258393680647
-130.919979309061,-92.3151218289359
-130.586427770193,-67.2475805413482
-130.449921928209,80.4217323404606
-130.396895903743,-9.20492282991502
-130.356958946989,-95.1360691588386
-130.130278139368,-75.7115142170235
-129.911569127594,-89.9459968539172
-129.910521754044,91.8580952644524
-129.871221176689,-23.4462938924505
-129.74537942923,84.7219179697814
-129.579206185849,93.9644509194238
-129.384426501395,-86.690909441872
-129.267055618072,-36.3788399668507
-129.158139591981,-93.9656543421226
-129.115325888575,-81.950121003014
-128.924896406369,89.7530702531152
-128.795668104589,-96.3847339830691
-128.723990325886,-2.30585385415534
-128.42211698762,-43.1114053249998
-128.351134675603,20.395133595645
-128.118938447726,70.7913906682475
-127.899271429318,40.4514998292297
-127.814893503944,94.9042152604345
-127.743442582375,92.7105588941302
-127.714793521652,-92.186988234348
-127.39803170764,-55.8840583457927
-127.222595365055,-97.6184935102878
-127.199374333504,-95.3716010361981
-126.907426803671,87.2141987273047
-126.86603669452,4.95866401229027
-126.204718781917,77.3075271108573
-126.040663154602,95.8252672346716
-126.014200011599,-89.5327936662712
-126.002050746224,90.7203262626706
-125.75380247684,-16.2739110237014
-125.706886862878,33.0959366001587
-125.703666741369,93.9197340737671
-125.637871522927,-98.8372290790691
-125.391748945535,-85.3550840948092
-125.330274990265,-62.1550263449015
-125.252332097713,-71.176947185654
-125.235717925567,-93.8558155783195
-125.232499026121,83.070147975317
-125.223912600068,13.4147044294211
-125.154582128883,-29.3925722933735
-125.016792041766,47.3203352892259
-125.015603810511,55.39822162538
-124.897182392894,-96.5990794070014
-124.838636169427,-79.0009484946813
-124.647525946551,63.4994292440315
-124.256426069128,96.7275612462339
-124.041629477425,-100.040823312191
-123.968375248828,-48.4556053518207
-123.743152379385,26.3141162842448
-123.56077886438,92.2031441113691
-123.34223513388,-8.64779528628125
-123.315902437661,94.7854610101448
-123.148724525125,-98.0407374042618
-123.082188835038,88.1473234773462
-122.969655387532,-91.9729895179964
-122.462775015255,97.6107097513478
-122.434004207645,-101.229160180211
-122.332491058713,-36.2035056850932
-121.856186257263,-22.6272148809901
-121.677722250679,96.2439828308846
-121.66184333312,-95.2185532972465
-121.548973790923,-99.8721551936764
-121.430968466905,-0.887249736484689
-121.077732227202,39.2870443122135
-121.016873401811,-88.4035448663884
-120.81507922126,-102.401868686345
-120.764319725681,7.4489366405083
-120.728906186888,91.3582442154922
-120.659864302337,98.4745577333195
-120.554742487224,-83.0439474810519
-120.378701327879,19.0726651012083
-120.375587413476,-54.6275025245762
-120.354874976862,71.5977547948861
-120.176543506602,84.766860401937
-120.175289116282,-66.4477861177205
-120.165472353077,94.358131125487
-120.084213695117,-97.9031873105993
-120.037002786429,-42.3754821713693
-119.858878941491,79.2816566058063
-119.476685795491,-101.006708221494
-119.364631560778,97.0260222281379
-119.177405060318,-103.548443339439
-118.965976171805,-74.6372468508913
-118.847852283828,99.3189501610884
-118.560183514889,-15.5639717045819
-118.27560986787,-92.1740329923598
-118.18087367522,51.565691176197
-117.957272217504,58.6508844116415
-117.795281605439,88.7231238376048
-117.739110789282,-29.0687425966378
-117.67731565047,32.90323097988
-117.587911646136,65.5298790358366
-117.579423080659,44.6363205611114
-117.517349411443,-104.662363368525
-117.442538124601,-60.2675023076957
-117.399146888321,-102.419489055216
-117.274595673224,-95.9200988559757
-117.253461339826,-99.5087385434446
-117.148984119122,98.3036525970804
-117.052694398385,95.9090738908616
-117.026898531183,100.143733411138
-116.993899829472,92.904049345763
-116.679801911873,26.0507682227008
-116.42000538552,-8.47230358598665
-115.901895775241,-48.79686014896
-115.835492586998,-105.743082347892
-115.777250998535,13.4048994020713
-115.330773871055,-104.057051287184
-115.198872100487,100.952618212824
-115.061887680166,-86.6686299280955
-114.883510378189,98.2931315764678
-114.862253589364,-1.41062807565903
-114.842958371469,-35.6252821733581
-114.719523408917,-101.854051978283
-114.616819261802,5.45143026394359
-114.590875853714,-79.6116453537547
-114.240710778126,-69.0449043582599
-114.132427961439,-106.790059406615
-114.095423120299,84.3045408502318
-113.985995405645,-21.9771905670111
-113.893778314644,-99.0470039360053
-113.878156592914,95.2637226150441
-113.514422492964,90.5657345588068
-113.404129458599,-105.537251577933
-113.370483307025,101.761881467625
-113.293154046518,99.7267296931293
-113.263026312385,76.5338282683961
-113.073591665569,-91.621299601689
-112.887481129728,-95.740270183429
-112.664213232317,38.6194661372364
-112.408737437568,-107.802773658147
-112.343976128455,21.0382967449672
-112.313636100123,-103.801454265983
-112.173759013921,-42.4363117618076
-111.870932795016,-55.2468119319237
-111.801826474619,69.820634061896
-111.543351505641,102.57368772072
-111.401977874311,97.7295903378045
-111.209573168712,100.788187132707
-111.111935452536,-14.9119758534025
-111.103387134558,-63.1324638789512
-111.068158056365,-106.332387097567
-111.02475731284,47.1252887561283
-110.966088716765,54.7841896650604
-110.958160694689,-101.449338132477
-110.665064776974,-108.780681126281
-110.549240844792,62.1814981924491
-110.35485530972,93.8806553682487
-110.211082309185,-28.4249545395259
-110.126618629971,29.8454520825232
-110.030888732679,-73.8968887311372
-109.717785637992,103.388797780841
-109.276104675359,-6.94729564817485
-109.121427747214,100.199172755007
-109.018511404145,88.3238900744487
-108.954379507334,-104.370787778968
-108.920264177163,-107.290857327655
-108.906575137598,-98.4894106582883
-108.902044990393,-109.723258354425
-108.428329960082,8.47805851910101
-108.106691660285,-49.6001852414543
-107.939488002668,102.250390330907
-107.92325326745,15.7386777885121
-107.894110443775,104.207994642252
-107.851220988414,-81.3269513689092
-107.829165482168,0.750887613885116
-107.792104542231,97.2073912217196
-107.617684491344,-88.0969731796177
-107.524142425899,-35.6553800821747
-107.206892245312,81.4228573557533
-107.120325768823,-110.629989181169
-107.118187290832,-94.2342045867392
-107.07155583556,-108.505147940923
-106.409737632873,-101.808675993693
-106.19902699988,35.6996597531605
-106.07267582185,105.032076676391
-105.973317853342,93.0162978967716
-105.956357261327,-105.941904447841
-105.95380543978,-21.2796195884457
-105.909541950306,100.208230111681
-105.581713427116,-67.80265422204
-105.547857967426,102.98387087884
-105.419053680676,42.8801940599364
-105.350681039685,24.092602539724
-105.342452718546,-58.7901808894113
-105.320568794288,-111.500364365726
-105.273759593496,74.0403854277304
-105.017570820985,-109.22112862291
-104.824815645209,-43.1321195269922
-104.403605581248,-12.6056917019676
-104.358170144275,66.8904633479254
-104.253855503913,105.861854764803
-104.240716902866,51.1279552619821
-103.726007718343,58.8451339274573
-103.57284085808,97.4084264343677
-103.530616001552,104.103573834549
-103.503449924787,-112.333881906843
-102.97752730626,-75.5574246526078
-102.939640054301,-110.411555895101
-102.914048205017,-28.9457746015492
-102.867583210995,-103.572073676081
-102.80965136128,-98.1104899317885
-102.808167955197,-107.342317387648
-102.707230476183,101.188330748174
-102.586438074049,87.3670297446502
-102.438045220858,106.698148816789
-102.059987373504,-4.78724131849475
-101.889394897937,-51.6245169373047
-101.669659378048,-113.130047379446
-101.515897296929,10.5099948493301
-101.285063720826,104.497503489772
-101.265259634395,3.10163767586757
-101.136423208925,30.7790702142179
-100.931572993697,93.1964167563427
-100.901565364621,-83.9058520713969
-100.866597224545,-111.699124992372
-100.794802620186,18.2193763200658
-100.625660338333,107.541783638263
-100.523578415347,-91.7847122749892
-100.301628040095,-36.6688589289562
-100.167259373199,-109.195309107073
-99.8199019133427,-113.888374289699
-99.7083273697715,101.765089318597
-99.7021390582802,78.8075522885984
-99.5979980335529,106.207003590043
-99.4976301444157,-65.1519673968746
-99.2812302889555,-17.1135512519397
-99.1212792974631,-105.710847234564
-99.0605996095875,97.8753717860965
-98.8251030355917,46.1217522276444
-98.8171329503501,108.393584131262
-98.7423581112194,38.1214846148714
-98.6315751956193,-101.185608270488
-98.4052559345204,-111.62734234788
-98.2691704969471,-58.7561166893673
-98.04020027311,-44.4752670882935
-98.0112413859422,104.384749122621
-97.9550811052068,-114.609076661519
-97.7874175744665,63.8033615564344
-97.6506676943084,-23.6356884711712
-97.3378205685222,54.7680238779049
-97.2990293002997,-71.6606077468065
-97.2804650138665,71.4328453595813
-97.118979404008,107.053345564427
-97.0494228235801,25.3707970272865
-97.0129084347455,109.254369820201
-96.7676895503505,-113.241422759291
-96.6965481350031,-108.341997946716
-96.6779029098906,-10.0145556259422
-96.0780577946014,-115.29717666123
-96.070131404001,84.3717099866642
-96.0134425597385,-79.1179008630526
-95.8417216187128,101.534217650477
-95.8088145948229,91.9204733250975
-95.3620490514941,-96.6286830221405
-95.2408690350721,-111.127734102505
-95.2325462399708,-30.9488843926322
-95.2134414912905,110.124948721268
-94.9214152115188,105.089896466102
-94.8679377332257,108.093356509644
-94.8524104087573,-2.17899939283819
-94.7590996784498,-51.7699725514498
-94.6513001744926,12.4186650586987
-94.3983912344868,5.46911136597923
-94.3477641883528,-113.796543970575
-94.2802912236172,-103.820881098484
-94.1897122347211,-115.953560865365
-94.1865919092847,-87.8131999942155
-94.1569610309387,97.6232979975867
-93.4187948257724,111.005970267825
-93.1581653103652,18.9375902849637
-92.8721912188408,-38.0974879569664
-92.7849901368942,109.488219392167
-92.7709524862624,-108.160181563822
-92.6994559852203,32.6532866689322
-92.4445620875432,48.1517526935338
-92.3093058959083,106.646172272169
-92.290523630892,-116.577871343321
-92.2254228559557,60.8634478282789
-92.1098172936081,-114.572620682957
-92.0932161828006,40.7623559963887
-92.0894585406381,-111.714168223423
-91.8340554807682,-59.3185069625022
-91.7866103557196,-17.1663260078459
-91.7641753299751,102.772776018351
-91.6188269801047,111.876057640612
-91.5882552931269,-66.5826626480309
-91.5776518790529,76.9940271806513
-90.7240988141779,-45.597646481171
-90.5030691612814,109.105468556103
-90.3809820961016,-117.169752962223
-90.0965908456426,-25.1229894119854
-90.0253934811106,68.3465129832461
-89.9528116255088,-115.658709075992
-89.9120308849284,-73.9740749662727
-89.8767910219397,-82.0032788334171
-89.8070640644098,112.721255114195
-89.7635426977335,85.3369212762585
-89.7271486470839,-9.72931310405266
-89.5911545266473,-100.298961481883
-89.5837055084093,111.014868515245
-89.4402568261425,54.046492221424
-89.3795402608133,-113.358130566115
-89.3498166515287,25.5752634248467
-89.2765791114283,93.0507695004725
-89.1220298774776,98.8936675726282
-89.04363156125,106.076016079351
-88.8319290881606,-105.970314351264
-88.7869525848093,-92.4009473625871
-88.6790414827271,-110.08854790877
-88.4615888651835,-117.728853583013
-88.0219609619065,-3.09185657700786
-87.9838164648118,113.541318284972
-87.844370626857,4.0367786053711
-87.5793640516852,-115.817070840442
-87.5355617911469,-53.5344929971561
-87.500729907835,11.5670786461849
-87.3544899699586,109.15020658812
-87.3333786721233,111.705650854537
-87.2876051848403,-31.749638175704
-86.5568816803385,102.814330249738
-86.5328565130891,-118.254824267464
-86.2590465536956,-113.064451872158
-86.1494001784071,114.336005424785
-86.116806713262,18.2381805670063
-85.7400430361054,37.7798566554257
-85.6733344459101,-39.5128083625866
-85.4761325961115,112.742952815254
-85.4141855450258,45.9218169140726
-85.3981825055794,-116.371811867782
-85.3852815169913,-62.1218793820847
-85.3286984216607,60.8621679674602
-84.9593730250011,-86.5860858357884
-84.9197968285799,106.892667589682
-84.9191363312568,-20.8242295096565
-84.5953091771129,-118.747319496695
-84.4119338326498,73.4740945617318
-84.3904664094311,-109.470041750861
-84.352540519088,30.4540263932628
-84.3108743957043,81.1983289764773
-84.3041368369359,115.105077593842
-84.246571555893,110.467808864309
-83.914680772393,-103.873444963353
-83.7546411465614,-47.2974235241067
-83.7250323677464,-13.756156708873
-83.6466711584413,-69.9525262999106
-83.574077677447,-78.1930463892854
-83.5630976238088,-114.08774296871
-83.3638820694755,113.414509927753
-83.2019710078865,-117.241259319731
-83.0870630000568,97.5477963478799
-82.9902970610863,89.3803718855639
-82.8513575347766,52.8396915594978
-82.7167123052621,-96.445108096288
-82.649482782913,-119.205997401747
-82.448353728977,115.848298755753
-81.6464171547855,103.547507304894
-81.5941935552999,66.2682738641695
-81.4327828894946,-6.86246061165849
-81.2500057631297,114.45656171453
-81.2121430184555,108.335105714405
-81.2107820980326,23.2776862073111
-81.2089605442814,-116.19889859907
-81.1807184594934,111.826989174809
-81.1086934288313,0.371148344280006
-80.9627999619891,8.30188698133796
-80.906611496697,-55.5097633444139
-80.8638101185187,-112.407691942271
-80.777172248775,-26.5094419878493
-80.6959252741432,-119.630520006844
-80.5821607744966,116.565519824284
-80.1587284603031,-34.2026620309859
-79.623170606,-118.006362974764
-79.5735118961572,-107.994215225577
-79.1564708424274,-90.3573096641936
-79.0951528907885,114.457975421121
-79.0835276503454,42.8781498889061
-79.0680526553307,15.5156678936767
-78.7351968454794,-120.020553485957
-78.7061049160474,117.256425181203
-78.7047465303236,-63.043253604358
-78.4554923213376,35.0697554098731
-78.3665895646788,-115.236141413122
-78.3525223921539,-41.896251492455
-78.1725655810804,58.3505659229452
-78.1287036260119,111.132975598251
-77.7869782224419,78.0989893317046
-77.6674190036396,-18.4762967195704
-77.6408186027191,-102.247228792939
-77.6183401268273,-83.2115950427978
-77.3017510370792,115.928038518762
-77.2934487734779,106.880479720087
-77.1846392205805,-118.147041958746
-77.1092833592476,85.7275380464327
-76.8965773531558,-75.8104537509093
-76.8775409715738,49.6808945912816
-76.8205343245106,117.92078627379
-76.8177369265541,101.168561860445
-76.7966552163849,-49.4083512278513
-76.7678701787953,-120.375768433319
-76.5939800265384,-111.78229360079
-76.4464621716057,93.8111133160714
-76.3291068445448,70.8162900634843
-76.1564903918812,113.573336644774
-75.9732245234502,28.2047199900675
-75.9605490465207,-69.4160680808124
-75.5062895474819,-11.0552676548598
-75.1698481999728,-115.773501955952
-74.982247311347,116.402052710879
-74.9257991075463,118.55837942248
-74.8265854276518,2.91161603342871
-74.7945281839502,-120.695849550741
-74.7233196466751,-118.574276048635
-74.1334386053388,-95.0714064075205
-74.1095400628278,110.309931430941
-73.6463699127642,-107.406061788695
-73.636937317946,-3.94002152106499
-73.617433048905,-57.3662985497215
-73.5980512628252,-30.2295134816928
-73.4688423511701,63.5013785714282
-73.1822057163811,9.18777859630451
-73.178898657533,114.046075256075
-73.1519940929068,21.887309749228
-73.0222551291266,119.168984453706
-72.8163099427488,-120.984401800028
-72.7594810699713,117.160773208746
-72.7584646552346,39.7721022693072
-72.7509483607192,-23.1517988504419
-72.6799119312412,-112.989482637592
-72.6715223628152,-37.0957855382494
-72.5597777392985,-119.190184847131
-72.3123799698847,105.713962744236
-71.8071226853565,-116.546791414861
-71.4434553124146,55.1846944095841
-71.3729197928716,-87.7012002902639
-71.3071354358368,15.4392543107169
-71.1098539589492,119.751659374187
-70.8340408196017,-121.24442246293
-70.8052820977874,-64.1936914303744
-70.7571140218854,82.2004877666659
-70.5357821131272,-43.9669093084728
-70.5068590498203,32.2209269636561
-70.4822806640199,117.927062329714
-70.4613338274062,46.68795128907
-70.4607577902236,115.081163565149
-70.3654028150635,-100.872077824431
-70.3647897081776,90.2069315150304
-70.360287759639,75.3268247342675
-70.3403234096865,-79.9946073399487
-70.2737633500374,-119.386358896155
-70.2447755970876,99.1700660902955
-70.1139767235342,111.239745721049
-70.02755842957,-15.1118598617034
-70.0025299786027,-51.1925426010946
-69.2713252310339,-110.606785911288
-69.1881149673231,120.302881965926
-69.0566713439591,-72.7394732143979
-68.848215988447,-121.475677822737
-68.6600012239563,-117.317824242398
-68.3443975056517,118.456402485665
-68.2093931504667,68.6154352020033
-68.2064075462066,-114.394006296551
-67.8100008376661,115.659762123408
-67.7733478763372,-119.727246991988
-67.6958429140823,2.21366683384591
-67.5170650246207,106.807440015888
-67.3455137928948,-7.18695300936286
-67.2575087411449,120.82198492782
-66.9674370968213,-106.224218110728
-66.8592418996275,-121.677952007858
-66.517031460589,-28.8085389955964
-66.3552296610718,25.5462109281908
-66.2674773315763,-93.2296971485284
-66.2405538962635,118.860219595555
-66.0599195040927,112.14831683814
-65.9887867000594,60.6516062360439
-65.9813775084969,39.0884412107612
-65.7661678209714,-36.0440341290817
-65.6359066208769,-57.6063742384908
-65.5299932850146,-21.0095174450932
-65.5124151725721,-117.693333384332
-65.4628155170808,9.7913974027549
-65.4498879737128,-120.060251275004
-65.3185436106851,121.308687757634
-65.0436555009132,18.2145159847783
-64.8695612731191,116.24712400685
-64.8675336037121,-121.851032306334
-64.8087552588323,93.942001605562
-64.7398928263276,52.2404412934305
-64.5740987679886,-65.9461456675348
-64.5518490675916,84.6408371751762
-64.4018152445561,-114.99202533042
-64.2034980177039,-85.1063576781541
-64.0617838247843,119.430969410273
-63.9676639311959,-111.139437863913
-63.5719253730436,-42.8899228495579
-63.4639718650321,76.7272262725827
-63.4411235396617,102.119977140207
-63.3888703600589,-49.8612492466045
-63.371687321337,121.762726176002
-63.221865136265,-119.985098822951
-63.107238956363,32.5010933013382
-62.9988679738945,-99.4012129483294
-62.8735148841707,-121.9947093788
-62.8504055191468,45.0876824821813
-62.6283435607277,-13.5678192529646
-62.5264653060546,-78.8755083290048
-62.274795659193,-1.46043619542344
-62.0893890434941,108.591754759723
-61.9846756373058,113.516056000043
-61.9584541784187,-117.673731549375
-61.9281951516356,117.24558042952
-61.87203423323,120.133733270015
-61.62800970587,68.7917225571878
-61.6027725012634,-72.0937100980994
-61.4172814286506,122.183865641627
-60.8776183894608,-122.108777480012
-60.7312683096385,-120.106230118147
-60.7081035454556,-106.209626248584
-60.3673928533977,-114.614100100555
-59.6396055782138,89.1104022289983
-59.6114636200851,-25.8318164704261
-59.5939179711354,120.870150544829
-59.5293105445396,-89.1476800835253
-59.5187740577783,-61.3683470867885
-59.4560832845074,122.571787225174
-59.3790244504848,118.564820687323
-59.3686837962216,5.64352531475444
-59.1627911283323,61.9477130391863
-58.8802857643183,-122.19303468919
-58.841073655499,14.0282989525876
-58.8015521701426,-32.5469837901551
-58.7827291749915,54.8924937100346
-58.6552739997041,-7.70327261128563
-58.603525703683,-120.345562242691
-58.5489168024693,21.9822699115483
-58.4592447918334,-110.901761537783
-58.4237803743828,-117.615113546904
-58.3697114323296,115.324679936366
-58.1236153253278,97.1822302197345
-58.088167083619,38.2484348398529
-57.9951815505892,28.7897595765366
-57.6697437657824,-19.1970351874316
-57.5913482655298,-54.0898061283677
-57.4886377669583,122.926231384534
-57.4180666452154,111.099347444743
-57.4154953077409,-39.1838373632935
-57.405210231836,-95.6384515073112
-57.3234045560242,120.982452427421
-57.034735877897,81.9096604558164
-56.8819677800311,-122.247283149463
-56.6400211622218,47.0677927098916
-56.498413320374,104.973066420945
-56.4836543173194,118.401515718888
-56.46064377645,-120.226603579103
-56.1897480399122,74.1070642437132
-56.0834356207335,-46.6364733487881
-55.9485899231701,-67.8685428618261
-55.8733935142022,-114.400212985924
-55.5154381659019,123.246953864601
-55.2706875159402,-76.3986163296893
-55.1738288182154,121.621049001435
-55.1053312508947,-117.844011460255
-55.0712916525216,-102.667137407523
-54.8829477197238,-122.271330101868
-54.7623346999188,-82.8975747648172
-54.6263599912234,-1.30696319064817
-54.2281686056967,115.29008019062
-54.188946895855,119.40926930251
-54.1770412470984,-120.449582011628
-53.9312764361098,-108.58951146206
-53.8719777129225,-13.0635900898395
-53.5714148817011,67.0347670425287
-53.536842068108,123.533732022814
-53.5018027271738,90.6385286969755
-52.8836544212768,-122.264978047466
-52.7490399047472,10.6538093895031
-52.6536667116922,-60.1279459410209
-52.6272527012595,121.597646725688
-52.4682015704775,110.856854397232
-52.4028440686017,32.8924329669666
-52.3605305187703,-26.3490308286271
-52.1977300111277,-119.814209914404
-52.1822526439301,-116.794647602382
-52.1805788166469,-89.8300321827911
-52.0073384394131,-113.164842176897
-51.7543898657996,118.392027984047
-51.7338702143456,59.8737237687295
-51.7036785303605,18.571516000587
-51.5699062770833,53.1128192776884
-51.5536767909372,123.786280524525
-51.4704369375688,41.0195796978136
-51.355736001849,98.050556237802
-51.3097856902306,4.23501041955872
-51.0114064200534,-32.8835728707517
-50.8848709024082,-122.227688924419
-50.6021639879545,25.4483639784781
-50.5351250773051,122.266911796351
-50.1947042069253,-39.6150652637771
-50.1624012020689,-120.429024235998
-50.1325022119266,-19.9995492353984
-50.0603589801435,84.9610309217459
-49.9673439832739,-73.0013137367025
-49.9492604368725,-6.59660448317468
-49.9199274755653,77.7535695244296
-49.8295340001491,115.653737819511
-49.7980495463513,120.071291829923
-49.7700861561161,-97.0641632829769
-49.7177133731899,-52.9825721365242
-49.6930178767046,105.399177687916
-49.566757549823,124.007206440625
-49.4621862455336,-117.822787298185
-49.0513000463478,-46.2206204013618
-48.8871171502812,-122.152951753268
-48.6698480702898,-109.230080343186
-48.5476904013111,-66.1899500033483
-48.4574475856104,47.380181290566
-48.1812924975991,-114.496068506509
-48.1325172979813,122.11514944657
-47.9184817435834,70.8839484322608
-47.8650250129131,-120.128203591327
-47.6410121152588,-103.788840390329
-47.5784018729772,124.21547818729
-47.4088938466603,118.752480399623
-47.3684210718429,112.013319831342
-46.8913204191623,-122.038201801908
-46.5644880111255,-79.0435073811774
-46.5124437738546,-85.5976211015984
-46.3119478057863,-117.48281172513
-46.2808476675687,13.7927118592758
-46.1712545216811,91.8559435427117
-46.1460703456512,122.125406184376
-46.0710018972672,35.4101129596176
-46.0586571150854,-13.0597508408491
-45.6215203809136,-119.976547835868
-45.58907090977,124.414882887936
-45.5160364741816,63.393744670221
-45.4563012483518,-0.653775078034579
-45.317383669702,-59.2264642447298
-44.997171928949,115.543561357178
-44.8982498214151,-121.883208167939
-44.8075395445026,-111.318184228638
-44.7175567413771,-92.4482569277507
-44.644891349298,119.736765642992
-44.4755495751933,99.6344606014278
-44.4673428511832,6.77425397455075
-44.3580233701563,-27.0690846373012
-44.2855571538262,55.7013434627872
-44.1429165710154,28.9146631692404
-43.9717552308807,108.358824610818
-43.9646331490323,122.69125185565
-43.822378957731,-115.227000940197
-43.5991449492261,124.605679217166
-43.4645193077473,82.8061097845786
-43.4236930965125,-120.21323420734
-43.4070447337796,-34.0670919248046
-43.3216813316474,21.2686064802485
-43.2740082163493,-19.9892975503376
-43.1481510316299,-118.064856138179
-43.0911402987067,41.4424979131781
-42.9085597218119,-121.687732961093
-42.7658768189667,-71.8697605459075
-42.5545391933153,-41.1706949384391
-42.1973015333683,-48.5873088844813
-42.0656440032471,-106.613701245906
-42.0484388563918,76.0504810807141
-41.9453784491725,48.8586521373774
-41.9002074957076,120.678087515469
-41.7602068995848,117.278636561859
-41.6629123895057,123.103338591166
-41.6083205549925,124.788192871071
-41.5447245390809,-7.26995551250545
-41.3241218673166,-98.7603223731965
-41.0505445006855,-119.617592744767
-41.0374134516513,-64.6682242317217
-40.942985517631,-54.8321072688928
-40.9233543209034,-121.451591166081
-40.7257365903651,112.514508855861
-40.7143672567694,-112.524959068042
-40.4985621648596,68.6464181985773
-40.3724243760383,88.2277993681517
-40.3476582943937,-116.689359990204
-39.616660514612,124.962711375989
-39.5588411568083,14.5176915627228
-39.513676866832,123.241972800762
-39.4774610896849,-83.3856134905503
-39.314689871506,120.815460278145
-39.2966428753322,104.554643814496
-38.9435137133705,-121.174595039757
-38.9066063661383,95.6194570613746
-38.9008412466048,-119.419398216695
-38.7017386649565,-90.5633821605288
-38.5044012734394,117.621746807463
-38.2919036401423,35.0423233541097
-38.07184981862,-14.5860701464637
-38.0552569270494,60.2864411378407
-38.0214768075524,7.03966825234269
-37.8803428597567,-76.1887939052532
-37.6623361797585,-114.614030613615
-37.6457985111089,-0.759882784789156
-37.6246148563674,125.129488646258
-37.5189736740333,-109.533845404223
-37.4267247968758,-118.001873819118
-37.3788454921442,123.323592572951
-37.1637445276737,26.7641678438893
-36.96993493784,-120.856571091433
-36.8684638370152,-22.6473377969535
-36.4796319941209,120.780796461039
-36.3310623190288,52.0718329562532
-36.1874425121791,-29.9319703333444
-36.1713146403515,43.5426725999649
-36.1212288035014,114.667890574398
-36.0652629251191,-103.509048186029
-35.8927369067292,-37.0218812950032
-35.7315856771986,-59.9190899444912
-35.6316901799049,125.288854716131
-35.5113085198414,-44.9246494001482
-35.4720939850529,81.494396164395
-35.4019318090364,-118.98724478639
-35.2872454135115,109.501704269574
-35.2189512060712,123.472828663409
-35.1286562819458,-68.5626189921201
-35.0032301152553,-120.497302353554
-34.9942354502739,-116.288815647704
-34.7459754355815,74.7201804056917
-34.461598868718,20.209861720178
-34.4566718538389,-112.520677414446
-34.2472621319042,118.232723379503
-34.0287478664005,66.7523968306837
-33.9724032898948,-51.9227798633153
-33.929582080689,89.4914521920662
-33.9222004379447,-8.66858586867968
-33.9116201654896,100.148553665977
-33.6675920664897,-95.9075836018031
-33.6383065944767,125.441058513223
-33.4880622403383,121.350760749937
-33.1328865298614,-118.237212263644
-33.0445644053899,-120.096676491463
-32.9703667207659,123.780066780777
-32.6342191745045,-107.697286393476
-32.4771374490157,12.8045984096748
-32.2548509197011,-80.6395213267019
-32.223794524689,-115.318912884856
-32.2231568296525,-88.0348309838247
-31.6445298166284,125.586372927691
-31.592471292035,4.37319686589919
-31.5014502138497,31.3756431390107
-31.3291575557565,113.719427283917
-31.2370846129868,55.9640932991454
-31.2179357024478,38.5413832534439
-31.0949455692788,-119.654576392055
-30.9571741301212,121.154886499605
-30.9229870469485,-117.626603492332
-30.8905679247506,-17.0312947528944
-30.8661027864106,123.692938848365
-30.8142997343126,117.874811869531
-30.6254459906914,-111.68090356665
-30.3286812724485,105.284263758062
-30.228054935603,94.4839301534455
-29.8643099001938,-24.793027280473
-29.8109602596548,-72.8981909510747
-29.7601635647673,47.1009111161035
-29.7084595013146,-3.04570890406581
-29.6500456662162,125.72508869099
-29.3700158999107,-114.676665287913
-29.3467850276102,-40.6289336553722
-29.3114992378747,-63.792944684202
-29.2848075777261,62.1465292753095
-29.2440450351669,-101.841930731893
-29.1552543439027,-119.171072984735
-29.0894609690872,85.1524904964411
-28.8169157775489,-117.083052474537
-28.7873828533182,123.878202896453
-28.4471092696272,25.0371385363179
-28.4113932586119,71.2503269648974
-28.3441764335085,121.465965313437
-28.3357185559846,-56.5188848336539
-28.2788241875649,-33.2835347368806
-27.953874474491,-107.39271692239
-27.6550645101105,125.852099172077
-27.498652747891,110.298372461375
-27.4531836384767,118.59918928694
-27.345494824881,-47.6069720289123
-27.2186447236721,-118.672320154252
-27.0606698985488,78.2650358817172
-26.8202588291121,-111.282516331416
-26.720816075217,-114.413537202798
-26.6761676464062,-116.747134171231
-26.6247965393598,124.328902834051
-26.5266350964323,-11.1187798415648
-26.2898837101681,-93.6667950021013
-26.2379988957171,10.0746525904744
-26.2242169622113,17.8664470839555
-26.140372983424,115.177096808271
-25.9662095730621,122.326843089611
-25.6586774599015,125.959619654303
-25.5876324931395,-86.1400975347216
-25.3845753451555,-79.2688177516238
-25.2814384495557,-118.178319274954
-25.2515608977241,52.9790764452992
-25.2416306514094,99.3090320433183
-24.8322215966348,40.2443742862508
-24.4881853368597,90.9412177606095
-24.4255132632524,120.008516014649
-24.3998036714087,-116.086758154584
-24.2912694767878,32.7149651228621
-24.2615196756925,3.04645431190295
-24.1647045072366,124.408557988118
-24.0457666049338,-67.39174232165
-23.8876995622044,-113.417086536343
-23.7211216863125,-105.812763990303
-23.7095482922162,-27.3672323511916
-23.6614907560703,126.047577754656
-23.4712672257975,66.5965982742928
-23.3432773987374,-117.690550435094
-23.2012733042145,-109.894976786605
-23.1466697112199,-19.1336424158519
-22.9507687528917,122.43849547999
-22.8920247634172,-100.275940232821
-22.6263285518622,117.424728157988
-22.4063032554551,104.883752960574
-22.2977717868082,-52.8105051062644
-22.2869251753021,-40.0738735556711
-22.238340546648,-4.42989713060734
-22.1534817157905,59.374144211409
-22.1098438440694,-115.487101877677
-22.0013838294801,84.1550597512029
-21.7329646825834,111.862804694623
-21.6634506055209,126.116013545922
-21.6382446156482,124.459918315027
-21.5548907639375,46.1139277234384
-21.4079925586991,-73.5971072746602
-21.4020658262221,-117.210154483196
-21.0922712531785,25.1208258024965
-21.0124471396047,-112.648876769038
-20.9271359634216,-60.2777016884387
-20.7582116147503,121.471384427528
-20.6325186363845,73.3970155081235
-19.9055992010587,11.2208334345208
-19.8626723145058,-115.046493422783
-19.664884702868,126.164951695107
-19.532751177604,124.512786211545
-19.4595536265664,-116.739313825822
-19.4245962851222,-33.7802618198837
-19.3877330292345,-88.0769196118002
-19.3347845451047,95.3916449365742
-19.3257012802758,-109.15209047844
-19.094613194085,118.981115120005
-19.0378183890342,-11.6300786354092
-18.972644917992,-46.2261830610449
-18.9618988271489,-105.075923238703
-18.861608637052,18.5633359449524
-18.5182072778664,115.283030092969
-18.2948084046755,122.716843649659
-18.240400731148,-112.424088636957
-18.2331192310444,-94.5486643918518
-18.2163229211724,-81.0905475815122
-17.9269194275137,79.6076965009412
-17.6659306384527,126.194425626719
-17.6555803506694,52.5565621753086
-17.6370814760872,3.05421192107262
-17.5997529230131,-114.642581113965
-17.5416763140888,38.2367936490685
-17.5136580407324,-116.279347100142
-17.2160058031014,-25.7095762457229
-16.9418443014681,30.9614518859576
-16.8901681443202,124.668652480513
-16.5646712993592,108.373061362062
-16.5458259287207,88.2724751569535
-16.5291453131569,-66.5411183946301
-16.4353120333431,120.106917302048
-16.3780736335118,65.6991691606259
-16.0823305087813,-100.961170332406
-16.0715673258213,100.949229801418
-15.8524502190629,-110.790446676132
-15.6667649001156,126.204468119752
-15.5654907383262,-115.83240665644
-15.4496717924742,-113.700409522144
-15.3834437600489,122.785346774786
-15.2228048734056,-54.1422272049782
-15.1723938717619,-18.0779744948786
-15.0457171757891,-107.064160519644
-14.8174053379705,-3.90440129403826
-14.5964686279249,112.932409564998
-14.5224548900755,59.0167598315629
-14.3999471999324,-73.8260695475107
-14.2602335197963,124.718571505963
-14.1280482474994,45.2572691176078
-14.1103938922302,117.397014784271
-13.6676350055636,126.19511340411
-13.6132578302347,-115.400021720781
-13.3936703050655,-40.0204635932835
-13.3618152859499,9.65488037967806
-13.3004829210475,-113.237744752672
-13.2590700296389,71.7746471453854
-12.9550867719658,-110.571450183545
-12.9373202023278,120.680690348024
-12.4929633942747,123.123295067444
-12.4702320603813,24.3591033160985
-12.3851442402565,-88.2814596917304
-12.3177096486748,16.7075414438705
-12.0592468774791,93.8222284087279
-12.04395302021,-60.3705041052812
-11.8597888081915,-103.478858355965
-11.8306334031289,-32.4777886178578
-11.6852998976161,-47.7549278066844
-11.668638393392,126.166396247999
-11.6581239102826,-114.984421134155
-11.608217193614,124.820120098152
-11.5055508283284,78.0886112998756
-11.4012129458173,-81.2638441931927
-11.3668719057459,-10.2989519223234
-10.9331286841324,-96.4854464752958
-10.9217599051938,-113.004070503186
-10.8893399256769,-107.724430238285
-10.8603383667243,85.0872544254786
-10.2686608562593,106.337728222351
-10.2625285765798,-24.5778357228064
-10.2361085020007,32.4475844428661
-10.2255871223306,51.3491600170698
-10.1763543642112,120.022144560977
-10.0854753245603,116.702320819441
-9.99459638785606,3.43709830689353
-9.93322415542398,-110.786574923943
-9.83587166777061,122.734853552147
-9.81676991745241,39.3548030292709
-9.79869230506087,112.138672778114
-9.69856272282833,-114.587256710763
-9.67006663542238,126.118354528257
-9.17222375120724,124.693250693047
-8.96077759562272,-67.6243382085601
-8.47339281768647,99.7333072899827
-8.2213829211449,-112.563919972084
-8.19032824593477,65.5241377424029
-7.94594250605628,58.8085063231933
-7.7303254770754,-114.236500570996
-7.67173993402262,126.05796866054
-7.55753654424429,-16.4769161558375
-7.47914393716452,-101.141272249234
-7.44168787725778,-105.979044905247
-7.31544452094784,-109.61669008969
-7.20701716894751,120.710489662424
-7.20178309853318,-74.999970240657
-7.17487418749364,123.745104198666
-7.04204548435012,-2.65995779344824
-6.81668191822345,-53.941377551301
-6.362416872685,117.080557277998
-6.23053873320539,11.3975495901245
-6.1472310549229,91.3886784476986
-6.08809098136926,-90.6847182474583
-5.8321932210302,-112.295938476981
-5.75020779168983,-113.96450981167
-5.67340648055529,126.001309461292
-5.58203363934254,-44.6374639037468
-5.44379333927748,44.944145606867
-5.43929499822942,19.304602059521
-5.40165070499844,71.7808825077883
-5.27229836632684,124.262579760309
-5.10818502714874,112.232004877983
-5.01503013821226,-37.8589714211148
-4.9994755329977,27.4206688383387
-4.88090754041039,78.6640303350834
-4.74225807054255,121.63099403985
-4.69956860734982,-83.0910226219961
-4.50554541659098,-110.318811737774
-4.35898198629221,-30.4068396272802
-4.08165231610331,-61.5453949306791
-4.01794399653031,-107.41638381224
-3.76011116875886,-113.776658796372
-3.67489435430869,125.949250910727
-3.63718277266868,-8.58097649340405
-3.41268899787462,-22.6371417334335
-3.3564238569523,118.50774349492
-3.25465303163384,84.6428759203334
-3.25266094212709,106.216488731317
-3.24265431345415,53.6004195767988
-3.17345867602112,124.037083730944
-3.15881988495671,-103.360012121598
-3.05924889660067,-97.2268189218551
-2.98661502538829,-112.018224880128
-2.86780226750749,36.0031687614084
-2.53627715988605,5.02153886002981
-2.07510984113664,98.2317046215867
-1.82966637836579,121.525939630649
-1.76354930907656,-113.677098752347
-1.67629652085564,125.90199824588
-1.40787599105205,114.730244347672
-1.37639106743579,-109.566372002097
-1.34619675050988,-68.9410844945517
-1.05368229322425,124.062321675553
-0.856480017575395,61.4337877910216
-0.697860502278806,-49.5853889358619
-0.460301939117294,-111.765334271144
-0.40076395826729,-76.0745846701431
-0.102803811076863,-106.378455713709
-0.0817004809351908,-14.4684067278876
0.23531245762342,-113.668193394938
0.322428477947532,125.859696120826
0.411713202289576,118.539130017498
0.510937065896572,-88.9743946184443
0.606286348967806,68.0272111561551
0.806424367579285,12.9970612890594
0.878974533939018,91.2892060720925
0.897423656916969,121.875163996364
0.90001785674786,-1.32290278933854
1.08403573890343,124.307415862055
1.12375287954632,21.7573780344192
1.20185244841553,48.9330179015398
1.3929061342779,-101.542965724138
1.40671373564396,-56.8808084848416
1.48796509652667,110.758017458632
1.53354745082533,76.3653053439516
1.75872732480094,-111.822105732341
1.89160698646226,-109.283904054249
2.05887821290569,42.2905579973955
2.19935102124924,29.362682354214
2.23253670006303,-113.750282764711
2.32124596893653,125.822432061715
2.63025567682991,-35.0440551227619
2.97456188409577,-42.5824085915342
3.03319184833205,-27.692218351608
3.06715239812042,123.474297021434
3.12359702101525,-81.5175155835663
3.33112778820334,-20.4351547369515
3.40211593340643,120.029384560225
3.41515515361563,103.329516686014
3.48549296906144,115.634757772784
3.49246466227582,83.818678952694
3.53770170503997,-95.5443495673916
3.7594822097371,-105.573622812426
3.97931726244445,-111.954572382539
4.16292480627851,-64.6029558694124
4.22432210290606,-113.921700780317
4.32015934360665,125.790232699178
4.45998715774121,56.1346664505959
4.5510919514844,-7.85632803216144
4.89193683759387,-109.502528727719
4.97432875376721,124.073631856722
5.1317489787111,6.26021137714926
5.2958146304613,36.1432044968769
5.49523831930727,121.666687758338
5.77635979309535,97.0014902416539
6.20651285201917,-114.178831243445
6.31913071864933,125.763064889385
6.33272408187621,-112.322709803642
6.38331627354064,-72.8411887911861
6.59329996606163,-50.5022448607941
6.67039650165877,16.680859742347
6.70004967201183,109.458712692719
6.82685419260292,118.511003571295
6.88859663621102,-100.900116536878
7.00576626387452,71.1494910790412
7.11460070127331,124.371488867492
7.16814396176941,-106.609094424613
7.40184492761133,62.7914771927035
7.49381342338584,-87.8236748115069
7.53644554757595,114.378428607115
7.67994694388957,122.540950711379
7.99543331876249,-110.115493588755
8.03469201016792,90.3299460470321
8.17491177477071,49.2495102126217
8.17654234533502,-114.516616974342
8.27068955730301,-14.5009628116881
8.31819995100982,125.740834479396
8.80129274370404,-112.796471697559
8.825827631988,-1.05521155951091
8.83430841675558,23.819349060237
8.83478829195103,78.6800144263594
8.94281814055347,-58.5785175863885
9.14170586592378,120.707590365601
9.5944316928514,124.082943242556
9.92529058671851,-80.1124846576378
10.0492020147624,-37.2978402128829
10.0553216784592,-29.6718024033684
10.1378157129527,-114.906197027888
10.1670340867577,-22.1753903038918
10.1841831657956,42.7000032856422
10.2628527056723,30.2249173969129
10.3172576405407,125.723390189034
10.4124560438508,-104.131527573314
10.81438278371,-94.3372809297109
11.0128074898858,-111.085449992533
11.0508347619823,122.426020022415
11.0626450686836,118.19514591385
11.0920925865292,-108.140450977487
11.0970078774614,102.079820704981
11.1464202572828,11.669351898833
11.2535958046614,-113.421128431
11.4044984793156,-44.6938190624623
11.5594705554192,85.3854966581548
11.6729223253065,-66.7195422630898
11.9046608725709,114.32265174849
12.0955037783953,-115.310902391598
12.1541008420887,109.083310199769
12.2215870911372,124.178460581755
12.3001507450097,55.9381136607802
12.3164171861485,125.706266366792
12.6776625204624,-8.2424979656049
13.0052628890891,66.9663589506528
13.0211011612995,121.089332539395
13.3257332100295,5.22254774099907
13.3703888224505,36.0813230268016
13.4427282954645,-99.5388766974309
13.5200782751286,94.8651357372867
13.5967476617207,-113.839278191305
13.7421197933089,-111.615717647596
14.0131225867204,-52.7210175690305
14.0503419293458,-115.728947870774
14.2365677084842,124.054411825664
14.315395073315,125.682009300394
14.5307690899059,74.1997635423327
14.5705672823096,-73.7168874631499
14.6323190440821,-87.3872839868755
14.6379836780175,18.8969422585673
14.6434217620823,-108.856720239178
14.9978032199019,-104.899506140607
15.0417784878593,118.384527369563
15.3774331962136,122.04970962801
15.7705832462412,-114.378183800934
15.9163763322917,49.1067274567471
15.962074205803,-15.6887519415046
16.0030905986166,-116.158843356988
16.2875162686539,114.421929056661
16.3040577479624,-60.9368768090756
16.3143781693601,125.650349982163
16.5057910086061,-112.258484480936
16.6071187386579,61.0999860007078
16.6999907743462,124.018179803006
16.965313838157,80.9636785872477
16.9902952686673,-2.0558588434833
16.9984013322055,-31.5403070304241
17.0570446686735,-23.3840984467787
17.1189346956121,26.8907898928966
17.271796587279,-80.4864999736697
17.56980245534,88.9552467145514
17.5972528885652,108.75573203571
17.6631153073923,121.022667125367
17.8322490937836,-39.1887939704182
17.9528491245729,-116.598746348099
17.9665836526605,101.854954751752
18.1083711165341,-114.719202321342
18.2571543526226,41.8666784433305
18.3131075906916,125.611134203048
18.3204572593641,-109.734871320017
18.7937753191215,123.640293144958
19.0514907848648,-106.235907008278
19.0875518355331,117.892172209273
19.2314597489253,-93.2476690067818
19.3227806180531,-46.8356566016961
19.3261352356403,-100.410973973702
19.3517973603276,12.4683927392975
19.7187533674389,-112.542453825874
19.8335038819518,33.7158268215287
19.9014590843594,-117.047461458966
20.1045966434488,-68.9584652181832
20.2226825135997,68.9242698340712
20.3117880600617,125.564185092712
20.3564995087163,-115.385316650162
20.3725307790257,4.97741073797028
20.5120275144393,121.251738154501
20.7484637396993,-9.0183007072999
21.0077278834111,123.734630273059
21.0352367614644,96.1308781122984
21.0396662531048,113.292885082867
21.2242285002499,54.7482157793586
21.4097476321046,-54.6568714505339
21.7477213931596,21.0542999995855
21.8475616212242,-117.503108874976
22.310160038053,125.509322533167
22.3364671275643,-113.295855995289
22.3761810940435,-85.5201708050786
22.4452544882413,75.9177561132675
22.5808255479682,-109.795041450392
22.6848897336835,117.749097361574
22.7035221720618,-115.883360876027
23.0790212057698,123.512001458188
23.1053815782129,120.983336273952
23.1974733836196,-76.5718113949842
23.3233106817308,-105.192769014786
23.4413885411268,-25.8845070423605
23.5478562103256,-62.4965525480112
23.6168772081349,-16.9209483573486
23.646391186941,83.7649437642959
23.7193559524842,46.9160594683668
23.7929437494804,-117.964592748106
23.8923460192249,63.0664340207942
23.9334801460975,107.103771244181
24.3083707147881,125.446344429328
24.4754185226489,-33.7008550155598
24.8648431542062,91.0481458662577
24.9605196054656,-116.163469975183
24.9683585442154,-1.3670272709096
24.9720657900423,-113.601291483893
25.2046817889472,123.533584458
25.4386333951759,38.4781262281427
25.4640798452015,113.476250695331
25.5906147488441,-41.3608796709091
25.6674386110225,29.5533391638556
25.7062621223148,121.042927342365
25.7371228105641,-118.430349712678
25.7680354279819,-99.5110412222807
26.2184216994874,117.971454766097
26.2838520667005,-110.583643356658
26.3062749329474,125.375046023157
26.4189307962584,100.37871083498
26.6288438859133,-91.8285128133531
26.9155290069879,7.24242823218452
26.9312154897885,14.9742711944484
26.9983437218432,-116.587725427832
27.2297784125582,-48.6836419777725
27.3565415766105,123.689127671204
27.5183943954198,-106.471534713794
27.6803369117667,-118.899051871657
27.9974607675864,70.737292802617
28.0944372469226,-113.948010537894
28.0956408735378,-9.43194949578901
28.3038183803502,125.295211132213
28.3256543766257,121.50258833435
28.4334207741883,-70.0107862295115
28.4916295187937,57.4972577733823
28.5972764330404,22.9095525893846
28.9653715736299,-55.9484867794938
29.0132699046385,-83.4541508259742
29.1150053242837,-117.129536916511
29.3356391999793,78.8663650583027
29.4901936061347,-21.4083179099222
29.5798398595018,51.2042135423982
29.592452576257,109.984830638642
29.6261847617528,-119.359607649285
29.6923817252077,119.131688598006
29.756588138956,123.388727697287
29.8570155873149,115.406228724755
30.3011479507296,125.206606356167
30.5610054848065,-63.1985338031366
30.5885651214521,-110.417552678137
30.6420593094912,94.8168444406469
30.769981284942,86.8652958099183
30.8276895373805,-76.9427200164958
30.9091862275578,-114.740690501948
31.0487059583725,43.3595773074707
31.1149127442001,-28.5984574162001
31.3708793392965,-117.60900335143
31.5768701434211,-119.797362068368
31.7123427466945,63.8374453107813
31.7321310880541,121.15819557474
31.8050786923171,-104.1941831153
31.9019080788393,123.480514119328
31.965167395977,-2.57101448332168
32.0698281392067,-36.4253316456284
32.077831101633,104.31267870913
32.2546794775484,34.9810213211243
32.2976062370457,125.103735002725
32.6743917726496,-97.0236401432549
32.7101583757214,-15.0406738822884
33.4182928176355,117.88085905548
33.5125989076747,-118.479959460029
33.5323088720857,-120.212239311756
33.6275981788452,-89.0129692994938
33.6843541986842,4.34704506929006
33.7657804730143,-43.6451678511387
33.8178905817397,-113.048962055553
33.9785815298417,123.201572348
34.0890561619221,113.433529668736
34.1060062961125,-116.156957866261
34.1907284588038,28.0100167076595
34.2600844301196,11.6544479499737
34.2926355765403,124.973574701544
34.5384650222724,19.0433528798719
34.6414106347547,120.699494806456
35.1943838395434,-108.866040944348
35.3225835768638,70.7700853217916
35.337878882704,-50.8397004869447
35.4926933187163,-120.604310173943
35.5859644574892,77.0541536664979
35.7344093230898,99.4554898068882
35.7978164904723,-118.894391349624
36.1257904030333,123.08960629232
36.2854777369435,124.815643913908
36.5452104046715,56.8671856525617
36.5775057073368,84.1891628449905
36.5964476990798,48.9037025551838
36.6030118577126,108.798993034178
36.7076925294758,-58.2788905894773
36.8244335243559,-7.99504398470093
36.8502289868515,-66.2916929402797
36.9401270309375,-73.3427489516711
36.9529587165585,-116.58913402424
37.1318763454319,116.958455800816
37.1936973010461,120.168356461005
37.2675893638894,-22.1637722295433
37.4577086636545,-120.973538294907
37.5008779574076,-113.380122651756
37.5159843409312,-81.4700489307995
37.6986986426877,91.7450678386424
37.9780487201926,40.2022165153654
38.1022720516821,-31.0969624392749
38.1481756292932,122.734239110243
38.2587294345617,-119.180646092455
38.2682496565191,-103.553844780489
38.2760224933348,124.630017597829
39.0259149645226,64.6809814874961
39.2017350228748,-95.3328843911419
39.4266375374908,-121.319828360583
39.5666589438346,113.128174747044
39.9179300511527,-0.261075346379899
39.9466291697517,120.096341701848
39.976129924172,-116.856210135271
40.1843411024418,23.7005111554678
40.2027789560978,122.657645452357
40.26385477413,124.416796064545
40.284822360221,-38.4485255369668
40.3722381652337,-109.543040823008
40.6220514481416,-119.750894270316
40.7510501484049,-14.2703345601912
40.8346312144326,-88.3654789275348
40.8402641120027,32.7854121826313
41.1808595571037,116.938616553449
41.3203269750346,105.729376249899
41.3992887906306,-121.643196491087
41.4669397494212,-113.950445343126
41.5460832076716,7.54790033127612
41.7086847748189,15.0893271902749
41.9709184508814,-45.661608181282
42.2483949320662,124.176108474941
42.2559244546729,98.7798621334249
42.2920164260943,122.307857016997
42.551055496955,-118.351736784933
42.6808677529443,79.2615386709547
42.9416465248283,119.771422077773
43.0115638898124,72.6255965787918
43.1393474776107,-53.1945878638709
43.2461961588509,45.5774600603079
43.3756895899463,-121.943693502546
43.3785073292625,-120.395963089531
43.4608240734121,-26.5378355259278
43.6291767036875,111.446531644645
43.7338526481045,-61.012107972482
43.7597670655876,52.6943055380947
43.8021640279962,86.1658622768187
44.0950843659291,-68.7394558476176
44.1717359777927,-116.350502448207
44.1866989447797,-76.5043629574545
44.2295846706697,123.908026905376
44.5027480285753,59.8125676059965
44.5942509828848,121.991858094051
44.6119987594653,115.808305154773
44.7668899476883,-6.02740204306741
44.8091202067257,-99.4217727336087
44.925734436537,-106.501612841279
45.3555371726771,-122.221318211603
45.4278588050587,-112.177511469537
45.5315719997732,92.867961335886
45.5589990739597,-119.68657393652
45.641832907551,119.11591811458
45.7963255771609,-19.7863725775787
45.9634699791538,-83.872453901412
46.2067969063948,123.612700378065
46.2390427519205,39.2435238232883
46.275775687746,27.2094821655628
46.3931271081581,66.5171283536116
46.6404230793108,-33.3773965252982
46.78910812859,121.601383403458
47.1307532154413,-116.851921772195
47.2373177667991,19.4758430302646
47.2800228081762,-92.4824905071216
47.3385321946313,-122.476077622297
47.5337288294392,2.22284341007768
47.8068384272659,107.020355208268
47.9318781963219,-120.383736624194
48.17974735384,123.290239592311
48.4165171725119,116.401360693621
48.5178384742568,112.529135021785
48.600428451219,119.334295491325
48.613421550201,-12.1809983846833
48.7332284513382,-40.2551983297984
48.9254721914866,100.609914469922
49.1179254510735,121.492790548097
49.3243790171719,-122.707986541069
49.3687682451184,10.5885993896567
49.5267662993947,79.462915119762
49.5756139133916,-113.550323431599
49.7550737679594,-47.8877089157005
49.9339512504312,-117.998012087411
49.9707124364014,33.0198700023539
50.1482367306172,122.940740545336
50.3284077812096,-108.541882134452
50.4636667868502,-120.801241809293
50.5049548920253,47.3487853202871
50.5845447732967,-55.5538493200291
50.7651002595397,56.2857942912522
50.8649372608637,-63.4604078587095
51.0877806743112,72.0381911341878
51.110477166098,87.2027475374041
51.113007778411,-71.4402439425554
51.1807896152557,-26.6182107401282
51.2438583510259,120.809675524082
51.3131047539419,-122.912984145093
51.3881577481244,-101.110289207979
51.5262244317575,118.178073247819
51.9890959773166,-79.1122552619737
52.1116074277304,122.564590414988
52.3085041471916,114.78367064728
52.6398198222843,95.0289755800216
52.7339640683645,-4.04107818898558
52.7589906835173,-115.404668910376
52.9194900405613,-121.37235403362
52.9343235739001,109.786794426993
52.9492301210827,63.9029677446425
52.999814804428,-118.906270080805
53.0151535644662,-87.1239428485351
53.3055238531464,-123.07635849982
53.4734971602609,120.3115095987
53.5369752366772,-18.944522647077
53.6473045326565,17.2604629141257
53.772159836665,25.3030382137468
54.0706389551303,122.166149780561
54.0833991206739,40.0908861798322
54.2734045030616,-94.8615746819795
54.672035503643,117.528396641241
54.91395677858,104.271661385442
55.0537270172203,4.04410568179157
55.1134740825829,-33.7583178414861
55.1553576594684,-111.727374169293
55.3010033846559,-123.196970317591
55.3731698699656,-120.624965788724
55.7005530490757,120.054613235975
55.9367515617977,-10.9840383422066
55.9709160850775,113.432695548857
56.0255477694086,121.747191307319
56.0270473830454,-116.900992813422
56.2765108218746,52.3377262547681
56.3095151822267,-42.3060982951156
56.4482459124151,-106.108590817036
56.9988989569149,75.9619900188372
57.0128445528342,82.692519972022
57.298613228125,-123.275031892145
57.471213052067,-49.9490064806576
57.4722288277304,116.435468269857
57.5375622336952,-121.59014779533
57.6270962266363,33.2002459127269
57.6646650057928,119.130149684759
57.6668923695781,-58.2815062058328
57.8465381931604,-66.4737036677849
57.9757705285332,121.307823702417
58.1231604640697,-118.884044900285
58.3550143141231,90.2817859797186
58.3959339675952,11.4944602865773
58.3998454447584,-74.5456754004664
58.431852419678,109.404132432579
58.7428912154414,59.5409999417621
58.7547300546202,-25.6942568413898
58.8818323675927,98.3082560370607
58.9601406135589,45.22918302374
58.9931630976734,69.0553747059872
59.0334723236528,-113.858640772133
59.2223782505847,-82.7036427189441
59.2974396175517,-123.310771045595
59.8162925705303,119.135202624139
59.9212964988094,120.848040837995
60.0116737507529,-120.942767446638
60.2206818797584,113.379774673775
60.2240194325593,-99.5563904811378
60.2339428645222,116.725665870033
60.37820710099,-90.9002674421067
60.6430633002283,19.3766625715018
60.8081140103079,-2.40473911206884
60.9311438646295,-117.388367493927
61.0250293201562,26.8426628674239
61.1470213193006,-17.793464387255
61.2965850787004,-123.304430407221
61.5860708661268,-108.505933951177
61.6148125018415,105.168549922424
61.8620315558513,120.3678521841
62.0517090709983,-121.622959145831
62.1446402961947,-37.3540423435822
62.2175507404608,118.308098963088
62.8511129272762,-9.85250867088899
62.9022198970957,5.65446505487376
62.9633904946831,-119.462477341633
63.0390510605537,38.6007428898568
63.1021943971789,115.252536308734
63.2951683458209,-123.256266720216
63.3998776646425,51.5776588151632
63.471812567033,110.650424960489
63.5542096870156,-113.740128819532
63.7975848312808,119.867343781516
63.906596504307,84.955838266816
63.9495809674543,77.0029342030466
64.2143479677807,-53.301293855787
64.2167764249333,64.3705298262867
64.3956580801643,117.667004588557
64.5200426221534,-121.540007249657
64.5239613859606,-30.1887881190125
64.6297140208569,-61.8580810983073
64.7857979726268,-44.6198126383538
64.9410371407401,93.5185882809969
64.946826314386,-69.9742831971848
65.1110836555197,-117.349959291769
65.2923242596962,-123.166550176039
65.5531172394725,-78.0068203048809
65.6121323701114,113.927376696285
65.7276266615017,119.346596335771
66.1934018761188,-120.40893711107
66.3494895631493,-86.306270501918
66.393728508653,116.813757261774
66.4499081253147,31.8432757769951
66.4828036146973,100.520512616844
66.5687627808022,57.5584245690765
66.7625103151391,-103.327349745635
66.7683533456967,14.5100964326474
66.8094045156647,106.747920727538
66.8541670352991,-95.0273981559106
67.2134015841771,-22.978118963374
67.2663513442181,44.7216364240471
67.2872036489379,-123.035563775925
67.3739774296823,-110.172206427457
67.5286369660884,70.0868909321619
67.652213705231,118.805588699163
67.6706748714349,23.1582075174985
68.0524477734868,111.021900618208
68.2248795858253,-114.90893969847
68.3652046977357,-121.22510153646
68.5080850374797,-118.507229205036
68.5934720248846,114.411008315146
68.7394966925735,116.751605211657
68.850236399305,-0.114234493396064
69.0446932128017,-15.4127455391394
69.2789731963327,-122.863602719045
69.5711247604576,118.244374047044
69.5761117259857,-7.41084849924246
69.8262618115187,7.7090256932119
69.8965061387899,-35.7298375710716
70.2993937629991,89.6799462365026
70.7236638441338,-120.629299334488
70.8484870384232,82.5819725116366
71.0730873305065,-57.5098118919959
71.0972991543938,-49.418884738337
71.1184644402371,116.103056429527
71.2668152919292,-122.650973816754
71.2865047253216,113.718150337661
71.4003806561105,107.187156057454
71.4699330818841,-117.460213004237
71.4838982968532,117.663084066415
71.5708463041989,51.9774990644283
71.7362274657803,76.0517674985487
71.7562206448914,110.936061288632
71.8415690650313,-65.8375012297407
71.8925368414584,37.4265761514285
71.9460376566295,102.448232497464
71.9852317543977,62.1040933870731
72.176295485905,-113.140606049682
72.4202531681592,-73.272531191511
72.4945912593439,-107.473869305063
72.5344159429927,-81.4312749887107
72.9156873788915,-90.1481010971253
73.129225789905,-120.130528531143
73.2439645245014,-28.233175739041
73.2499278744493,-122.397994932335
73.3342102999368,-41.6258417707775
73.3860020057882,28.6129251139486
73.3905398400117,117.062524519499
73.4550987660266,96.2033158973515
73.5969732177384,-99.0116844333469
73.5973225657404,115.004525266846
73.9294516878032,19.5882588151883
74.5112611738246,112.314493142576
74.5433456453895,-116.755139204909
74.5919226998962,45.261651692898
75.0992329750318,68.5820789892141
75.2273056613179,-122.103449070686
75.241045085305,108.497209630234
75.2943610577713,116.45250052742
75.3890014549661,-119.807729935178
75.5364632268518,-20.5813975064602
75.5701431048554,12.1918607426396
76.0842934033131,114.260332043312
76.4109535818324,3.66566039760581
76.4570842681797,-12.3432807273789
76.4992787398839,104.016239724922
76.5178679166563,-112.436498555202
76.5985139066357,-4.16121819091202
76.9128947351591,56.1779900640177
77.1961913168513,115.83590028771
77.1970619206723,-121.761852529326
77.2875479391011,88.6699039762934
77.3110899354282,111.190211352138
77.5211101700951,-116.616316886932
77.537682356638,-119.598042806792
77.712665789861,-106.40988368777
78.0706997672967,-61.4565231329727
78.3080789798338,113.526287910327
78.3155981301687,-53.6895574737361
78.3291255120291,-34.1103210272419
78.4880451317284,81.9833668688365
78.7100285054691,74.997994784228
78.8154408885375,-46.8868139115342
79.0916800660293,-84.6811379583457
79.0958977159326,115.212434955249
79.1065586269902,107.507566444937
79.1450269835638,99.6365415030852
79.1580221766835,-121.372998149991
79.254520348039,-76.1779155899951
79.4506301154317,33.1283221679109
79.5800085348195,-93.1786084846443
79.7139329431957,-118.906560823167
79.7961315346984,40.3221113912027
80.0613166768575,24.3134674175163
80.0728507453018,110.75590471123
80.1873482397302,62.9606466783
80.2010041308351,-68.2621622674703
80.3207789900385,-115.323080852469
80.5407018751204,113.04844191701
80.6518270623443,49.5113343611173
80.822484848626,-110.791377757602
80.9928521523351,114.581983233142
81.1091016058017,-120.937263050206
81.2392170333971,-100.852463791141
81.7614165922937,93.4844647807706
81.7889181912922,-118.372843008271
81.8189338470378,-26.0726378618388
81.9481455176721,104.34419065691
82.0431748718512,16.5674199823864
82.2420725754898,-40.8247564982534
82.4532863454562,108.76967903393
82.6968871513353,111.892742672713
82.8214861894644,8.16951693659931
82.8874052732877,113.944103921713
83.0492173736965,-120.455048188265
83.0659614732999,-17.2014229695513
83.5213646315817,69.8859923726766
83.5842429826219,-113.47934426491
83.6157975030279,-8.50201234740624
83.6285988465843,-0.191024575599597
83.8375682489285,-116.285239322333
84.1509950483326,-106.645070880724
84.1551804353594,-118.574176161781
84.6106254625369,-57.712852037825
84.7432647881974,111.026960308313
84.7662816551852,56.575420183637
84.7794262409649,113.298516905402
84.9773025697862,-119.926775456398
85.0399517973489,107.704458413776
85.1045257859056,99.4718748139567
85.4382844239955,85.8212754940835
85.5348476008369,78.0245691808277
85.7959455161235,-80.1823042288568
85.816447841551,28.8306872810031
85.8176320889512,-88.4736191736344
85.8531623701052,43.9769727944696
86.1284630927908,104.080629741091
86.1447455650311,-110.950620970693
86.3083249506027,-49.131550802736
86.337213933915,-117.55108538635
86.6687711575375,112.644951570266
86.7103279681277,-33.8236889865962
86.7791226954407,110.246239459413
86.8857855261902,-72.1735889515877
86.8923066511311,-119.3528869192
87.0153371285869,-114.730663391479
87.1782862677683,-96.4691042223608
87.6750799192351,36.5139594340991
87.9866816494814,63.9171826867466
88.1485325317154,107.172760851309
88.2678093654902,-64.1991426508588
88.3442480524799,21.3008542853916
88.5141476152007,93.4733830339708
88.5552938538933,111.983144131402
88.5625154634504,-116.860960649045
88.765011175145,-103.225189272998
88.793195550713,-118.733844133285
88.8606794446433,109.812359363491
89.2012928460276,12.6088762059672
89.2207620267675,50.5507071078555
89.5405811552372,-108.641308481853
89.6926757883102,-27.1715868424358
89.7327168031064,-112.954082054275
89.7688780022344,102.849312403698
89.8018990623342,-41.2149833516386
90.1100046279893,-19.8095951317358
90.2570097438626,4.33063997082314
90.413106305801,-115.846099218434
90.4388466101195,111.312838173146
90.47100489834,-11.9104966329292
90.556276651306,98.655544632525
90.6789517599782,-118.070127491411
90.6897668417546,71.9883554403727
90.7432041953712,106.273485696212
90.8857221450227,-3.71403675683945
90.9054029043239,109.092080012498
91.5287895317239,-55.5951349176963
92.2780215577157,80.0660648756861
92.3192808463638,110.633785089372
92.4405237531441,-114.919698516228
92.4678911620077,-84.4944773253754
92.5485743878773,-117.362235591347
92.6333408085113,57.7802595673831
92.7008420078987,-111.390860957888
92.8519150715956,88.0586536655774
92.9119278662145,29.9509171822846
92.9582167062349,-92.6138231722394
92.9646664024016,107.947443579661
93.2471759959776,43.1396055213802
93.290463219546,104.370732122426
93.3778855360298,-76.7763978444024
93.4076850398425,-106.647521108899
94.1964477788723,109.945744429202
94.2882602929752,-100.633608440524
94.397836060128,-114.045016316948
94.4010791985568,-116.610684629636
94.4563508030844,100.830192201525
94.6756153844007,-47.6508440031268
94.7893871235666,-69.1180031923735
95.0527052907742,107.911914687623
95.0979170023469,95.3326606381492
95.1610032450171,65.6389943518792
95.4351148134863,105.772395174744
95.4559255211626,16.2761723681562
95.6449080918308,23.7265736627342
95.6771983767427,-32.6786173635955
95.7088671313007,-110.179571766084
96.0688511811853,109.245109592379
96.2354986297762,-115.816007820306
96.2967930261033,-113.452773584357
96.3753390353416,36.1446681245767
96.5179533493774,-61.4362517780584
96.7915729631328,50.5362588308247
96.8577975195353,8.17021488855737
97.1409335901287,-24.1396005893194
97.2191056450593,103.574729046642
97.2538657323985,-40.1589758218736
97.3501497324932,-105.644543473439
97.4777321392922,106.893552302679
97.5353217324863,-15.7028470500663
97.8215404506144,73.8871207620393
97.8941623842986,-7.38749978537148
97.9323949781943,108.521416166723
98.0517930226389,-114.98146152455
98.0701874605161,-112.367097168194
98.2789596901156,0.753715714074316
98.3732496806845,99.8170984559714
98.6715884640028,83.2536407998439
98.7974135611121,-109.178450357294
99.1758727483138,-53.356666104681
99.267094530047,-88.5852050786167
99.3400367361225,105.675476592254
99.3706381158974,-96.6467530296602
99.397970164335,91.0976287073975
99.7866118702718,107.774115023013
99.8025434884706,57.8808147266651
99.861987970296,-114.133008497797
100.10985719343,-111.988452967569
100.126163507534,-81.191464206979
100.279878544194,-102.293597586523
100.34846064013,102.792957924993
100.54555540251,96.589243521825
100.934439887763,43.3726921222368
101.404765185463,-73.9981204520562
101.512466845163,-106.832931567315
101.557937654222,105.115457074754
101.599523143566,-110.515058585121
101.631240815334,107.003422855826
101.650898206668,28.9186390567351
101.668785752844,-113.277338641936
101.669730237663,65.4453492775459
102.504408780081,20.5400457874008
102.586141298257,12.4658458632291
102.703187210309,100.799157256763
102.868478744523,-66.616223858252
103.41153897421,103.820923819296
103.443486109879,-44.9547871162718
103.46085322053,-109.732004771953
103.466026299943,106.209557796421
103.47188800165,79.4446862222078
103.472056720262,-112.414256544486
103.527338418878,-28.5580863788949
103.950220970908,-36.2977144493916
103.998010297731,36.4597943795951
104.216728290121,-19.9018585657606
104.362205205305,49.963941255469
104.572333177572,-103.510558458984
104.607132180096,-59.3352338023295
104.609954705698,97.9637785790045
104.724684443638,-11.1462317139579
104.733857344693,93.8826100955481
104.794965469872,-106.801123416256
104.812867092852,-98.9424020041911
104.944749374871,88.3450344011984
105.098131260994,72.0548074279715
105.27167109564,-111.543569891629
105.290718281354,105.39273928733
105.42713445854,-2.8710218412414
105.457386360409,-93.2059247766215
105.474723926768,102.936202099137
105.549565363223,-109.498862537142
105.804693491842,5.49088456461017
106.202388350962,-51.7153879999189
106.447477257484,100.495920693915
106.680141558383,57.3683100790249
106.821371044043,-85.7684911369386
107.06749942079,-110.665089830851
107.10507212749,104.553187960687
107.261490403464,-108.061484849833
108.005650249892,-104.9362075656
108.081415359802,102.342855367969
108.301899513309,97.4969984492193
108.327473699712,-78.6803934780813
108.502478003259,64.5282612554449
108.625622466392,-101.134197147941
108.859412975834,-109.778631278204
108.908848555019,103.691125520298
108.909588912891,15.3115699368609
108.97518700303,93.3680049763429
108.978012557588,23.784409329192
109.097323181,41.9978000672796
109.287104827054,-107.500833872925
109.375048801413,-71.2477839025161
109.396265964217,31.7380791009572
109.425335219627,85.214616950482
109.619845101907,100.483614806267
110.196612398102,-96.4623915090566
110.399201467495,78.7487112343503
110.647284170437,-108.884013172595
110.701813565677,102.806774627415
110.735359893256,-24.3613695626129
110.90337757913,-40.1620868340204
110.966368227172,-15.387763869391
111.004200049294,-106.252270294701
111.081845561688,-63.705476963866
111.241566682655,-103.364729460653
111.385826326731,-31.9632457075171
111.419223705475,49.9375126856336
111.506898021412,96.9744202340439
111.606250742476,89.8238197825263
111.816405587928,99.9710705114969
112.121969009237,-91.0389318135153
112.270917720728,-47.5482729720753
112.326234618635,71.784260763886
112.391332772441,-55.8549398562818
112.430986904873,-107.981058679911
112.470932143181,-7.10508977623514
112.483738380971,101.900358790177
112.831846916838,-99.6718530355676
112.995818232011,0.921625172085031
113.233138291066,-105.457272433986
113.369191202716,93.7540665521057
113.600425184397,9.45821440430255
113.890612089015,57.503029250267
113.908707717273,98.8916525044135
114.2103968996,-107.069595349986
114.254399375417,100.972102256701
114.314945609381,-102.590091448679
114.871762276563,96.3477247130743
114.957145763476,-84.0171829185344
115.267367345362,35.7702769080036
115.29783865449,85.1492855478273
115.310768888716,64.5876559567999
115.451626109005,-104.634270260755
115.588373241853,18.1575664602361
115.600284938669,-95.9258393281371
115.8649244906,26.7955123474418
115.985391992491,-106.149455229698
116.013500258345,100.022272508169
116.103435036784,-75.9486687552329
116.148499092483,90.4824541691417
116.324601882525,97.9961685819263
116.445035360985,43.9661067219711
116.527146311664,-100.0911834672
116.769600713763,-19.9723457776252
117.075979758239,78.5582028516769
117.142125030649,94.1772027776185
117.228774361286,-68.4206152025893
117.322409897459,-103.061930255146
117.755725693886,-105.220541828661
117.760889570886,99.051201590828
117.771413425443,-90.8830991994265
118.164351762348,96.5807228834899
118.235166185126,-35.7580384882191
118.578493550702,-59.876755736527
118.719638299999,-12.028258344235
118.82627934836,52.3158726212706
118.974290722692,-43.5275495586897
119.144759388008,-27.3822231279592
119.294817803197,-98.7597861338544
119.36440750205,-101.87095550161
119.405583122302,70.1573853411299
119.460057219072,-51.7796108290558
119.499459771304,98.0644589618847
119.521111556382,-104.282789338197
119.575463301458,88.4698671408453
119.698310444695,92.5190145954597
119.865399742752,4.84804965127008
120.147942271788,-95.4635217943593
120.28194325168,95.3597956247622
120.385822041709,83.7026990197633
120.597030392541,-3.83618057468041
121.230821872957,97.0650794874631
121.243552455406,61.1942847552134
121.279297662673,-103.330750854365
121.619405289668,-101.003339216216
121.622761343295,-86.595257902114
121.835693947123,12.7278017078221
122.090323662624,30.2020048970215
122.241090500199,21.3956095956688
122.368407838192,90.986136096033
122.396425741002,38.300330975638
122.424720253312,94.01606262627
122.447314337487,-79.8359991575884
122.511632756316,-98.8301843799397
122.57477224065,77.0492091756904
122.754998705505,-92.1327853636342
122.954835491024,96.0530440035309
123.017403832755,-102.343029736539
123.519450603011,87.1253928522141
123.522280647364,46.1353023987477
123.745719699443,-19.2903390676278
123.854069283878,-64.3940429758884
123.895728644196,-96.211441159553
124.402408249399,-72.2573473394253
124.624203494907,92.8173880816671
124.669991969393,81.9969092832353
124.671377739554,95.0283285298179
124.733486738202,-101.317510236672
125.121231457028,-98.9170036523641
125.155739034421,89.9404755841211
125.422003087885,54.5510280767502
125.590443969987,-32.5015346087941
125.676044103218,69.1549127121423
126.057406525852,-39.5412040683373
126.149179849101,-47.5602564234112
126.205055625853,-89.6242534571498
126.276239437247,-94.2105042753381
126.278121837383,-11.2079421315822
126.327103231127,-56.2446257683178
126.380328359293,93.9909125256085
126.426789743839,-100.254786892413
126.477631560308,2.75095325223264
126.822407921342,85.6074657436896
126.892397048488,91.6657040265136
127.10839320762,-97.2519129026285
127.177540150929,-84.2091013423541
127.537646522946,76.1237657405103
127.576693177113,88.6007214782344
127.981462938156,-25.9109641554476
128.069725322135,62.1295838702413
128.081569787434,92.9407787220608
128.096572403355,-99.1554656658877
128.682215549265,25.0804208575712
128.808594805717,-92.6186459895592
128.831825136116,81.7190389031894
128.949975448218,33.4631753427853
128.952953103081,90.5106721510709
129.142110355175,-4.02853879205449
129.243477232522,-95.7401560742537
129.265040431538,17.0099144382987
129.57622114778,9.71754311061851
129.742110408152,-98.0201634817277
129.758658915627,-78.7300996148087
129.774987211086,91.8779129509833
129.835824721313,40.8144284172179
129.974901732461,86.2446033713127
129.979919938946,-88.1850057211412
130.130476597859,48.7284862384811
130.25501245381,-64.6541268033772
130.634060976441,88.9067728076538
131.325585061975,-91.3525563080747
131.362669133742,-96.8495272860223
131.379685448312,-18.2279060597828
131.460412218322,90.802340254767
131.495607151539,-94.3137684264724
131.694759294168,83.6363996639458
131.873823934144,78.7507905968344
132.235149924356,-71.9205020952967
132.278891507951,-84.6334408108787
132.304044327841,73.70687244636
132.673754369509,87.9576639256289
132.707187748912,56.7407315049903
132.819917739394,67.8248603233276
132.851289587692,-50.2835952194258
132.957574630032,-95.6441831754398
132.96722500915,-41.8225268787685
133.137296753449,89.7143410543161
133.168730550782,85.8904750435147
133.596276302095,-89.0241528862508
133.657515046272,-92.5307587438344
133.705805741615,-33.2948464285632
133.726802576473,-58.312949128601
134.091851333379,81.6245311732291
134.468204904727,3.51611283571957
134.526160771914,-94.4047710928978
134.563082546782,-10.8280369890468
134.805982750658,88.613627455968
134.831848092295,-81.741696274505
134.960512479933,28.7727932160621
135.164602912255,86.6123360875086
135.435922886624,84.0876117561976
135.534335911216,-90.9301691331994
135.628886282691,-76.9258778469012
135.683180872579,-25.3445860576497
135.702559130146,-86.8618820642916
135.973620287923,78.1024364438446
136.057209886624,20.4503199530715
136.067767331662,-93.131947268791
136.466366788383,87.5001976512875
136.568484457279,43.3686633944955
136.588790075414,62.9654720523571
136.766061613245,50.6646038394876
136.822835680291,-3.9121264802559
136.925882582593,35.7538929002067
137.229378918878,85.0888691010475
137.280130425744,-89.3359923937864
137.305439172237,81.6623494430423
137.339337124933,12.57237313173
137.434833898322,70.9552264929009
137.581749802872,-91.8263768514295
137.717197451053,-84.6149207259906
137.733757880963,75.2057486868821
137.817352501916,-66.5170790765096
138.118348353664,86.3740520309207
138.754763035332,83.6730426850072
138.836785182953,-80.5153159020397
138.840977940479,-72.3884638008766
139.005348251184,-87.5591806565086
139.067479304088,-90.4887335553844
139.21731810395,-16.9854534024165
139.413577671586,79.7958831386202
139.761836062025,85.235188646166
139.801923232547,-45.5955162112903
139.964283688828,-53.3067631455879
140.409483514709,-38.2516838078475
140.437244212561,82.3811487219717
140.483891080188,-83.2717483108146
140.524342478694,-89.1196993264377
140.638833831577,77.067015516607
140.721046846663,68.1099167531086
140.725232009348,-76.9769053502815
140.761089083052,56.2450512764293
140.868246964039,-85.9721287162318
140.985194463803,-60.6745437607388
141.212404912744,26.1840980283019
141.301124475556,5.70511789160496
141.391904831345,84.0777017633902
141.914476109316,73.277473901982
141.951613429484,-87.7198390994535
142.224956894947,81.2986819476334
142.466748903704,-30.7118308035584
142.526363233093,-80.6301697607622
142.590495515233,79.2047617606152
142.793751891207,-84.0334576561318
142.82004759078,62.6287998183606
142.942720892019,-23.4503272279793
142.994841450502,82.8830196382304
143.245511325164,-1.64564936665937
143.34254059653,-86.2838549681906
143.344686684378,48.1393518003254
143.432177803158,40.6036003164353
143.448130357521,-70.104415982228
143.481860878849,-9.7455493883506
143.729377368291,-74.107709584461
143.778760953756,76.4762267604995
144.058067060787,18.2576717347259
144.105599651081,-65.6741013630333
144.285780422245,32.7848667837095
144.339277181088,-77.946017037106
144.419877273747,-82.3773701459564
144.477371842003,79.753176829677
144.568876889002,81.6505406078877
144.69268813848,-84.8095072221004
144.867168383919,71.0436759020958
145.545823751127,66.8897993969618
145.663128363218,78.0631327437238
145.740557643291,74.5584374912129
145.767612960804,-80.4862489604529
146.000981216289,-83.2979124971433
146.037250631827,-56.2879913305541
146.113150667883,80.3809945867357
146.199908835769,10.9081347150315
146.511921461338,-49.8119307538167
146.640505418571,-75.5593079450751
146.824743804039,55.879500830304
146.994630489505,-61.1142256001548
147.172342202892,-78.5555826070255
147.197296857643,76.7932786776769
147.262130460043,61.1615334234271
147.266366650911,-81.7502329336767
147.483855934764,-16.7142395268736
147.587724862696,-72.419648790798
147.62684402178,79.075110852015
147.782924628275,-69.1100699406268
147.878905417324,-36.7502499723759
148.039671625779,-43.9553785780704
148.03982907328,71.2139316527636
148.119604881508,24.9443219436346
148.143838797654,73.7020530932622
148.487825466194,-80.1676635452585
148.715450243232,-65.2944867617668
148.765236613326,-76.8749293642551
148.955568715255,75.6729556336606
148.987347787321,68.432242900055
149.109134908509,77.7336545221087
149.238034792913,3.04218313583292
149.578750869097,-74.7466214973349
149.664373989159,-78.5514309915237
149.769501091181,65.1068394371249
150.122547574313,-23.8458221498019
150.135103637648,51.2366438123808
150.34933072846,37.8608766797593
150.469083944493,-53.442009032957
150.490043151629,-4.76723786797661
150.536104194113,44.8701430103291
150.559189562482,76.3574391094207
150.700496553961,73.9698449784531
150.733525017324,71.6911041924212
150.795077403425,-76.9027735297273
150.88342934083,-70.9813503622776
150.94825755632,-73.0616713100858
151.030675555264,-61.6473904676013
151.144571652764,-68.0482325927229
151.350854609516,-57.7247110800915
151.470869464833,60.8444135814477
151.479526394026,-30.7554771131652
151.730607649781,69.1904903390614
151.879016837126,-75.2229879616415
151.976226620664,74.9472682054535
152.180973346055,15.2657155127256
152.238735973077,56.9952899329361
152.265888248689,-65.2031822832981
152.334742271905,30.8849101633595
152.56785709978,72.2227948585902
152.571349702164,-11.9160235734749
152.68785075855,-49.0333585072944
152.915309012011,-73.5134065530418
153.113744125844,-69.7050136276972
153.164654836024,-40.5408286382829
153.20922934702,67.1835037824783
153.310876256518,64.4940691169116
153.359484944112,73.5039621803739
153.694227247777,70.464626328075
153.90312251237,-71.7753700682094
154.021664021479,-62.8567497114918
154.102621630837,-67.3231431053584
154.237314192508,21.9410156043402
154.303818399067,-53.6894810840035
154.431034900477,7.71403182405168
154.498243614049,-60.0082020716258
154.708252101998,72.0283259251974
154.760658327139,-45.1172635529871
154.841665968624,-70.010244350416
154.973697801302,61.5292485503771
155.004817405928,68.8560627763562
155.253379653665,-65.0050908889376
155.30881598149,-57.1556038376038
155.336804483421,54.0099039834814
155.446852543025,49.5902560367343
155.617464552009,-35.9779319190244
155.730188870463,-68.2194189412053
156.003474962959,64.9970644768682
156.021777913017,70.5212423726768
156.193460010846,58.7316217576715
156.335280211084,67.1856957094945
156.409273865785,-19.020221213431
156.43033869614,-62.39921154317
156.49398605734,40.7877352716659
156.56798103562,-66.404308595963
156.97331548093,45.3690403025115
157.177125881953,-51.4947625545008
157.214921696125,-25.5953168298913
157.259082700949,-59.9534333726618
157.295392740246,35.5944137897477
157.299359349166,68.9835834882386
157.322974882535,27.2143978810713
157.359795688364,0.194753040331217
157.368500259186,-64.5723925119171
157.370186423294,-48.4672098219786
157.447119456907,-54.7447972266098
157.562443816684,62.6255512831664
157.968378702488,-41.3382005769096
158.124993272321,-57.7111144131926
158.164500639577,-62.7385321531458
158.205872111356,65.3535137504415
158.254310085182,-30.780919270675
158.293948332633,56.254081518815
158.412897648158,-7.05384448065704
158.540319144242,67.4162304957293
158.781593533164,60.3572524985068
158.957325529614,-60.903303684858
159.382624617999,-44.9603931641278
159.408433695065,52.3441901315583
159.4767982389,17.3429715911174
159.480991399604,-55.6393104844502
159.563094319471,63.3877173446619
159.732539660131,11.8540339966489
159.744006294185,65.820071467279
159.746941328007,-59.0666914591322
159.921623075124,-13.5101244890637
159.975894576528,31.7159979217947
159.980038019123,-53.1675254481361
160.263450792506,58.3585058955617
160.311898053102,48.8266661998875
160.348246568269,-47.8978477786852
160.395371755868,-38.6936417652385
160.527152995409,-34.9812888478429
160.533305265336,-57.2286756948263
160.545113584403,-50.7742512980653
160.661139266844,61.5578606885766
160.906430014228,64.1934556845319
160.96074844551,22.5346100732777
161.029496800928,5.98121898022467
161.116242432797,55.1955125193245
161.316365627634,-55.389232505911
161.434280178848,41.8992656251004
161.649194417839,45.4224327547479
161.754925967944,38.0909994090456
161.881398148924,-42.5806706645191
161.945761096351,59.7612745282159
162.01509005307,62.5298889528519
162.040369301878,-23.1583547868558
162.096062017068,-53.5483339483321
162.40082396916,-48.7644833539324
162.675248883306,-46.0156114237873
162.725530626601,57.4204603542246
162.752401753053,-27.8657877348779
162.764896685774,-18.7417696803113
162.808252386786,51.5649572951748
162.820853442953,27.1895346552581
162.87232564848,-51.7059480811826
162.911407896924,-2.99738559294474
163.065210494946,-32.178515327743
163.067720645891,60.8303881051225
163.121285375227,53.9854966333772
163.403702575207,34.8870067057273
163.453953943846,-39.7399071551732
163.645023666967,-49.8621730588719
163.849353251016,48.8994069551053
163.898915388672,1.58179249791203
163.980774039844,-36.477719545166
164.051911085057,-7.77085308551614
164.062972436652,59.0967057409961
164.077959459449,-44.0082786362058
164.179704174689,55.7531861281217
164.414096341138,-48.0169117380394
164.54198015087,31.1467271713995
164.558307625226,14.7112194771414
164.68196376352,-11.573318474986
164.713650365261,19.1419278692953
164.844201016983,46.3857086410159
164.999599953483,57.3305994932076
165.071425853668,-41.6621766590538
165.117007841838,10.0258256624372
165.171554422107,43.5225129269962
165.179466267175,-46.170087087209
165.242587509015,53.2733768341029
165.26592648811,40.5901335349529
165.444073950112,-15.521012875967
165.52263464902,23.5880292169298
165.699765911282,51.1855193616623
165.876389560263,55.5339637946572
165.917637053498,-34.1684984018389
165.941034310995,-44.3216537997896
166.00149700164,-38.9080641696514
166.033072262334,-30.8316495627582
166.08085115372,37.7379118716533
166.188255733267,5.5357545943128
166.292182708235,-25.042398451346
166.514808975891,49.1362923284198
166.653485186029,-21.8249714725472
166.689499132317,27.8552012257093
166.692163301551,53.7088626786801
166.698694858582,-42.4715631367836
166.832512745922,-28.0370034809305
166.919310686951,34.3630255208793
167.067445798362,-36.4905638687892
167.190759681962,47.0900053645209
167.36992988881,-5.38618617542885
167.445890454407,51.8573026502843
167.450857651139,-40.6190995041407
167.562168448109,-1.39768154080559
167.634895827265,44.9596334591835
167.697351768219,-18.8957157763365
167.733383125585,31.0897221949011
168.041372866951,42.8026231202895
168.105819518357,-33.21532983235
168.118422087013,40.7582075745389
168.136628660011,49.9813410696347
168.171348605673,-38.7542879155762
168.214906488501,20.1744900501441
168.374662814222,13.5365598720051
168.457352567657,16.8684794447628
168.538063230264,25.7924769132506
168.553396991034,-9.34373854602815
168.606029096592,1.92970705191536
168.660416991307,-12.7774453985978
168.763529228824,48.0830745255956
168.773337371429,37.0006914234037
168.782028369347,-30.7555381205936
168.836819640578,22.9422510691655
168.85055019507,-36.8740474543834
168.946763414231,39.0388367717873
169.061963023375,7.85154843723413
169.171194229164,10.7864566927287
169.183414813225,-16.0211809810997
169.325830099376,46.1646652790894
169.462566228481,-28.4388537691466
169.488172187385,-34.9793001365876
169.537430531145,-26.0534986383996
169.615234914023,33.1152642176121
169.62698406162,35.2348575385823
169.790711187961,-23.7084325113307
169.82286246629,44.228337682105
169.846062539039,28.7817845664992
170.014800457861,4.70638106699744
170.083940273884,-33.0709767911651
170.254072896145,42.2762970767093
170.255096778147,-3.49937816942173
170.293130238588,-21.2969175072268
170.322014652783,30.9334297299145
170.507580256271,-6.78772450753205
170.61901266658,40.3107457222253
170.637598064592,-31.1500116684221
170.810744675635,26.7068607830404
170.935393113494,38.3367391402682
170.939495027989,-18.8499620157252
171.042210343631,19.2301937189318
171.103594799062,24.2541486904649
171.148907027987,-29.2173422215158
171.163051614362,21.6332392062892
171.237700048469,36.3605039206277
171.311115531713,-0.402546531255548
171.323450996208,14.6918803928883
171.461122669055,16.9863948139313
171.509438784983,-11.3068789366881
171.526774726053,34.3823097228145
171.546566828145,-13.9407544154634
171.617645080108,-27.2739148030069
171.635940436517,-16.5055771297198
171.775098149267,12.234011319532
171.802615720566,32.4022488234425
171.923848455231,9.58161485073004
171.988314174896,-8.84168745445277
172.014747355968,2.03827071033567
172.024777611129,7.05577504751747
172.043611087678,-25.3206657186627
172.065222432705,30.4204056323369
172.314593849009,28.436864492798
172.426619957875,-23.3585394910323
172.46814845453,-5.37073158637252
172.519373853259,-2.631475090747
172.52492284463,4.50400095462622
172.550732443329,26.4516757579178
172.766503966742,-21.3884842424284
172.773633739045,24.4649410264974
172.98329144947,22.4767796036225
173.063113030158,-19.4114503357246
173.179703119275,20.4872754325569
173.31631465673,-17.4283904388102
173.362865793732,18.4965123963195
173.525994031211,-15.440258635717
173.532776008187,16.5045743183878
173.689430711171,14.5115325809164
173.695894646653,-13.4483184165832
173.832787020553,12.5174972739248
173.841631971367,-11.4544587887415
173.957479281362,10.5222114034048
173.964864090189,-9.45908141718157
174.05965866052,8.52564598537456
174.065575714254,-7.46244020340497
174.139311248201,6.52805569727817
174.14375442531,-5.46479036022174
174.196426119416,4.52969362223931
174.199390779909,-3.46638670219374
174.23099522464,2.53081226839903
174.232478296936,-1.46748218296043
174.243013349858,0.531668907529597
