-158.317057885882,14.4280116223989
-158.304808744173,12.4304892629677
-158.283618983317,16.4252706400285
-158.26050031207,10.4334183515466
-158.202573296851,18.4211647586034
-158.186715896499,8.43721957729602
-158.083428168914,6.44233023624904
-158.073994017032,20.4145611173782
-157.950615215431,4.4491893514978
-157.897976839857,22.4043298262325
-157.788260581686,2.45823763916412
-157.674639873003,24.3893440203234
-157.596353318789,0.469917481024813
-157.404123468043,26.3684806636841
-157.374888030307,-1.51532710313313
-157.123864920288,-3.49705048345306
-157.086590198847,28.3406200929749
-156.843289842388,-5.47480544827075
-156.722224780199,30.3046464269039
-156.533174350107,-7.44814323271945
-156.438802277091,15.21069556524
-156.311234008976,32.2594478080324
-156.280182142187,8.44326233772021
-156.263917955147,10.6513573982567
-156.258406848885,17.4433821158592
-156.226843818852,13.0099949025264
-156.193535748197,-9.4166135477081
-156.131428225737,19.8719096566658
-156.080144139654,24.3182777659941
-155.853846722781,34.2039166140173
-155.841487988829,6.3061463569962
-155.824397145247,-11.3797646092992
-155.819443372232,22.0336574606847
-155.644922466607,4.08692227450434
-155.477110196093,-0.283618086530387
-155.447197733579,1.88499194509437
-155.435310071815,-13.3390885731984
-155.388524849289,26.8021448940756
-155.350313772507,36.1369496720227
-155.191692983581,-2.45329914827633
-155.035863317545,-15.2963270811914
-154.921127025404,-4.91424183696417
-154.862116740675,29.3198957583248
-154.800907941299,38.0574487025317
-154.626130877051,-17.2514376699319
-154.591474584844,31.6944553915189
-154.554932889429,-9.27581470272577
-154.306400746846,-7.02742591202937
-154.214430547042,39.9669860946471
-154.20618340519,-19.2043783019939
-154.011104205327,33.9719385964024
-153.825720069587,15.2558133829337
-153.776088006986,-21.1551072648469
-153.746345400226,24.4911632800096
-153.737564182234,18.4765599034932
-153.600099472369,41.8677363783825
-153.588009033924,11.8649534672979
-153.524588432558,-11.5586691338759
-153.351486426684,8.85700751035265
-153.33590803966,-23.1035830612246
-153.129934260675,-16.1265841653389
-153.112134285915,-13.7459698833383
-152.958023476308,43.7592945502414
-152.945375193667,21.4006016177032
-152.890011983884,36.4583675228417
-152.885702928342,-25.0497642916505
-152.770376828518,38.8330288956027
-152.727117814163,6.01697540403256
-152.690866469434,27.718566723961
-152.612991754646,-0.103156964475415
-152.603592161428,-3.34555696513995
-152.522785171314,-18.4153188852817
-152.425527996963,-26.9936095299967
-152.372208990676,3.01146039410074
-152.288317038829,45.6412474506385
-152.101365141999,31.1078644550221
-151.955434315708,-28.9350771930527
-151.936903157113,-9.27818037335731
-151.925314800209,41.1905020899356
-151.890579532339,-20.8411329312406
-151.591100003495,47.5131826263566
-151.475468566316,-30.8741254051789
-151.433667236019,34.1890963177141
-151.409168739065,-6.08393028136837
-151.357784789515,-23.1841142409963
-151.005113641415,-25.6253337992225
-150.985672926339,-32.8107118592024
-150.866497590742,49.3746883706885
-150.842934559575,43.4796182392473
-150.812601497915,-15.7046472659094
-150.606107437141,24.7036211235484
-150.520616243333,13.6933692842545
-150.486084982312,-34.7447936404469
-150.482685218699,17.5965702248213
-150.397167235141,38.5151547165097
-150.176325975864,-12.4219184215514
-150.114640411647,51.2253537639058
-150.066569091968,-27.787767189579
-150.046160796425,-30.4538469359025
-149.997108913436,-18.6250045038787
-149.969265530883,45.5627910131549
-149.965763085913,-36.6733455927515
-149.449742304308,10.152392295098
-149.440450516095,47.9188116180027
-149.399139325627,-38.5888319620823
-149.335664482201,53.0647687140789
-149.291818220949,28.7365956028926
-149.225541570636,-2.0613625498676
-149.105847100129,41.2163102014509
-149.000914513207,20.886248870486
-148.924675558282,-21.7590702130387
-148.878452383829,-34.3383481672322
-148.818790929373,-24.7994387576952
-148.785481315003,-40.489772137821
-148.742248727085,6.24037502011046
-148.64642888772,36.2409620453281
-148.529711238103,54.892523998264
-148.505630977724,-9.20224929974817
-148.475103940591,50.0231977176893
-148.40629843235,-32.393335147162
-148.388208264401,1.83153216797319
-148.226241283872,32.5244575245532
-148.125140911859,-42.3750039982835
-147.930166223474,-29.5772126911628
-147.82182198199,-37.8698256326458
-147.696927550067,56.7082113040773
-147.675323698935,52.3588078891654
-147.619756982296,-15.2966146980152
-147.530277883623,-35.8888237924442
-147.41849434765,-44.243371706329
-147.28997217161,-5.44570264938502
-147.279256902504,43.6758455626655
-147.108267454552,46.7813027199736
-146.893131488457,-39.6601519564432
-146.844839573123,-27.0465270441384
-146.837465739676,58.5114232716773
-146.665942260667,-46.0937259989701
-146.646797460668,-19.0624772066506
-146.502231395171,-41.8052729846879
-146.342319893956,54.6528469622811
-146.241087003274,25.2836088152392
-146.174471085922,15.2901712100715
-146.122010216901,39.2966052184191
-145.951483595772,60.3017535361769
-145.940652282646,49.4880027415513
-145.867909742209,-47.9249244898192
-145.52901124648,-43.6256938101287
-145.419356459764,-34.0553546383526
-145.401608467532,-23.5231760936269
-145.333504275788,-30.8765416569648
-145.162125645833,56.6715457780036
-145.131049077406,-11.6807984170064
-145.034396850687,62.0762682856476
-145.024846394866,-49.735831985886
-144.947053010676,52.1972846836916
-144.724328578967,-37.4875660846198
-144.388054262604,59.122860400666
-144.314874502073,-45.3809501483368
-144.272242361668,29.9545990904089
-144.26280243978,-47.3780790484675
-144.207266413829,20.233813184902
-144.137226401991,-51.5253208202191
-144.116993680513,-40.5582406018896
-144.105006840344,10.5469726876029
-144.056056818098,63.8177524381725
-143.973685885494,35.1733731470417
-143.611871509569,-1.36053531790552
-143.549676432161,61.3694463648295
-143.521625594167,4.73357403869229
-143.4559564799,46.1703051517196
-143.373357643885,42.3361654542215
-143.205546772722,-53.2922745790813
-143.085562197751,-49.2182274383303
-143.057242890483,-27.4280126980438
-143.01247251373,65.5209401372439
-142.797340718581,-7.58470523678595
-142.793036567083,54.0698872801602
-142.76795144295,-15.5246070249683
-142.629299386014,-20.3648061912421
-142.476483237529,-43.0744663142737
-142.230332353512,-55.0355789656829
-142.203143779841,57.4834828920003
-142.182695987073,-51.4985979497729
-142.076047570743,49.5507008334195
-141.957058434417,63.3941130335174
-141.905310824052,67.1835005095043
-141.606613209824,-35.5922615832348
-141.458975608955,-31.6672117937451
-141.411814368848,-46.5457242122569
-141.351848273852,60.4961953179294
-141.212131691368,-56.7541307691568
-140.736348777223,68.8032029254022
-140.699184555166,-39.3350587931998
-140.527991415279,-52.9912516768429
-140.455274577131,65.358148061464
-140.423966408577,-49.6020732758066
-140.182083323013,38.7259407481406
-140.16276102419,-55.1189805404486
-140.153083246151,-58.447869212998
-139.975534069448,25.0483478472151
-139.726289628383,-24.291367215762
-139.507465581161,70.3779235300589
-139.370194408866,67.331055099445
-139.119405154465,16.6269252927584
-139.11280262598,55.1205253148636
-139.059744319116,-60.1196482481668
-139.05386778922,-43.6440478464568
-138.941950756349,62.7708199359161
-138.782404609725,50.971437361168
-138.712113372809,-57.2175118489622
-138.451475662378,31.7018478679839
-138.372972391633,58.8583206476657
-138.220634184885,71.9056510137219
-138.187869063407,44.7213976542005
-137.933050470371,-61.7691300774975
-137.878156584683,-51.4448719429793
-137.688233764933,-54.9212204256654
-137.682779918167,-12.1858560772299
-137.55454762774,-47.5685577315481
-137.546101315716,68.6088558227254
-137.449069630802,-59.0493899406574
-137.181699700622,-29.3066729736616
-137.105808308435,-4.95840419113753
-137.100330859613,9.57423184406125
-137.043636786863,2.18463130956143
-137.019762925467,70.9990383197974
-136.947524359821,-18.3672661949993
-136.892826949178,65.2424388324799
-136.877912446274,73.3844915862937
-136.773369079421,-63.3955866453234
-136.515547861297,-61.0110047935375
-136.474607380785,-34.9651758504174
-136.095955803965,-39.81434818747
-135.581081228554,-64.9982913425709
-135.481433991983,74.8126731305126
-135.373194025798,-57.3841732529745
-135.178368037775,60.9512679202969
-134.958092412373,-53.3746301590269
-134.939306330513,70.1427864939177
-134.825686995816,72.7191758043521
-134.588030527271,-63.0812662224884
-134.484923318035,-60.5816076059706
-134.356581921372,-66.576519118091
-134.232856318431,55.3667574013246
-134.174204574379,67.4380383698213
-134.137747089204,37.6455775033756
-134.097660459197,49.6156012568806
-134.034488384057,-44.321957811541
-134.033398856473,76.1885485185334
-133.682680436314,22.2556942772447
-133.443730268548,-49.5275240164557
-133.182972818694,74.3667762178514
-133.100280309239,-68.129546600385
-132.9734544592,-64.8131772110049
-132.888304178125,-24.0923465505323
-132.536063987058,77.5105980867553
-132.439948555504,63.9221660165945
-132.193453633792,70.977182342077
-131.997710211803,-55.0605537538225
-131.986912438996,-59.0956802288064
-131.812599925532,-69.6566522303507
-131.811971966463,-66.7187193994334
-131.44571414291,-62.3870031921574
-131.303919321464,76.3249862791064
-131.293649640007,29.8559182602943
-130.99173370054,78.7774312735525
-130.890411509712,14.6350815291544
-130.864962397627,73.6415407594384
-130.752561555579,43.7221691018272
-130.493978927605,-71.1571164057076
-130.459751151527,-9.38441105762465
-130.344207995681,-68.3663980110756
-130.323958051221,-31.4310492851406
-130.046828555065,6.19421214178481
-129.896431122872,58.5531580319284
-129.829620776401,67.8195410381124
-129.821107045793,-1.62459300593936
-129.753700967715,-38.4676430846731
-129.544433284847,-65.0886656661211
-129.427566186064,-17.2245098234102
-129.402740109866,79.9877948189006
-129.157126253861,77.8942676333067
-129.144870346307,-72.6302216377856
-128.972160850845,-70.285324374913
-128.727749546891,-51.5034812604558
-128.568155477407,75.3733663649531
-128.524392234744,-45.205064963666
-128.205223082137,71.4654853031947
-128.1527045451,-57.4689213970958
-127.778949377279,81.152035813537
-127.765742342902,-74.0752527213927
-127.742800455155,-61.4702965208388
-127.675694342859,-67.6544409854017
-127.395153492946,51.3627412734614
-127.190097843861,79.5637615004701
-127.00416149471,63.5598967627952
-126.89797786726,-70.8506656257117
-126.728818993789,22.8464830771667
-126.440899157316,-73.1030029243887
-126.369393193806,36.5699483523455
-126.357062047211,-75.4915130945704
-126.249468543437,77.3673703903648
-126.135863525369,82.2880437144863
-125.52731070235,-24.8558213296171
-125.411776912933,-64.5724303880052
-125.379633670741,73.9364200869725
-124.961394969893,80.2606417541985
-124.921853068953,-76.8810549479253
-124.473697466167,83.3959373997817
-124.425385249976,-68.5213685821503
-124.387922182467,-74.6872587800038
-124.372628461176,68.9034045043666
-123.987209930812,-71.8949655914996
-123.688401826362,9.46710191949342
-123.683484152965,-54.7437368304731
-123.594062288399,16.8723340688438
-123.578841813833,82.078328427964
-123.56071202308,-12.8967065121883
-123.49538009933,29.4903111752123
-123.472270647924,-78.255550679822
-123.446001466663,44.3283506841168
-123.273937715795,77.4942172843568
-122.904095634039,-32.5734164893998
-122.792824140405,84.4752309923042
-122.785984346151,-5.75165437176152
-122.674830516179,1.579094394523
-122.667372890174,56.7428794586055
-122.580002812184,-76.4277036658013
-122.45318977612,-59.9293759746838
-122.190138281123,-47.8675559727944
-122.009877036016,-79.616380929983
-121.927138351075,-39.7227781551488
-121.783844283642,80.3745413152734
-121.576678800778,73.545625730944
-121.489475671555,-73.7663509491582
-121.344413917974,83.1040412657709
-121.093628509274,85.5254380444779
-120.970688759019,-78.3754685738483
-120.969416194034,-65.3244556501649
-120.779306472244,-69.9676753885981
-120.770185322926,-19.3068297982303
-120.765069861832,63.4535522657172
-120.534816887424,-80.9634363076867
-119.596787115906,-76.1780742294253
-119.554667645026,77.7934206713085
-119.376507851469,86.5460716874361
-119.337154205024,84.2335771391328
-119.047236589151,-82.296610069504
-119.001889650984,37.7870189365296
-118.759376437949,81.5206519354165
-118.707686347916,-79.1085080019933
-118.687238744914,49.9640527191834
-118.193551559707,22.7736355369927
-118.185242464264,69.3309975310803
-117.786479017219,-72.6662935044123
-117.723354571723,-26.8323939515887
-117.698739413122,-81.2955679983113
-117.641872067891,87.5366447918933
-117.548032836577,85.6565493199082
-117.547284140404,-83.6157981772664
-116.94789124329,31.0405431313598
-116.934121366558,13.9857737302704
-116.655422194566,74.6604136360321
-116.612258956532,-61.0276960453827
-116.518530219426,-53.2612987810767
-116.512534002505,5.46488433164111
-116.386341986748,-76.1859623437047
-116.330417433115,-11.3183413425929
-116.321008475816,83.6436950396477
-116.292513955849,-67.7155905547108
-116.035109027095,-84.9208993488517
-115.961525926362,-44.2110807193702
-115.890143993975,88.496670141455
-115.780904848313,79.6684982977296
-115.772065841593,-79.6735303811261
-115.703826090963,-82.8138704540236
-115.417142247642,86.5225471581356
-115.275315237898,-3.30889481733543
-115.036334854936,-34.968031331498
-114.982719778956,56.2093318013689
-114.913619359838,43.5905223500504
-114.510841957806,-86.2118319928298
-114.121759719567,89.4256606191278
-113.639970353981,82.6944529002427
-113.604007685662,-84.4595575172747
-113.554019944821,-19.0175732775035
-113.549748532681,63.0076321727517
-113.505086710309,-81.6043938367612
-113.282643531813,88.0573033177731
-113.168867398492,-72.0598853456449
-113.134706900619,85.7052797713689
-113.099618211182,-77.3666690627481
-112.97445687513,-87.4886461435515
-112.337168916249,90.3231294078241
-112.308729503527,76.9885899228622
-111.699776365282,-86.229909625591
-111.647660757784,70.9067727442848
-111.426299056535,-88.751084636212
-111.113407150031,19.0241649390926
-110.996100502647,27.0205164656437
-110.990418165776,88.3586776497092
-110.784287014251,-83.7382397193542
-110.752665606152,-65.160604087161
-110.717657466313,-27.0673788409902
-110.695108935212,35.6265852799215
-110.634744595661,80.993009759833
-110.616634856914,-80.3896033095105
-110.536835171959,91.1885902056971
-110.327433551977,10.5741521227855
-110.286027871979,85.0312889347726
-110.0703351286,-49.4208026713002
-109.866523487694,-89.9990567413921
-109.846454920691,50.0868947167113
-109.838160069448,-88.0251855700174
-109.812462177288,-41.0055852706733
-109.565865904954,-57.4872741711152
-109.459565632697,2.4016231201049
-109.259255934127,-75.4581848061711
-109.169254979526,-11.6167251060253
-109.110758636977,89.8205872334082
-108.723645741208,-86.1552455184255
-108.721236332742,92.0215574571667
-108.295289091832,-91.2324722340255
-108.119359291237,86.7719733985951
-107.93450291645,42.7189352270039
-107.484622509464,-88.8763614317578
-107.246761637423,57.584742280282
-107.219996240319,-4.35482478050935
-107.181533777805,-83.4160697273561
-107.094631834211,76.1210983114942
-107.034683320387,-70.1584799756646
-106.926946972472,-33.2148188114543
-106.890773455585,92.8222862894401
-106.810667860728,82.0106893701767
-106.768273551873,65.082143978232
-106.75862996245,-79.7237876795413
-106.706368896212,-92.4428246216011
-106.628039552406,91.0847117511416
-106.616541709115,89.0317131662866
-106.457663575149,-20.4240535193243
-106.120605318391,-90.7684150530721
-105.324740106177,-86.3550525102414
-105.091316750655,-93.6183294234455
-105.054755035303,93.6093173048179
-104.950040515442,85.020031727356
-104.622258934403,92.1714729836136
-104.211610157629,-89.269969073619
-104.094198633693,22.859922652585
-104.063171774605,14.9379374810366
-104.037276564421,87.993254430183
-104.019941119221,30.6242485766739
-104.008673925752,-92.1053525428526
-103.491129365785,90.5281833710666
-103.450865257179,-94.758164710385
-103.443285385718,6.56997900214336
-103.345450224842,-76.1722414694616
-103.273308459562,-46.4133128658073
-103.217033961453,94.3923878955312
-103.175859128127,70.8666318055855
-103.129620571134,-54.2256439213413
-102.991291581518,-62.5902704682578
-102.697238783596,-38.8901587930367
-102.573049016207,-82.3894500508096
-102.435039680772,37.8208738826965
-102.410257640648,-14.5398656945151
-102.312552700193,79.0409270751939
-102.289876218806,92.9464988764872
-102.144955164633,-27.084534890389
-102.061927145882,52.896320096233
-101.998311120624,-93.2803751987446
-101.785758691824,-95.8616311331397
-101.58489943448,46.0661971599786
-101.546690367363,-86.6849877094863
-101.377868521257,95.1720339751549
-101.307482699918,-90.4273141644268
-101.069339151282,83.8257465523458
-100.67678286728,87.7292084632566
-100.573503722843,90.8209750810125
-100.476808600447,-8.10435172253922
-100.390606931375,62.0840916336188
-100.147530220911,-94.6532641669477
-100.096723077537,-96.9280635086656
-100.045227020975,93.5431174800995
-99.8977531765798,-70.2911852659652
-99.698074903514,-0.92282463793894
-99.5375291151402,95.9488141009904
-98.8958440608628,-92.3922633957873
-98.3845020488342,-97.9568046373842
-98.2225831211076,-95.8122798199096
-98.091691455487,94.2429441237887
-97.9713341571987,-78.6881466334356
-97.8827654186137,-20.2638972989727
-97.7255713107402,91.0506581491473
-97.6962971949995,96.7233092197857
-97.6305814049038,-88.7580369058177
-97.6137605048974,-33.4605263927972
-97.346717231586,-84.516031124193
-96.9684878191133,75.4406804134637
-96.9486731246057,87.293421757755
-96.9105578597652,19.4844741062227
-96.9000002364651,12.1063852579806
-96.68429463346,26.8027025647531
-96.6497757587682,-98.9472509135864
-96.5395293678756,67.8828984414603
-96.5161092347914,57.0710382481945
-96.485606636796,-57.7533602942707
-96.4087038800982,-94.1475626190751
-96.2851083556818,-49.8601433528847
-96.2789854692677,81.9998155980037
-96.1848889715788,-41.9293229429428
-96.1584205899512,95.3077247393461
-96.1251337747552,-97.1657722500496
-95.9836131695063,5.0245197423161
-95.9326635325616,33.8285496135901
-95.8544639622282,97.4961221152114
-95.4059147185592,92.7314549417301
-95.2591976044698,41.5482707688064
-95.0839431069361,-65.3493584059199
-95.023362104716,-91.2503855478664
-94.8933637672354,-99.8987340849457
-94.1697812520596,96.0380497220529
-94.1414329609226,49.2822238870151
-94.0667567536288,-13.422439897095
-94.0123288189341,98.2678765173204
-93.9631268052611,-98.40956870157
-93.9149086119458,-95.5129637822644
-93.7909320540852,-25.8797997916831
-93.5181968077781,89.6652198063179
-93.1160963622107,-100.810603653641
-92.9950708659327,93.9068930750498
-92.9593030351445,-73.5785438102826
-92.5588559992701,-6.20267551974952
-92.3613947708537,97.2038207666396
-92.1695114506627,99.0395031481685
-92.0483413502699,-82.3490873164588
-92.0476065735596,85.1237100247339
-92.0357277468154,-87.7827581213972
-91.7708539136577,-92.8815517549951
-91.5577080141977,-99.437676897014
-91.429083600532,-97.0217171209491
-91.318790250732,-101.68223756955
-91.0473374021432,63.15790657695
-90.7800823220541,95.6427289118128
-90.4235268197084,91.9535095134951
-90.3513232260307,0.273435165022822
-90.3269158924037,99.8114153481389
-90.0902924698769,98.0958899804997
-89.981693094892,78.3174041596092
-89.8878751243898,-37.9810298721376
-89.8608755677982,55.5277917127302
-89.822107796663,-31.3639700093688
-89.73827407992,71.1127110456706
-89.5653217930135,15.712513607477
-89.5126804574396,-100.459325938888
-89.5022560116751,-102.51303491119
-89.3625124962649,-45.7850817560872
-89.3196924182224,-53.5140169943921
-89.2859947573724,23.0315015517672
-89.2087688580726,-19.1463096790581
-89.1820032830163,-60.8300957569034
-89.1510189057747,8.26549360084932
-88.7439739030429,-95.1592039002699
-88.6095833752043,30.1050562644304
-88.555875936079,37.1909940467624
-88.4849321020522,100.584258894711
-88.3179563973254,-98.306756622245
-88.1927263377241,98.0074908177624
-88.1905151869177,88.4673864466733
-88.1635443333791,95.1287282268939
-87.8389620256809,44.7703520814603
-87.7630545233923,-68.8146881182773
-87.6674618527072,-103.302969418636
-87.5561650380848,-90.8562028358046
-87.3613972842339,-101.402864514128
-86.80532403038,-77.8714954167717
-86.6810066517751,99.4306013057704
-86.6438854821916,101.358719700464
-86.0362782581127,92.4656782378683
-85.9246769242217,83.2263285246247
-85.9117527193975,-11.5102170853989
-85.8162085657231,-104.053393389023
-85.6531497351541,-99.3522833557721
-85.3689261932463,-85.7298898305207
-85.3418394963593,96.7908564482986
-85.191152936079,-102.397436096708
-84.9814093181852,-95.3282882547653
-84.9312136758372,-25.156367878507
-84.9130445247529,50.9933412504242
-84.8020998473057,102.131991264623
-84.571575533326,99.8393636647859
-83.9493477724692,-104.763959653746
-83.8155888553441,-4.7304920532674
-83.6960548923161,59.4377508910368
-83.5868100008479,66.9207756620711
-82.9529324021794,102.887844021998
-82.9398968479954,-101.275585599553
-82.8665206501803,3.25952760765397
-82.8181105786356,-40.6559872175136
-82.7570111282937,-103.491419589089
-82.7188306756688,94.2902360991196
-82.6022089878739,74.90130096021
-82.585710164165,100.936278962418
-82.5516940078979,88.8110572962087
-82.5311403054644,-48.7965894587941
-82.4882789544665,-98.2458922683314
-82.363354586515,-32.6970903370322
-82.3537231224572,-63.7081984476814
-82.2302711094961,11.5807166877823
-82.216745111995,97.9306567260992
-82.0676700765638,-105.434139616429
-82.0555157879361,-73.2612704878386
-81.9724573404649,19.1780874125472
-81.9292896532567,-56.545781323343
-81.8761458572714,-91.3043963996402
-81.3951976813823,40.3732577856166
-81.3681358023618,26.5807223440579
-81.1361794368948,-17.1017252071146
-81.0960752350323,103.624092443688
-80.7076198157214,33.6890600961965
-80.4882422181573,-103.443097213149
-80.4809251050439,102.233706346771
-80.1717699554749,-106.063482238592
-79.8464017185963,100.183242947723
-79.8005355817211,-100.665238700448
-79.7675461350306,-95.7500370135901
-79.6351739400639,82.0750107722382
-79.2316055553441,104.34072724064
-79.2161773732437,-80.7358385405305
-79.1305063620525,93.5550047515181
-78.8153445639947,46.3829094257854
-78.754991328307,-104.531349472537
-78.7520687635702,97.3126132417541
-78.2626747770411,-106.651402779157
-78.1651942047072,102.856452940661
-77.9318356262435,-68.3029308662074
-77.8313874771254,54.0451766121009
-77.6762363064275,-23.836148828496
-77.3594312152133,105.037799638808
-77.2219308429698,-87.2914207602149
-77.0075640044139,-102.523313030503
-76.8758564422251,100.681325437572
-76.8131698950323,-10.0319105502
-76.806437036528,88.8420904806936
-76.7847964894604,-98.8042258820538
-76.6781184184861,61.9569593243473
-76.542013245858,-105.219718789563
-76.534415740613,-1.92769408132674
-76.341234220909,-107.197399166838
-76.3091913411664,69.4960744424714
-75.945313725309,-44.4898363090657
-75.937757193162,6.8299171180672
-75.6351111380016,103.178917403799
-75.5161495799409,-52.5055770173443
-75.4849932334744,-37.0094452781677
-75.4802467543081,105.715072489837
-75.3092801719769,-93.5008286691962
-75.0343499874012,-29.7723956932078
-74.9123827528298,97.9744221437114
-74.8843154142931,15.0648115818173
-74.6476063856058,-60.6679621538887
-74.5326578313036,-105.098035535963
-74.5238568687184,76.6250035238233
-74.4616752873662,94.1955881552705
-74.4341820012036,23.1568015842422
-74.4082834811012,-107.700988493934
-74.2173874624915,-75.4506789146335
-73.8546545684408,-102.078053624483
-73.827317685398,104.31663297867
-73.594080406371,106.372564765252
-73.5882297002899,31.1523140650964
-73.4670726702223,39.2915019185688
-73.2119938604036,100.759828339459
-72.9646436870989,-17.7678418440252
-72.8511625407482,-98.3807285007921
-72.658515393454,-106.203023981774
-72.4645171531753,-108.161732118396
-72.0377221178162,84.0062220014848
-71.85679449546,47.7128390933179
-71.7851109051339,103.182328598497
-71.7009028770273,107.01031057783
-71.4347725743536,-67.8498403449584
-71.4045839541112,105.539043342808
-71.3910958971207,-103.701301336485
-70.8540512586258,55.9935838898427
-70.5409713874831,-81.6415777491343
-70.5110510404624,-108.579104188495
-70.4127887107106,-106.615545946717
-70.3326313750242,91.3422877900828
-70.1212165510282,97.154474088297
-69.9561171287646,-89.1693385876815
-69.8787550972839,1.91911492808336
-69.8014050142964,107.628107518433
-69.5748255586742,64.1450911849395
-69.3982780195304,101.301340414936
-69.2704481839441,-100.691585158823
-69.2688929336267,104.909706290389
-69.2504044184131,-47.5722198846346
-69.2218373956224,-95.2896703327705
-68.9975425187171,-5.68827041856361
-68.8569730608386,-56.1199746615965
-68.7606098460991,-24.1869294390133
-68.5488110951925,-108.952648370694
-68.5071611259233,10.1223886359168
-68.5037013593114,-39.8453193675862
-68.4687008172443,71.4752786042402
-68.4526306028352,-104.553928031342
-68.4241150033111,-12.9194434520279
-68.199006234321,-107.375832973244
-67.9200992170352,-32.2092191670463
-67.8953672316687,108.226060338044
-67.7636421589462,18.7576179217366
-67.4269974644805,106.226930755245
-66.9352191774591,-73.3603801792214
-66.9349960375933,26.6450425073096
-66.6380631790061,78.7989497479484
-66.5789625244142,-109.284808894694
-66.5350407124759,103.107817491174
-66.3931145376963,-64.3007307143721
-66.2380463677473,34.6873563119051
-66.1471152591645,-106.550332557648
-65.9832351500788,108.804061248415
-65.8892677842137,42.4036965944181
-65.761451468982,-102.87091103423
-65.7562303969321,98.9346309205719
-65.3929147852222,107.206196470999
-64.9018161911824,-98.4496839537131
-64.8911857986351,86.6073266610844
-64.7893968049342,50.5267556087702
-64.7722142786075,93.8119414256135
-64.6044465287379,-109.588226307065
-64.3946317301645,-107.955269007207
-64.2634989526397,104.916262213394
-64.0628647160731,109.353362239649
-63.8341613048464,58.7193616272319
-63.457835036337,-105.203531193552
-63.2290867407218,-85.3442963850639
-63.1749563636192,-92.9345401386768
-63.1000366038892,-51.0252403196751
-63.010671907033,3.96701539364034
-62.9034712718466,107.506341716845
-62.8518254657515,-78.189404183807
-62.6600836963159,-19.2049248010289
-62.6261476182584,-109.864284059473
-62.4803266759155,101.504239359019
-62.1312428642336,109.862605847105
-62.1295423559314,-59.6777120387607
-62.0666166684381,-107.8893082439
-62.0113279128941,13.8248296663287
-61.8854130864521,66.6558673066849
-61.7721408137097,-101.483043182437
-61.7359684042366,-43.2483852904345
-61.4634343433256,-3.3591092678778
-61.260069631372,-11.1009763734417
-61.1240675549401,-27.7066423359549
-60.9807404332182,104.900545681862
-60.8381982391061,-35.7065364644532
-60.6441881609869,-110.112847080477
-60.6337596590549,73.9578192528302
-60.6036281727043,108.031043587021
-60.5125315873915,-69.0138736798196
-60.428183657229,-105.170553053302
-60.2224383583982,96.9932576419482
-60.1895325557741,110.331224391508
-60.0631139991409,22.009637633209
-59.7958981351409,-108.111602703959
-59.5302026431756,29.6439684040514
-59.2575741681947,82.0163116794623
-58.8799772750202,-97.047684650875
-58.6587165835262,-110.333768883939
-58.6403020700858,37.7213393163937
-58.3595395965029,45.1019362787842
-58.3297454803458,108.849613040883
-58.2382231100674,110.758882770428
-58.1303189876252,106.011229171859
-57.9716216780912,90.0239008765062
-57.935618869397,101.739744276833
-57.7693908490666,53.3436061269971
-57.7412087003964,-102.062058176866
-57.5776359814682,-108.659957276417
-57.5706479037604,8.18634154173675
-57.4842921889237,-105.924707183386
-57.0565336311408,-54.9716811069276
-56.6706316104208,-110.526827953034
-56.5905240407045,61.2697309228155
-56.3227480064043,-89.360055926723
-56.2784146291528,111.145116566653
-56.1153426138115,-74.9012996270579
-55.9675692256001,108.580167088163
-55.7675577342179,-81.9982474618619
-55.5503495617576,-63.0532857121845
-55.5461206046853,-47.7064614662954
-55.3341859745267,-108.114730469468
-55.0809629478212,-23.4602750096376
-55.0783627713726,105.152166159201
-54.6798786801032,-110.691909894114
-54.6314544873543,16.4822346983471
-54.5911504410517,96.4229492919511
-54.5664244853352,-15.8857604107847
-54.5001383860763,0.880853124749776
-54.476602276122,-104.714532952449
-54.3107716357809,111.489569785984
-54.1150827713828,-7.49728805990812
-53.9267521030697,109.965189487624
-53.8543736672036,69.2861572573596
-53.7629600387954,-100.533864644735
-53.7352064141741,-40.2653024911392
-53.6246990841335,77.2063611679268
-53.6174516076215,-32.5286033030062
-53.4063924826101,-95.1649941586978
-53.4019439028189,-108.837481901655
-53.1968883399828,101.094090725552
-52.881393424735,107.862740371013
-52.6869355376029,-110.82884804102
-52.5246968290152,32.047446047008
-52.3362298431916,111.791845126257
-52.1996419851312,-106.371791833372
-52.0251082709541,24.4347725984696
-51.6289853375467,47.9217037894829
-51.579678432516,-69.3320618961065
-51.577619225478,84.4186219955641
-51.1828102455128,105.314243659189
-51.1257934079399,109.963716630197
-51.0921659022778,-109.055014692504
-50.7725502431245,-55.7136935142583
-50.6985640198419,9.50631678027348
-50.6925865514844,-110.937471745207
-50.6383638421343,39.475947995751
-50.4081773237236,55.7355460495579
-50.3556667938865,112.051572016482
-50.1763644038368,-103.171849400688
-49.9609338171015,90.9381421520947
-49.5101738506316,63.3078042405628
-49.2456691439171,-106.864599042198
-49.1296855264981,107.912785718164
-49.1167321517082,-84.210052429064
-48.8258094529543,101.986777827301
-48.7106062608125,-109.306533357333
-48.6963792048614,-111.01767910188
-48.6904785619229,-27.3943565769372
-48.6903085986329,-98.0944335504997
-48.607410146091,-48.3834297295535
-48.4273878773101,-76.6933671382397
-48.3744088697536,110.31069844914
-48.3698926519696,112.26839977273
-47.796231917382,-90.7112882778374
-47.6648579688211,96.8661487473121
-47.5518292106344,-62.4908475073716
-47.3319468860444,74.3401176632258
-47.2653595713719,-12.1334812305912
-47.1625427831728,17.1998625144874
-47.0951421252865,-3.96117909560875
-46.9777141389101,3.05524105477067
-46.7988383479531,-20.0224620528333
-46.7647084567274,-105.84157865184
-46.6996498157707,-111.06928850057
-46.6671119756929,105.435480625272
-46.5617664788889,-109.071001354863
-46.5037623267193,-41.4347317258006
-46.3799514519235,112.441965861896
-46.0411425567395,110.76163710758
-45.9136357191227,-101.86381006274
-45.4764624631376,108.426571415716
-45.2541184073152,31.9522634313991
-45.2339929644802,81.0303037513773
-45.1263139599638,44.8152893900572
-44.8475302143521,-34.729128359356
-44.7021376310535,-111.084717554523
-44.5002908087345,-108.24907239266
-44.4490674158944,68.4437099188536
-44.3870523568394,112.582610728192
-44.0708244428463,24.6001770054723
-43.8605897917857,52.4849122775881
-43.8432113201099,101.159946395348
-43.8314144799173,-69.2016306712445
-43.5299915385892,-55.5508597629414
-43.4743019482554,-105.013179529725
-43.4238867294832,-96.1502768310412
-43.423503893474,110.720307804757
-43.128306629293,88.7737967849284
-42.9183791035729,9.73364331630165
-42.7924104294149,60.1926117947622
-42.7475696585208,-109.486286037744
-42.7048253613535,-111.056835625791
-42.640793438333,105.373326917653
-42.3942418257106,112.717923630359
-42.0196783806159,108.529542854296
-41.9158591562158,-82.6198622727945
-41.6219134563694,38.637489991508
-41.4849615326538,-27.8792098423161
-41.4611212396841,-100.7632692179
-41.3665262785804,-107.368165573576
-41.0144498969554,-48.1521441105835
-40.8892224494158,-75.4350628653396
-40.7085455191078,-110.985344812007
-40.7075601117601,95.5495502679665
-40.6461485868861,111.061473920434
-40.4009162222885,112.849976623527
-40.3804600361891,-6.83317148165956
-40.3213063626817,-89.3304618360072
-40.1647859890942,-109.348309988301
-39.8440868081215,-104.75253715154
-39.6319561521898,-14.5040228735551
-39.5554217287959,16.8359252984918
-39.4968079844809,1.71129551799439
-39.4406315163055,-62.8471214084255
-39.1107679330052,74.9155227085211
-38.8993542827235,109.037707453113
-38.8722536077455,101.448679432989
-38.7189242483974,105.942435171963
-38.7143423853417,-110.869963750673
-38.6633279681213,-21.2939796115417
-38.5143151048455,-41.0641334152698
-38.4076014363499,112.979372508609
-38.2662320014987,83.1555127506794
-38.2562130208532,-108.242353531512
-38.1125828770304,47.4189819531222
-37.7228737850926,111.082357406868
-37.4967815376607,66.0026550976282
-37.3760641195506,-95.5745283901458
-37.215175783107,-101.127640164043
-36.9365666181172,24.1482564717032
-36.9308509717506,-105.51604019864
-36.8753068213946,31.8597609836434
-36.7231899960315,-110.710423742289
-36.464104973434,56.4233773194971
-36.4141455191601,113.106759588745
-36.324700473891,-55.1696234249281
-35.9775722207187,-108.772275229756
-35.8817292921936,-34.3510953562778
-35.5690845165995,108.23807519998
-35.4731138532247,9.42394011454306
-35.320671199532,111.186098057388
-35.2465332817369,-70.0616332860348
-34.7360808785808,-110.506469493757
-34.7324482536825,103.827307959206
-34.4813124175535,-78.6847102800261
-34.420455742963,113.232777479379
-34.2874957039708,-106.846048309362
-34.2491924708331,89.844210974543
-34.2462850359601,40.4369250241877
-34.1085914880373,97.5877221662261
-33.9467365070906,-86.3586746404752
-33.7433276265575,-103.655456856893
-33.5875505195127,-27.4918367035682
-33.5701900115629,-3.69441263887947
-33.1753730152481,-47.8875429192949
-33.1709835545825,-108.627977877225
-32.9928528408101,110.482155562437
-32.8906564177737,-99.4102206855851
-32.7540775754095,-110.257866621382
-32.630053159177,-11.0445709438955
-32.4270444292558,113.358018680738
-32.2171117736207,80.7789610465951
-32.1842110829127,72.4986150334762
-32.077286016232,106.848832946075
-31.9310595532368,17.4744617584703
-31.8535584306084,-61.9825535606879
-31.8384769711321,-93.6399031153119
-31.3371398381863,48.9262821787903
-31.2561476406892,-18.6953972034764
-31.2086446660024,-105.851020556023
-30.9914020591488,63.7578299725531
-30.9804880442735,2.95132449664017
-30.9660681847127,-108.286975245261
-30.916264505368,111.671500134388
-30.7782202107798,-109.964393261057
-30.4332240222855,113.483136878959
-30.2174868383501,-40.6444450183524
-30.1690180999448,101.803287853849
-30.0695684425498,25.848063447043
-29.8200078579493,109.242258483965
-29.7634835310198,-102.404035219673
-29.3492787314906,56.2506921626297
-29.2520161364768,34.5530421659306
-28.8095606415627,-109.625842095663
-28.7180551318231,-55.0706674142924
-28.7142515387467,-107.527988409111
-28.4396118006691,113.608683921815
-28.2970413543483,111.707149254432
-28.0443251298515,-97.8492878723718
-27.9466670656094,105.82938396277
-27.9169197274082,-67.7542365470034
-27.8970711193746,-74.8865429590742
-27.8826538645644,10.8602646266868
-27.8785017072503,-104.867261620286
-27.4496221636522,-82.4948085462859
-27.4482097068865,-25.3205830128872
-27.2128889176398,95.5366801514114
-27.0890757799772,87.02234599015
-27.058699516148,-33.761416830072
-26.8492425833663,-109.242042128465
-26.6646565120644,42.9888782686869
-26.4622474726344,109.126685412824
-26.4462325948195,113.73510325639
-26.4308867171304,-90.4129092546758
-26.3293282197745,-107.288822615512
-26.0879898738567,-5.07192085544462
-25.7502489826272,111.764782850373
-25.6599080001562,78.2618799676705
-25.572463865084,-101.480796222661
-25.5264914911203,69.5895627318276
-25.2766910629615,-47.3595417308423
-25.1320898793712,-13.0796198043915
-24.9819191012312,-104.843929941263
-24.8934425729368,-108.83383592306
-24.7332070023778,101.792062745106
-24.4920916952867,19.1492833028253
-24.4516465470665,113.845637723463
-23.8205361492523,-106.872686293094
-23.8109173349908,28.6817611046482
-23.8041005734789,3.3061321949398
-23.7842516119593,-96.2404390345634
-23.5344509526457,106.325941224643
-23.5115883174859,51.5546658615169
-23.5055191200959,60.7664980481147
-23.3350445477537,112.128935137775
-23.19385385536,109.711933595548
-22.9674466018409,-61.5930442632329
-22.9393130758979,-108.421860850015
-22.4557754559363,113.928037627556
-22.4091399740262,-103.785269760478
-22.157638931873,-19.9264682998528
-21.7545265401039,-40.9354871710056
-21.7152342747354,-100.325060597549
-21.6449883187863,-106.188647376575
-21.5776568846271,-53.7853070337076
-21.3987873556931,36.5616359693188
-21.0760844549679,-28.0869178130187
-20.9849080511821,-108.006752448006
-20.8520844236738,111.878650832629
-20.7969981290716,11.0579422912091
-20.7866856352925,-69.4739014857119
-20.7024303889026,-83.9520076884565
-20.459017399081,113.982253575951
-20.3908853942533,-76.8674365973089
-20.2399239929075,91.5505370786908
-20.010880720013,99.2353171378209
-19.9902819393156,108.83496395545
-19.9548889433753,-91.4949663358614
-19.7287369142271,83.8888260534629
-19.5719776462271,-103.551766093284
-19.4911854660466,104.773496349946
-19.3773408723778,-106.00231156065
-19.1850655794708,75.1204255911157
-19.1681023535865,43.7933607389263
-19.0322402450913,-3.29075168980449
-19.0313618767797,-107.589849211026
-18.8467314031188,66.9490251604752
-18.6055783548998,-97.0254585725182
-18.5397744637805,24.007589565518
-18.4616030277486,114.008243819352
-18.3255853105174,111.588686191957
-18.2028221511074,-10.6060426054118
-18.1709513831537,-34.4636424508196
-17.7842711792661,-101.190227844672
-17.1805355725985,-104.904348989305
-17.0782903155253,-107.172218344406
-16.6948815815523,58.1835848747624
-16.6177751038525,50.8500914057456
-16.464005538303,114.005965699841
-16.444040851821,108.36135718085
-16.4070838413274,-48.0669384128097
-16.1116015347607,17.3695101347881
-16.077558812745,3.59904794751128
-15.9980014317269,31.1540270435519
-15.9903332469004,111.759446569542
-15.6368862032227,-57.2092631723303
-15.4536871709246,-18.0458395763374
-15.2472531647931,-102.553074033204
-15.1245748355635,-106.754814355246
-14.9876017967996,-105.037998154202
-14.9202340741169,103.584262935381
-14.6465641298462,-64.4801428023182
-14.6030641027562,-93.2988490350194
-14.5803801448416,-98.6408859978878
-14.4971421854265,-25.9709232422212
-14.4667038096426,113.975387446131
-14.1782507161961,-86.3938168580695
-14.0555068639094,96.7467656846686
-13.7293270636965,111.492065951766
-13.325484633894,-71.9574718977818
-13.3021390768201,80.4484068948677
-13.291996812875,-41.1795117982556
-13.1706581781409,-106.338965312644
-13.0256541897857,10.6104325059099
-12.9814008596301,-79.3079814902165
-12.9336884385396,108.214504891871
-12.788231610652,-104.2739357107
-12.7199853513615,38.2552734436544
-12.501309910624,-101.408747501837
-12.4700900645858,113.916485151958
-12.3712342094905,88.9094613960868
-12.2950153591026,64.5387174475701
-12.1244959611909,72.2285176427997
-11.6342721639416,-4.42895836722851
-11.302341506556,111.49834944728
-11.2288806360975,45.3083542622749
-11.2162998695857,-105.925884541738
-11.1398492560244,-96.5281769775379
-10.9154815431397,24.2275070499611
-10.5605801322165,-103.650450539773
-10.5558403058717,-33.6235332559345
-10.4743668303246,113.829231341075
-10.2161893045119,-12.2343055756201
-10.0571497588418,-100.13409663951
-10.0517246432342,105.294206522522
-9.91362340079361,100.532593903052
-9.72381958261304,-52.9684057966215
-9.6919084576,53.4299103368966
-9.48905802389781,-90.54295515735
-9.27380003069468,109.081346879966
-9.26115353407456,-105.516784875856
-8.73258441529907,111.951110353776
-8.62555130435352,3.37813526191798
-8.53887603846568,31.7863554764585
-8.49760481908846,-102.946060654411
-8.4801205610565,113.713618737252
-8.05063096636064,-20.3097066232931
-7.91276047862688,17.3975659172649
-7.75191928408522,-60.1257408440851
-7.55912326188338,59.6819954563233
-7.4633937640077,-95.8575132815506
-7.30729824425247,-46.8482199806612
-7.30005457120426,-105.13740464157
-7.2105431339575,-99.8122951595785
-6.69791785101937,-27.1129563246197
-6.52598382924594,-67.8779734426115
-6.50998701388069,110.71552229697
-6.48641574675871,113.589083259248
-6.48594713153046,84.048024423236
-6.33473632899859,-103.211320345281
-6.33425233107266,-83.6451783283725
-6.19119467618922,94.7571544589464
-6.09917344316618,106.785510880094
-6.07179920895823,76.7120054580147
-5.95588331662747,-75.505202986795
-5.67445607974844,9.96167629789584
-5.32490735364628,-104.840757238557
-5.2177303131676,102.155500933022
-5.14272511648865,67.9613617756345
-5.1104917246179,-101.229811431471
-5.03836258756695,-39.6914380513161
-4.62337230829127,-91.5672614089878
-4.49175778012577,113.483296845356
-4.48062064130267,40.8042484637323
-4.2580181444555,48.3948187266901
-4.24625854403693,111.674012212711
-4.05171658744069,-1.70330491227331
-4.02998334806218,-97.2932170565147
-3.72604318306065,108.91922965643
-3.68331553103323,-8.53897684937149
-3.58863948540272,-103.131316753097
-3.37200894576525,25.67857380914
-3.33819018604662,-104.634879363956
-2.60540780127829,-100.465745689057
-2.53552731418061,-16.2972645737143
-2.50331158410672,34.7101263476404
-2.49602657115541,113.397112326576
-1.9489388963093,-32.6339742643259
-1.7319549207824,111.395322632007
-1.55657672071307,88.3572142749579
-1.53564850180297,105.312742944925
-1.48613853479639,-54.1299005960693
-1.34386697819486,-104.524940615135
-1.18446556322904,-102.82314104899
-0.870662911979109,19.1108966396307
-0.828597935672999,54.5366105510036
-0.700048571605212,-94.1575833470933
-0.674144297944942,-62.7137400870246
-0.655353930878217,108.776884466309
-0.58695137879316,99.6343075463981
-0.499556497977673,113.331050112282
-0.43936206998328,61.7052641168433
-0.426134071076726,-87.650262660295
-0.196009102525394,-98.1158892397074
-0.0405694748011879,73.5254637194947
0.482379328400173,-100.937375869818
0.487663022851641,12.2594023622899
0.490596991165521,-24.3378688581672
0.549901879889385,-79.4169685515013
0.55281640840255,4.27712802188769
0.601077321560504,-46.2197706926692
0.653417543583962,-104.513865463062
0.875208799070394,111.246008016605
1.19224891816546,-71.5400255230083
1.49745032536802,113.285436481473
1.5084898654714,-102.897148530125
1.77022757625466,81.0797331323609
2.23386052022947,108.172609716896
2.36645356540479,94.1230307253069
2.40359656940086,45.653626756702
2.51944860449308,30.3205874302031
2.64876256617779,-104.601987502264
2.77582212707896,103.785856283963
3.14730235522505,-38.6146888982851
3.235964382342,-100.178308449333
3.25028333293793,111.28938648624
3.31867659485653,-96.8255069866764
3.44674369817851,-3.15079456766353
3.49482693125173,113.260403478625
3.56766178487628,-11.0972032034555
3.78550754431988,67.3249804346314
3.81367761302856,-102.67513510041
3.85167486865877,-91.9739526146872
4.58176690283529,38.6612353563232
4.63747774568788,-104.787015996322
4.82263387473158,-18.6453278293299
5.3211757094797,110.294519959479
5.37536343899498,107.110699515695
5.44121310165115,23.3998325325836
5.47864616216666,-30.4346896245204
5.49240159360719,113.255887671548
5.86597827007058,52.2050106674271
5.91545199745063,-58.7041405250009
5.9490151810677,-102.886580858933
5.99249286229572,-85.1074260281624
6.00749958562195,-66.5518053279179
6.19331811367122,-100.084483644364
6.2714934818601,99.5214461811957
6.61551255849071,-105.064321967511
6.77640453086209,-51.467315275551
6.85780007050389,87.2286997116849
6.96372920910928,59.6044551833515
7.04365046990369,15.9895841522008
7.20441396856213,-96.2198509433824
7.20879582331931,74.7500036237237
7.2285105106941,8.31806536969128
7.32139017361874,111.350229245875
7.48985979565127,113.271629863663
7.8696142726666,-77.1233265562535
8.01963952953672,104.089191585421
8.08408567240409,-103.04328425579
8.50539624745343,108.398597824304
8.5814310073753,-105.419402321068
8.99431798097728,-44.3228822530493
9.18321222834096,31.4144197715187
9.28019337885265,-100.093144468799
9.30189887289031,-91.0098581352279
9.38610225927074,1.67294339386997
9.48703615395651,113.307181024789
9.67657512635539,111.37358896729
9.93434531809593,-7.42184538295094
10.2730923658089,93.9527288005644
10.2911225310518,-103.361732973937
10.3631797332492,-23.4207296084156
10.388893668603,45.3965850563573
10.5445820772206,-105.788795441743
10.7884016606234,81.2265027696464
11.0098326799752,-37.2177296652041
11.0393682647328,67.0233784896454
11.346279147402,-15.022340825417
11.4274680976277,-96.2230227577162
11.47876401697,109.140257252146
11.4841839344011,113.349299427633
11.5092637496657,-71.5904390419947
11.9060400298352,105.484093404764
12.1997951713404,111.557228153243
12.4068378172993,-100.576881885179
12.4734790209828,-103.890557099191
12.5072700781784,-106.159617043756
12.5879527965204,100.705249690878
12.5970643091648,37.6211217846493
12.718571520698,24.7433325428447
13.0280044012162,-63.9186597241696
13.0576419158625,-30.4208856782946
13.0592875341256,53.1194962745467
13.1059824763019,-83.1028554796878
13.3960188887512,18.0292346880981
13.4815159452149,113.383014060752
13.6717769534734,-56.4773760671385
14.1691264315005,10.2558813435773
14.4102720604387,108.249610650348
14.4306709943671,111.102066306813
14.469907408777,-106.530887470953
14.5351392327356,73.602714574387
14.6290994785047,60.151821999794
14.6854854468016,-105.026543506458
14.8443683863946,-90.0556653486775
15.2093266440636,-3.63790115445538
15.2489682065605,-102.796984767868
15.2538796047692,-49.1155432340084
15.4789545208011,113.408076095496
15.5034408005793,-95.6662073430344
15.8022056599417,87.8141230933993
15.8056247726669,-99.8229490883838
16.4327487495217,-106.901605564776
16.5414440064947,104.943777435723
16.6563309115997,111.53107724193
17.0490768713247,95.6907721526775
17.2099525625969,-104.932012560071
17.2107550314371,30.6999027334599
17.2610017127185,108.919656631396
17.3108986796699,-77.1242940599053
17.3336936487263,3.50547223854733
17.4763647595936,113.424238948696
17.6294005860257,42.7425999503841
17.6423938405424,-41.9350480686005
17.9491526933766,-19.0932353264504
18.0326969344559,-11.0594158981476
18.3960671918211,-107.270789820315
18.5588724361205,80.3900715695379
18.7622347644049,-102.338783015986
18.7799135577528,100.894136926402
18.8009807609488,-26.2532463127238
18.8802929557438,49.2856249263775
19.0462357459437,111.393224167123
19.0631458540484,65.9044840638655
19.246011082629,-70.0188566515801
19.4739085033226,113.431243272818
19.478096721424,-34.8924851928921
19.497379796177,-105.551917908814
19.6443225824409,-98.0294296590845
20.0319843918432,108.156585326113
20.2432422595131,-62.3455374244944
20.3592859333884,16.0705914354764
20.3597573485126,-107.637411195214
20.4170353173428,-92.0866735202552
20.5605261391901,23.2028563187303
21.2145383839036,-83.9192480490553
21.2357668316599,56.7362979645037
21.2779492546001,111.093777527036
21.3880958335453,36.3777912018489
21.4541604746293,-54.4391632342696
21.4715823916574,113.428813618542
21.4772115742286,-104.488153501465
21.4787674230049,104.888033796288
21.5441529454313,72.7089883422519
22.1882206866271,-3.12587630639172
22.3237932555376,-108.000486488905
22.3661721893646,-101.198459569454
22.4879514455003,8.6454139490252
23.2487162957089,-106.347258454351
23.2732384967666,92.8710006722258
23.4517615474234,111.609569791224
23.4690431427216,113.416665681946
23.5009327978665,108.666101112226
23.7324950633625,-46.9135091160595
24.0188152530154,85.6598147780783
24.1482724623254,99.8491708520422
24.235166377523,-96.5575521005712
24.2890122956473,-108.359225210725
24.7035534699991,-103.97035933257
25.1757619614739,29.1277795746906
25.3510861650905,-9.31994275474656
25.4260187400024,-16.1404588607939
25.4571443632919,43.1897415646786
25.4664172175922,113.394505765251
25.4978477156804,62.7504434477143
25.532237861153,-30.6571172913925
25.5775995981485,105.176765061325
25.6302689382505,111.330421144031
25.6913223933667,-76.3219781473707
26.0062274783258,-23.0496407909207
26.0698194011541,-106.643927018464
26.2553063699761,-108.711884145205
26.3219578211099,77.9738545774781
26.3399493108396,50.3182513823117
26.3667985891507,2.35075301859441
26.4154818799265,-39.4846922948143
26.4933448951664,-68.8378630425932
26.5744581550739,-100.576338331368
26.6487490884589,-90.2197709232408
26.8149138509744,108.852023144195
27.1762034713145,-60.5622158053817
27.2411529466374,14.5417926843124
27.4638360549118,113.362029573582
27.7397364960487,69.3038236400578
27.9728908177405,111.589306084885
28.0140382870162,-104.280714019773
28.223648860586,-109.051251876318
28.420880394867,21.5321392701846
28.9342323942011,-107.114756366023
29.0776362934183,-82.8849824075624
29.158023788237,35.8276337129628
29.2616378355683,102.458433995655
29.4071878467711,-52.9098746695066
29.4607701245909,113.311853397487
29.5047094165328,106.976967691954
29.7024536735673,-95.8148770284217
29.781676828424,110.455949170263
29.8243097694636,57.1827906248227
29.930072804006,96.6704249477
30.1950956407122,-109.375622360947
30.6944999899087,-101.008234657481
30.839223447345,-4.30772296704444
31.0230394090954,89.5020551409145
31.2187601323541,7.91640095798082
31.3043708659797,-104.857132007212
31.456548267234,113.228598190625
31.7343221019813,-107.614526986059
31.7878307304762,111.50603030191
31.8303197051667,-33.9066855128432
31.8577854747525,82.2161062540848
32.0871915140891,-45.5463020082049
32.1682395163713,-109.684403484563
32.3930692625485,108.714851368047
32.7840494315568,28.245153683914
32.8975644502542,-11.7753286686811
32.9510939801029,42.6992709334704
33.0312645194447,73.6996319503778
33.0997727888366,-66.5081597767881
33.1614603934169,104.96004017782
33.2043308116536,-26.2846453576832
33.4309875896693,49.7978223803167
33.4507895005675,113.111872020477
33.5351103152662,-18.9565491571481
33.8317819889096,64.4793194939319
34.1205059389909,-74.0777971817841
34.1403394303739,111.002475233358
34.1445906495998,-109.977490565933
34.3726966654628,-89.6791979567235
34.4481354141344,-105.999783186987
34.4490185256164,14.8785233421099
34.457044535493,-108.340171304424
34.5904021496839,100.170483609974
34.6313913034374,-102.285478819862
34.6593576339078,-59.4124372528659
34.7369722110566,-97.1638820000346
34.9221267720622,1.25787278477499
35.4426151465787,112.961848801292
35.4983704282707,108.043523797151
35.8657209518177,-81.2546988719319
36.0600369122652,-39.3346273682708
36.1224678498654,-110.25431555272
36.3836226155629,110.736247514847
36.7240136381331,34.874625900038
36.8476305481088,21.6633149356454
37.1710665680212,56.5752109228952
37.201388416812,-108.127579981692
37.4048376568618,104.357619329369
37.4317581767709,112.77867152004
37.4887044247955,-51.9090990122761
37.580961944938,94.3905858284558
37.591056115868,-104.768249689735
38.1033478903222,-110.514787869358
38.4376142492654,110.579341561811
38.499631903317,86.6232768964195
38.5847573768773,107.834929755711
38.6123511717012,78.824874197864
38.8596838797197,-6.49206455308435
39.1106560204686,-100.300024979882
39.3051261182997,-31.0456332367448
39.3222948437322,7.82372414851187
39.3544548727676,70.3063251640589
39.4176438336975,112.5625090995
39.9863326164922,-106.899117693337
40.0856526014284,-110.758422166992
40.1501421302628,-67.5029163385474
40.1558077861723,-94.2968368449603
40.1756778373579,100.093792044189
40.2836147237546,48.3537069306858
40.3415882218772,41.2131050458445
40.5386078731729,-14.3757274300437
40.5849510853417,110.505629686942
40.8079944008647,-108.992515718375
40.9387939357667,-22.7182605885562
41.0551567813404,28.1155540624204
41.1328347611387,-45.6165877103063
41.3995400725386,112.313562409632
41.4872037875704,-59.1133936355422
41.4911029676906,107.885925689271
41.5191414680467,62.7213528967259
41.5402039724379,104.556783739369
41.5453050086798,-103.60716802725
41.7275574668128,-85.720870871715
41.8318620554867,14.8231160544828
42.0704185251704,-110.985091893852
42.2742596894029,0.340372909022696
42.6647103409424,-76.9918214411367
42.8810353539623,110.129127449474
43.3645935368192,-109.308318714879
43.3772454222778,112.031974126269
43.5161039843532,-106.919507935386
43.8526922600913,-37.7401444781004
44.0570897788854,-111.194489275567
44.4633495376068,54.963682684233
44.5104642886769,107.05766145356
44.6851963640289,-98.8845844427441
44.7017323827299,97.6209391677837
44.7991155296376,91.1322434236503
44.9317568661603,109.902900344611
44.9937672690277,33.921905795376
45.1764706017882,102.71889704218
45.2078268989666,21.9895818597864
45.2418976783939,76.0262188566688
45.3498830208881,111.717986677413
45.3507499739809,-103.656773561749
45.6178596119858,83.4285080328075
45.9420890866024,-109.281151993379
46.0457503190696,-111.384459800466
46.0972801026497,-52.8546853102659
46.5737728743702,-70.5201340021104
46.6492203107719,-7.83348376333495
46.6751549822421,-91.7987004874307
46.6802468855918,-30.0648016161796
46.8992818895744,68.5948446559009
46.934565740725,109.184371076556
47.2007625659677,7.76803902224795
47.2728478511651,-106.693763257522
47.3172531180549,111.37215321475
47.4215774348302,40.7443074382214
47.4216674060773,105.88236948366
47.4481118612173,-62.1823888000516
47.5602053683275,47.5963685349867
47.608639702673,-15.9327507272764
48.0379888703322,-111.530192940084
48.3193326261414,-22.9925544182488
48.7726224122428,-0.101219551873105
48.7993836092048,-44.05144849017
48.8048857518669,-109.344061934165
48.9426464969877,15.4827873792886
49.0216422385888,108.795852466545
49.0627886745398,-83.2021029239954
49.1504708933509,61.2828580377331
49.2810071347254,111.006211812074
49.2987615277331,-102.498149449215
49.3804325332777,101.660748636402
50.0333024832589,-111.624327551035
50.1186569831321,27.3689222301526
50.2818166503322,96.3150519881362
50.3577287603938,105.85224527667
50.7371445119797,-106.295504824
50.7817654941354,-97.4065755367892
51.1806172215055,108.837457877553
51.2419139226878,110.625465853757
51.4212021412975,-109.41156048669
51.7736336289758,-76.1143202679636
51.9173334577563,-36.1803189735163
51.9899333619856,88.9329107783569
52.0303358872102,-111.667091753679
52.1910686636558,54.5973611126507
52.3815658170152,74.4508815907706
52.6299543369965,81.4789972122645
52.9590657789048,33.9584773681575
52.9928915816583,107.521509674706
53.0713112226173,-50.242789682213
53.0752866020702,104.055807412081
53.1999599702748,110.229737407348
53.4446273932055,-67.1828848468728
53.6487049640603,-58.1583037690433
53.9022983172126,-89.5576536219642
53.9073814924692,-107.01597268596
53.9554059638118,-109.834644762781
53.9923650952663,-102.728975972027
54.0278797316711,-111.658742595193
54.1104528569504,100.271933134007
54.1507782113424,20.7739870196344
54.168685602496,-11.9602809674653
54.4719715208585,66.6273605479892
54.4725638698245,40.8155038036518
54.6198474123824,-4.25737423588029
54.6552359829833,-27.8844048749252
54.6631151246029,47.8736361764951
54.8232411562632,11.9028956835415
54.8329411541618,4.14422918024887
55.0013450329289,108.155016668259
55.1547392173477,109.818930736302
55.4327842649017,-20.087723674209
55.6749112080548,105.569024166184
55.8704204559102,94.5710937187953
56.0245454062782,-111.599562691553
56.454964109105,-109.334525781552
56.5451901833939,-97.2854686590509
57.0342719375993,-42.3430061253757
57.0724027632404,-106.172438740335
57.1064199540737,109.392833712814
57.3807765673463,107.427756649841
57.4077847640795,103.33583721699
57.52166359934,59.7155888049715
57.8631548917253,-82.0745423938315
58.0190195845226,-111.489867293984
58.5415477943334,99.391751837228
58.7240384816026,28.3891494310131
58.84749240071,-102.392211985108
58.9195358661762,-72.9549334630678
59.0480595283649,-109.13053034105
59.0545098676948,108.951379635234
59.2276010050012,106.312615883841
59.3033927043195,86.8378165218356
59.3295144070608,-33.2124464064695
59.3356831212406,72.084444294527
59.6907808409866,79.55987555114
60.0101642111664,-111.329986964196
60.0387378324637,-49.8203804959291
60.2911433896656,-64.4056080154838
60.3278365165557,52.247910446231
60.5316207795459,-106.352693735017
60.7465034693523,103.358678074096
60.9261623070577,-91.2277328348258
60.9671185768926,35.5255432353016
60.9991385631303,108.494368372064
61.1039574728402,93.9317494469393
61.146420271681,-56.9531844362603
61.2060220019765,21.1496656205255
61.2158186224937,43.8672708504546
61.3965756025448,-8.02615641054704
61.4134518091665,-16.2075981740329
61.4431598070185,14.7617903910651
61.5574103494676,106.275551485673
61.7443992893121,7.14199181634852
61.7973309999889,-109.271572578288
61.9400150748856,-0.456255492314385
61.9966945709176,-111.120285095241
62.4752444237283,-98.2489182472709
62.4774009421142,99.3018731705321
62.6363611565823,-24.9295581420467
62.7016137652344,65.1999809961687
62.9399771355025,108.021708222176
63.2736952918409,-103.476341273929
63.64122541737,-107.212339218582
63.6734146994057,-38.8807192617035
63.7101101566678,105.594201509924
63.719569034901,102.872271092701
63.9772954581044,-110.861161438535
64.8768455620537,107.533280036672
64.933433445297,-76.9064939952029
65.1308886542184,57.3278228855306
65.3138456113541,-85.4850338069967
65.4350873712915,-108.73723499613
65.87438770029,95.5417087017649
65.8889221974882,89.0870644333687
65.9509221300519,-110.553006875904
65.9963487283511,74.1871042459482
66.0375597355352,-45.5932129915638
66.1112890973718,105.492497978383
66.4175830353656,25.2612328992325
66.4331600781739,103.251205291755
66.4458290419055,99.8719026333546
66.6340254959641,-105.44370169378
66.7385146912649,-68.7963048943267
66.8098831550282,107.028932637355
66.87854058606,81.380088475949
66.9018345725703,48.5909369263104
66.9762758764079,-100.750610986174
67.1592382100566,40.0374944218673
67.3309102070837,-31.9370194104233
67.6183796588021,-94.3351656563833
67.7462459718466,-108.195188974566
67.9163264551157,-110.195841755149
67.9399707508161,-11.2802784341307
68.0091235854161,31.6108576042894
68.1487803730728,-52.8618328758352
68.1875282279904,-60.7255923709241
68.5298300546207,-18.8430822556482
68.5887466179577,10.9354324418156
68.6739357490193,104.729943253629
68.7387766784232,106.510575720269
68.8756707851509,68.0032538864269
69.1027861686845,3.67989120885776
69.1880403101734,102.0020266955
69.3675674594047,17.7516146965206
69.4126480760242,-4.0464965270689
69.7913358303791,-104.069351626241
69.8054520912726,-107.315826862863
69.8717941889166,-109.788267920555
70.1138176719953,98.3459570406033
70.2892514463799,93.926020260183
70.6644174994704,105.978808352775
70.7176227234336,61.0314670888473
71.0958438387933,103.910595608776
71.1853473583747,-80.3058328517613
71.3632319332279,-99.7700259815206
71.4338323309011,-25.7747033539282
71.495053917888,-39.5855511516639
71.8161549717667,-109.330504686883
72.0022622346364,88.2565187430553
72.0591491836362,-106.97001324353
72.0940324558153,53.1444598422937
72.0946382277443,101.07400416428
72.5860938849404,105.433592787874
73.0156180477653,-104.116003550814
73.0161645311713,-88.2858686620771
73.2920171499756,-72.584499787274
73.4464704678839,-95.2055797972437
73.455712829036,44.7432239863692
73.4653530668953,36.8262870039335
73.4678479886624,103.287710203629
73.6375703461999,74.3243598159246
73.6930954022955,24.3248386541244
73.7481805151102,-108.823051740243
74.0288755405591,97.5341137773943
74.0939895693214,81.49992829794
74.3775072399752,-47.3387722109154
74.4763983224252,-106.663326758253
74.503763201826,104.874718110621
74.570942538537,-64.1285235555669
74.9510940372708,100.616001361659
74.9990837188818,-11.992789044939
75.0146136623104,93.597030802131
75.0464485884696,-101.732839985442
75.4443296092857,-55.3797929018022
75.5108162964723,-33.097721040715
75.6665979403753,-108.266451701122
75.7831649111004,10.1736056530671
75.8053164885062,102.839170326568
76.0794480218667,2.04362568535279
76.0857506676794,66.5891283657015
76.1624169555947,-18.916922420981
76.3096823702435,-105.304472870646
76.4176396449325,104.301899882513
77.0083778051067,29.7439922064326
77.0416760345362,-5.19106722971361
77.2211994075407,-98.50973857254
77.2359638962813,17.5362717858373
77.5396932499455,98.7000610584636
77.5702179629196,-107.661255922855
77.6484003901731,88.9410134553004
77.7120988202247,101.717705053057
77.7321930947336,58.4452600713062
77.9830537410081,-80.8710766973788
78.1333155628489,-102.791766155005
78.3270210959302,103.715135147324
78.4534123270395,95.0933349761343
78.7064951910166,-93.033951898283
78.8559114855505,-105.414178575447
79.0041932265719,50.5818275503073
79.3260949929281,-40.9013100943537
79.4579269601475,-107.008017938549
79.5067310627314,-26.0260075318288
79.68112766962,101.219575127349
80.2319049043336,103.114223424968
80.3535691188886,36.3205752160114
80.3848756091231,43.02919380569
80.5949038016225,-74.0747100728366
80.60911376687,-101.049900613005
80.6523540509714,98.4496133754487
80.7123083860639,77.4690567451054
81.0324950512644,-104.131578138247
81.1152092157271,-66.8251527717794
81.1379543681726,-87.5021362588779
81.3285748301851,-106.307328508781
81.5120249498659,84.5057125658241
81.56630501855,-97.1732509979154
81.6581795563925,91.2989254872994
81.6820155274932,70.5039763117539
81.7428964268695,-58.3902330163181
81.7706605855631,100.776536446349
82.1324380807517,102.498918712498
82.1695018112261,95.3609521205276
82.3812387039457,23.2250368908241
82.3839097071729,-49.1330291192495
82.4730062231124,5.78573903437076
83.1243875206556,62.9692194806934
83.1333681574006,-10.7574105738104
83.1809375324671,-105.559838730104
83.245593244606,-18.2663519765907
83.2894655499531,-33.1020548820388
83.3194583863951,-103.34777868657
83.6181692048349,99.9766025134312
83.6345545325304,-100.768994877024
83.7634788832213,13.8137489126531
83.865671179908,-2.14519902533705
83.9088300541575,97.5393298977685
84.0284152126688,101.869091953433
84.5365023927019,-93.4154622672033
84.9393540929247,54.9249157714992
85.0140078219054,-104.766143231304
85.3107246480073,-98.3271185087947
85.3930350534196,30.7423521425987
85.5554223980498,93.4363928362967
85.7268475804655,88.5437672876663
85.8470873533959,99.4249999880756
85.8650285131246,-102.253612888255
85.9189475524485,101.224860132201
86.1244751020177,-80.0628405104038
86.3012295190842,46.9363350700079
86.4575747082292,96.4973045228191
86.6544688592778,-40.5000595888516
86.8267035780548,-103.926889876635
87.0215825021352,-87.8794873435417
87.1947642186492,-25.0139190675383
87.4073242299275,38.4968031470108
87.7353623344309,-100.772360662323
87.8042853453815,100.564451045135
87.8592369079894,75.6471790655926
87.8891465690717,98.5645150472392
87.903626655791,82.872592694676
87.9283193063234,-97.167855554306
88.0139537267714,-63.5488006773662
88.0497467058818,-71.944430488451
88.5486992738236,-54.7454047480655
88.6212739433979,-103.049663337662
88.9475823473462,19.5108121992177
89.0655561020616,95.3958422862326
89.0991766435383,-93.3967659108174
89.1154568529567,92.0107355568688
89.2438171594091,6.79180419083699
89.3872415213988,69.0135239335829
89.6787910030267,99.8741334423918
89.7007209494462,62.3513398453804
89.8128722664543,97.7334570791848
89.9267607139808,-99.8810442106807
90.2289989542167,-8.06350666814705
90.3739772485858,-16.4191965131575
90.4094848172037,-102.159776154547
90.6518235920162,-46.6769883221062
90.7212565524813,88.3139504071704
90.778293886742,-32.3845974938494
90.8057636165634,-0.280120594187233
90.815639221665,26.353004004459
91.0668070442196,-96.8233707987765
91.5407911384448,99.1505826401347
91.7569251940507,-90.0712221448221
91.8322474839044,94.5321595925973
91.8510445398984,97.097027302088
91.8600151383723,56.2533450576436
92.0994826094521,-83.9244067582971
92.1476272041772,12.9422136019331
92.1859770710776,-99.230427105325
92.1925355680745,-101.259270536031
92.4754839351801,49.8154146230956
93.1710279322598,42.2824331120555
93.2174062120218,92.2324154746829
93.3408007786348,-94.6935053881509
93.3896720921106,98.3942703653706
93.7451695417585,33.9200320337221
93.752309654694,84.4738536478091
93.896781368859,96.0509053362352
93.9702653024996,-100.348008121289
94.0672778943301,-97.8106435434488
94.1683806324879,78.6843888361499
94.4300044853196,-76.8078568735079
94.5026307735998,-24.5922148666684
94.6412037873821,-38.9569828479969
94.6498256074458,-60.3756197856795
94.94792433569,-68.4039973315609
95.0945437908479,89.0674027405786
95.2248642351923,97.6056655949188
95.3847694205406,-92.0199272619388
95.4433003818812,94.960811876104
95.742432280413,-99.4258962793775
95.9609821857856,71.4064702400025
96.1029262553536,-87.9478716485498
96.1177935885409,-96.8864249884531
96.2117909907465,-52.0736959044128
96.3981906460719,92.3808286568106
96.5427452918684,63.518266194054
97.0444155921742,20.0736404514695
97.0460639779709,96.7851288411549
97.0713007362479,-94.5669197068304
97.1009876427843,4.90438525883289
97.292299424244,-10.6972393488067
97.5085496713316,-98.4929792844163
97.6961879824697,-18.0576461887982
97.760548365115,-3.08910887326735
97.763638997026,94.5453327181401
98.1347139773216,-83.0987671289516
98.1413275744621,27.0900669358007
98.3338239110863,87.4683542136968
98.6688641503552,56.0231376729164
98.7445402701378,-31.0937855762343
98.7451054450374,83.1137729002009
98.7574994323714,-96.0138864609233
98.7865057510492,91.0471470701213
98.8527963145198,95.9330961733873
98.8975926816755,-91.7373314061833
98.9208443616708,12.3079001176275
99.1842558721206,47.9896202523369
99.2688561155959,-97.5489244483498
99.3685725432725,-45.2319440196944
99.6067695325616,93.4784188739804
99.6924636185593,39.9049448930508
100.327030938127,-88.0283011936877
100.437749412184,-94.2862877717258
100.447813938632,77.9129532600574
100.644599130661,95.0500053802422
101.023182712521,-96.593614627299
101.326639151785,-57.4162743901078
101.396392085157,89.6742527098138
101.572740030999,92.5367349280644
101.664259271967,-72.6477842485472
101.984170154883,-79.4271706881994
102.015506106456,-91.1876358628514
102.124823775554,32.6640259517902
102.156130290263,86.1561430404712
102.258648212428,-64.8940414735528
102.421022936695,94.1362957570052
102.444337400346,67.076866023436
102.687016829768,-93.5915645022874
102.69630970906,-38.1293899020685
102.771359081116,-95.6269389933043
103.113840625366,-23.4853835621944
103.237598375385,-85.1472416315742
103.503047023734,91.3939277318885
103.763128556148,82.5292234437784
104.181550843182,93.1924515425214
104.264965495959,73.3997226480729
104.29745038516,88.4666576739333
104.343841371792,16.9291936925363
104.386698120155,-89.0380712364341
104.513213885604,-94.6487931794664
104.553516393929,60.583410111659
104.560681189514,-14.988998108956
104.64577863308,7.77793831183152
104.722225465301,-7.16462206519985
104.789599310634,-92.1893588160439
104.805398099041,0.666667807156381
105.146693775696,-50.9200395863138
105.226628694478,24.3599146453974
105.348277942373,53.1014314987913
105.54796200899,90.5723079743575
105.925734312732,92.218933148074
105.954415283106,45.6805018050893
106.172386775087,85.9228582797357
106.248487063158,-93.6591301149275
106.430369363047,78.6392559305458
106.637160562327,-31.0346470427328
106.791384739968,-83.1852371242801
106.79299436903,-90.8659995892954
107.108103504215,38.5172572074246
107.125104930999,88.9429985092769
107.193660475463,-87.3678499146437
107.320683630456,-78.3663009868301
107.653257222645,91.2161328375798
107.976453660332,-92.6568530674331
108.024265380671,-44.4016859806713
108.13328837833,82.4670154474045
108.387915682603,-72.6538277258381
108.48000603703,-58.3481257901324
108.821296580725,-89.8867192799043
108.919458425215,88.1518087576078
109.175832082436,85.569662028435
109.366038682576,90.1884174264104
109.518953022571,30.7434965686846
109.683865371932,-91.6201001067346
109.76676058922,67.4401348895629
109.812245275976,-65.9863661254237
109.916054834993,74.1879630452379
110.105578450858,-85.3969483885728
110.162573974238,11.734407842641
110.48400354418,-88.3775077893054
110.640945541139,-25.2050861523144
110.800036933762,-37.0246278133598
110.975228054604,-18.4101075669912
111.031439853827,87.1147023691618
111.067245131707,79.1689699737014
111.06774104511,89.1422469293302
111.175251704497,-81.8189655754097
111.208897173799,59.6466965231435
111.364531292368,-90.5405241667491
111.403271032674,83.3648567610627
111.704012251434,18.995634929744
111.776272539438,-10.7292431562982
111.910255316326,-3.08470707460779
111.96347993004,52.1771063886551
112.40187682118,-77.2821314071193
112.513864697278,4.43194467556106
112.544911795548,85.733076530405
112.610128981006,-87.4739016726943
112.758158832258,88.0778906769553
113.00318225037,44.5597890026293
113.017452155558,-89.4189246750159
113.350342751032,-85.4062439403356
113.553281452442,-51.700498618095
113.66910825268,81.6736645900152
113.982943853205,25.3220907606604
113.985362989868,36.7880158587986
114.355861751386,-71.9535387048237
114.396641686322,84.6839690228944
114.437105342388,86.9954968302679
114.464433111156,-82.8789611486188
114.474049375106,71.6070818279949
114.485707288268,76.6518966404579
114.64165248954,-88.2561192470755
115.401220315019,-80.0967225753146
115.6100372912,-59.5948061758652
115.664782427,-44.1065264128556
115.686916655179,79.7147686222898
115.979639563356,-30.3056527737562
115.994205022448,83.2358972447504
116.012731986973,-85.035115901646
116.104397503588,85.8952162645615
116.236180592541,-87.0529429352294
116.381448570847,65.4752967966994
116.834001318787,-66.91281625564
116.870352163593,-76.0772682276154
117.076808149219,12.1450608646823
117.609233280756,-82.8990273554568
117.759855932317,84.7772024068295
117.800108488909,-85.8102475113014
118.007284851133,80.8585284524112
118.023079041857,82.7823999124306
118.08746857962,57.7133697586158
118.102524695183,75.1553433791441
118.24388466773,-22.8278753209576
118.275974510869,-37.528159961199
118.449641556576,-15.2464679057181
118.468598210579,31.7787271785886
118.526561084438,-79.5801063737483
118.566820620109,49.768956691585
118.882671675527,78.2828756873871
119.000563969826,-7.52139761453944
119.055374817555,70.7172046784319
119.332531867615,-84.5289007830699
119.403304983177,83.6416110734856
119.46943039035,-0.413929753969833
119.477850249338,18.5577492258155
119.631376468505,-72.3313258533811
119.641003231035,41.0579410870479
119.820362196342,-81.797647656312
120.206096933144,81.1110194827952
120.320221978055,6.395525418681
120.43873077159,-76.6794745413879
120.83256669568,-83.2097889286897
121.034572790078,82.4886003088686
121.298380018406,-62.88936787733
121.352635615722,-48.5373818017091
121.464447199627,-79.7164603714792
121.552765852592,76.7364234429968
121.672153374443,25.6637789603773
121.736722798641,79.528626347552
121.794566730209,-55.9219104780455
121.881025942977,73.3777984977552
122.03285935525,-68.5018655777684
122.197803906195,63.2854361325284
122.296477083234,67.9412657924083
122.299349405798,-81.8538163792473
122.653478378949,81.318339669313
122.920015042969,-74.83876434146
123.246594799211,-77.9942822819223
123.732057284434,-80.4618856308058
123.735799737017,78.2122541921667
123.821669469115,-32.7612247390669
124.134606966059,35.6333189971462
124.156494144968,-72.1013441793399
124.259842765376,80.1310028475859
124.300517722282,75.2399843274558
124.347145898687,46.1225720515213
124.507982096539,71.161988015999
124.579990455841,-41.2407154056574
124.696210656426,54.2987090290146
124.871381067384,-25.6149598488507
125.129879859287,-79.0349222667232
125.157980369409,-76.4099688328118
125.474421235475,12.4412038324477
125.516857438834,-65.7896220707012
125.601464516324,-18.3244605945015
125.634142670475,-10.8075937200573
125.702847910446,76.9094015313376
125.853557111982,78.9267156412218
125.939140780495,-60.766645066994
126.029463910411,59.9017860240051
126.341508550898,-69.7485307669758
126.351680906869,-74.3785561485377
126.414052456608,73.5311546956096
126.49213731904,-77.5739778876344
126.618965294282,-3.18955940069542
126.713382235393,67.6405507188671
126.783743339692,20.2403628042724
127.084911924578,4.21331813702891
127.294473939564,-52.0100594213909
127.434470480214,77.7056379023632
127.526035290186,75.5249984358707
127.698431641681,29.062326801162
127.799370007826,-72.5522257713785
127.819160337182,-76.0809366556772
128.06454145458,64.1944751114934
128.181752095976,71.1055257076397
128.591067762925,-56.8066599618971
128.683097330983,41.6000881057418
128.88405404088,-67.6922572453754
128.997779698317,76.462108958533
129.063419885342,-46.3607090649213
129.110522356019,-74.5569431886675
129.126930247512,-64.1860070259035
129.220238819547,73.8829189091269
129.440430724772,-70.719043505039
129.920837869776,50.9131806560621
130.365571071244,-73.0029056156618
130.411414928573,69.5010909801603
130.530573132711,75.181212212652
130.619105588047,-60.4279267848554
130.667707274307,58.0538345412999
130.846896672543,72.46119327928
130.879139900417,-37.1285096432151
131.023303250772,66.8975242765884
131.190377839901,-29.7175444943857
131.284062825731,-68.9779524314904
131.583674392524,-71.4197408060616
131.667809731756,62.5442839580265
131.800609928933,-66.6243396653837
132.031354168179,73.8629528684857
132.069953957729,35.1482990931675
132.241672076667,-63.5018145274376
132.473728761124,-54.4583221943443
132.554154939727,71.0087460661805
132.645502307983,-14.3717978350587
132.678790636839,-50.3435542534502
132.717534926296,15.8137233331031
132.738067341933,-21.8779801346507
132.764220278496,-69.8083740757479
132.882315405175,-42.4741592584127
132.902429994925,8.62729067239746
132.979837261283,-7.20681762846816
132.990067993527,23.9483590696377
133.499284583669,72.5082091584758
133.602409749676,65.9025811786291
133.638019338175,69.1302592494942
133.69532417545,54.2547872407824
133.695736642764,-57.9342972154499
133.735663040485,46.9073461941075
133.814063264747,-65.375822907351
133.906612775393,-68.1697445078961
134.007172604337,-60.8557014921683
134.039198950094,0.754412692206843
134.847864541338,61.8081401960592
134.933550643217,71.1178741136302
135.010279218785,-66.50479478087
135.086989361327,-63.0537362916283
135.310389817894,58.7631740533984
135.353799132342,-47.2560686495958
135.417546899056,67.9267431670416
135.74093831191,64.5688116070859
136.074672729052,-64.8144653871584
136.140635613662,-55.4188868413901
136.315996774876,-33.9452814285939
136.333362402264,69.6928554494258
136.3572589642,-52.1663302351149
136.373091332052,40.9447323008338
136.437206785074,-60.5459694990233
136.626123221233,30.2810005218901
137.012102427242,66.4223390359677
137.084373955538,-58.3205140142098
137.099259834314,-63.0997127599907
137.213030714008,51.2641236432322
137.478834357946,-39.2485607437536
137.526200534106,-27.2100213343163
137.697953970131,68.2340746101602
137.825333149574,-43.7223433624954
137.896151320391,62.2996271757263
137.974462798483,55.9081658385877
138.083526394663,-61.3615006151505
138.376295421452,-50.0692917872815
138.620301046541,64.5996440630947
138.65458900394,-56.399776497003
138.705000736318,59.8108390874151
139.026583454383,66.7424661002508
139.02697749091,-59.6007997678405
139.109875028154,-54.0602000262299
139.177583455707,46.1406315023171
139.279225360923,19.4521811049285
139.380412944476,-16.9363660654846
139.559715701141,-47.3061674381051
139.686740141541,-3.76944168218576
139.933166440945,-57.8206949589399
140.007751767043,12.2987551553292
140.057641461602,36.2584933205531
140.167020706967,5.21713164100888
140.294368942817,62.6351783929654
140.294859625172,-10.6746094602602
140.318532890404,65.2189768443157
140.359426823306,-52.2288511439762
140.476955325856,-22.1884846552913
140.70759533612,-31.0384902368246
140.808395520714,57.7699285504643
140.826821778478,-56.0341668422234
140.848352515194,25.5553501036594
140.853659035327,-36.1263571918181
140.974500792659,54.2524124088747
141.255599332941,50.298960184643
141.357659801586,-41.8879263552621
141.42078523958,60.6746657842998
141.444867564008,-50.0852018627757
141.475014527912,-44.9796247354284
141.573108158408,63.6645655756345
141.712086828238,-54.2434567205728
141.776757363715,41.5488554687875
142.47478590656,-48.033216851243
142.588883938769,-52.4485749231743
142.653873853505,-39.3726280918501
142.657594738911,31.4182431539878
142.789638890012,62.0802022524746
143.061906828115,58.9732714685278
143.251341128487,46.4010845235026
143.352180314025,-26.2990362382301
143.381942536668,56.6708844350765
143.434563332509,0.281545781097637
143.457130241723,-50.6495307778885
143.672902792059,53.3148231801637
143.74946297709,-46.1149709772145
143.907975571878,-33.4919579948398
143.967478366383,60.4668675016735
144.221264631216,16.7917141011563
144.242939146734,-43.7763525661503
144.316728581699,-48.8463524638605
144.553436895145,-6.03331204670054
144.583891458193,50.3353883973449
144.764818773178,-37.023542168622
144.778013722955,-15.0240183667846
144.891615234344,9.02929385247154
144.973372631569,22.2238460386542
144.97761675661,-29.6043872509825
144.987885701174,-41.7751119838922
145.051579843206,55.789116786281
145.105839822999,58.8253879158375
145.167568982368,-47.0390858745897
145.233628143142,-19.3240623919848
145.29230876384,39.1590613984665
145.408184004345,35.4754380394018
145.422481010772,43.3822079965105
145.803992186543,27.7317531737098
146.009580291793,-45.2276847783417
146.031264168366,-39.8725530232389
146.050552415174,53.7707445967121
146.102761510297,47.7409047336857
146.137968102066,-23.0689726124319
146.193772261095,57.1501259696178
146.251811239647,-10.4474678788142
146.48100009309,4.47290392127862
146.605362913953,13.0964222448603
146.70204065152,-34.7032223011805
146.759742922878,51.9177116230067
146.842662040669,-43.4121551148866
147.224205437694,55.4389258857237
147.225422388346,-37.9017873694339
147.342322232129,-31.8999246268703
147.432637764525,31.7275876919741
147.505034883813,45.2410057213657
147.666709866018,-41.5925028001971
147.778656101111,50.1372167962261
147.837726566891,-2.63690269836107
147.87112924433,-26.2833844552383
148.19583379739,53.6936666700197
148.25023538827,18.4329849521126
148.274530362523,41.6277701173626
148.297619449003,-28.9184279697029
148.393302052896,-35.9443709323652
148.481615816567,-39.7687339093666
148.482868781578,25.3099282011603
148.702137576694,48.1901542625372
148.783293914774,-13.8331530719156
148.901221076036,1.07111760260858
148.910711389264,38.2455746834441
149.039652801198,-6.71269633883146
149.107415269292,51.9163074999982
149.231605782628,-17.7800371152336
149.287268667739,-37.9408548455153
149.300447752761,35.1299687757927
149.325670297879,-33.5978570237379
149.391350305252,7.88966900016961
149.410726265498,21.8944146252922
149.529513412759,-20.8894968749912
149.73740653957,46.3397814658096
149.899330128037,15.4805645387568
149.907225651786,-23.8255855897424
149.957787628669,50.1088646214188
149.973224434333,44.1293811186393
150.012340574062,-31.1822290776183
150.020698679025,11.3158073065591
150.08060902123,-36.1073887921146
150.122582806678,28.9678917196202
150.560957397715,-9.99677385391876
150.728706362151,32.2293661508374
150.745871716611,48.2734071523278
150.773927275294,-28.803759884016
150.833810713403,-34.2573003959646
150.962557861044,40.4010564437516
151.055542257564,-26.6325013000436
151.05689281557,4.41488470408403
151.10855172306,42.3848025812449
151.470674393557,46.4120526796855
151.488423459596,25.9658551950687
151.510193374356,-15.6701929781117
151.53994986309,-32.3887426767465
151.746300845447,-4.09602033705769
151.849212454968,36.6893114187135
151.866628453488,19.3961259417342
151.870229959696,-12.4605468435876
151.914182632387,-1.21000927151053
151.972821817355,38.6206350997993
152.036121026253,23.0192526198918
152.131291212673,44.5269626677639
152.198620344228,-30.5029287399816
152.284623257309,-24.5274708884406
152.397552253015,-7.11322105806681
152.451098272457,-19.9822330619542
152.456225441518,34.6561933629441
152.495468989119,-22.2042238636419
152.617506290779,1.77536370765571
152.62118531747,13.2835648470794
152.63702149695,16.5605491214562
152.726908800466,42.6203376984199
152.801543510125,6.98841987610184
152.809443904036,-28.6010780346809
152.869743106857,9.90793848151955
152.921769222137,-18.1281666019627
152.991457500505,30.2600641968484
153.209136358657,32.534277892958
153.256806933522,40.6944125641909
153.337459004239,28.1659698025757
153.372070062205,-26.6844158826641
153.720360301717,38.7514512358906
153.840618340685,-9.58272754935262
153.879878372478,25.8804810048
153.88617601773,-24.7541730267196
153.937593518608,-13.9650070542735
153.950552893228,-16.2112268767657
154.117039949874,36.7937417270025
154.152742254601,21.2675262438872
154.192034204091,23.7300037507139
154.26482644511,-11.5830740629557
154.351466564588,-22.8115851959641
154.456112695144,34.8251294580215
154.486647391928,4.32209446041539
154.55293931011,18.9720428319797
154.596002010364,-4.99040839983258
154.651332851387,-2.67372329570972
154.761536251854,-0.334878803517779
154.767674017331,-20.8578926867196
154.770408869348,32.8524450008335
154.799963584661,-7.34766830318994
154.814779760565,14.3096812330314
154.887442510797,11.6779828675931
154.899142171181,16.7002067709277
155.062626153877,30.8763695223577
155.096185175377,2.06117769471353
155.134558147569,-18.8943399571975
155.148012990692,9.02958482046095
155.164522847117,6.60950521798702
155.332717075459,28.8971486226442
155.451906132185,-16.9221752342455
155.580637153985,26.9150286985978
155.719532514023,-14.942650130394
155.806344917654,24.9302569014661
155.937423317581,-12.9570421051845
156.00980191739,22.9430810940429
156.12251683007,-10.9680729397385
156.190972740525,20.9537498076018
156.286477278691,-8.97724668444631
156.349825023757,18.9625121985739
156.42928830574,-6.98479126747084
156.486329465365,16.9696180049849
156.550936549153,-4.9909315121419
156.600459836681,14.9753175026647
156.651411325597,-2.99589233266553
156.692192992825,12.9798614612463
156.730704631205,-0.99989869683589
156.76154316474,10.9835020619447
156.788811141746,0.996824411316284
156.809356555962,8.98651031825789
156.825728212239,2.99405202893534
156.835996843087,6.98912127188178
156.841455875994,4.99155925180829
