-181.933679981794,16.7232693359462
-181.926233847879,14.7242732152343
-181.899975214532,18.7219272694285
-181.889400377148,12.7256644973689
-181.827038091652,10.7277306011282
-181.824347533783,20.7194347364908
-181.739119847086,8.7306685392837
-181.70685007813,22.7149201578041
-181.625630259137,6.73491253170114
-181.547551651259,24.7075061196702
-181.486556733246,4.74081676418831
-181.346536973214,26.6963139703696
-181.321889418153,2.74871300348765
-181.131605753365,0.758773841123073
-181.103905541693,28.6804747133952
-180.915715023528,-1.22850996165802
-180.819772201761,30.6591199768412
-180.674218314956,-3.21280311985829
-180.494267416469,32.6313813801465
-180.407119084496,-5.19377913121409
-180.19388428299,12.8578242800664
-180.127536827098,34.5963940562316
-180.11440273389,-7.17124837588986
-179.976894730881,20.6256856318467
-179.964947544776,8.07363308615352
-179.7961010734,-9.14471984575471
-179.779316510723,23.2093821851949
-179.775072143588,17.8578084889818
-179.719740964578,36.5532975226456
-179.626413950504,15.4552151854719
-179.553301130013,5.47765819033591
-179.542872332817,2.93030681223461
-179.452230112615,-11.1138545987454
-179.352116417495,28.204344771126
-179.333599729451,10.4826555052939
-179.271056021753,38.5012317775183
-179.154962330017,0.195997690560309
-179.082809694003,-13.0783128779898
-179.008224627699,25.621549898539
-178.821435393894,-2.31492417269265
-178.781673264854,40.4393406140567
-178.779074218744,-5.05596948198932
-178.696278177338,-15.0396717615188
-178.587546488583,30.7591956927361
-178.301193356729,-16.9992375696684
-178.25179779455,42.3667757640677
-178.004632812967,33.2796482110668
-177.89761154583,-18.9570007903175
-177.897443953655,-9.98888865535662
-177.707837059778,-7.35610411947847
-177.682238856647,44.2828987661045
-177.630291785975,35.7847175158732
-177.547116710361,13.2221322021789
-177.512660036649,7.7442988993334
-177.507420375323,38.373852403308
-177.485586433393,-20.9129511262684
-177.470833770198,19.4183090912178
-177.248193891719,22.51189702886
-177.084302087963,46.1903132208013
-177.065224103307,1.87060575462514
-177.065133663646,-22.8672398727654
-176.942460854151,-15.0106790574399
-176.784652256075,-12.4036869330207
-176.772905065062,4.69035721450603
-176.681602052579,28.2053054197598
-176.651517428362,-4.10077381010493
-176.63633132249,-24.8197100912274
-176.496620348383,40.8554900766592
-176.462236666166,48.0900071403249
-176.292717622415,16.5274281705349
-176.247576382126,-17.5892084473528
-176.199237689241,-26.770289902023
-176.142560577416,-0.962662671697965
-175.816117804189,49.9816882388477
-175.753895196568,-28.7189665021846
-175.721083655068,10.209550908784
-175.695534651353,43.4873995106714
-175.657251872295,25.0952669244444
-175.475725048013,-20.2369532061919
-175.446231498973,-9.60384606778484
-175.300334639408,-30.6657621602594
-175.26297256201,31.3527917869784
-175.146048960482,51.8649934954731
-175.064602237872,37.8859413377725
-174.838581184573,-32.6107054218326
-174.836245040099,46.1886134567765
-174.782263802144,-24.9066713061825
-174.611836858,34.4938300639055
-174.593225382235,-6.13180506791731
-174.471139531729,-14.8867070326016
-174.452121024575,53.7396108861794
-174.368695218555,-34.5536627400123
-174.265327131264,48.8257051107866
-174.150393650491,-22.5467969462893
-174.095409037098,-27.5211781850062
-173.890706297808,-36.4946183262792
-173.864862518597,20.3702557214511
-173.734405957949,55.6052864297439
-173.707414533147,6.51523065243641
-173.661640829625,-30.2578695716046
-173.592978066525,-17.7138130750299
-173.582824273872,13.4246525483962
-173.569438709829,40.8709010912104
-173.422987313482,2.06967288888892
-173.404640470239,-38.4335554540792
-173.146586094088,-12.1847039717544
-172.993006192444,57.4616923557104
-172.976512720335,-2.66729963088813
-172.956032807434,53.0599763549385
-172.910512541662,-40.3704862802986
-172.577412148009,28.440632425749
-172.528644349574,44.1783243725594
-172.44221689278,50.6586908062394
-172.425199423806,-34.6667796666192
-172.393191350941,-42.3013104107287
-172.235962445242,-32.2451883541505
-172.2280368586,59.3084822192204
-172.154802425741,-25.4221217947685
-171.998480871893,-8.20333135364434
-171.842446769255,-19.987169882996
-171.834131020078,-44.2204794353647
-171.82939527175,23.9275757247839
-171.800872629043,-37.1242769019278
-171.789088750971,47.4911252025994
-171.663679049202,55.364496341135
-171.66099804049,-28.7610602718013
-171.449849054129,37.0854936600731
-171.439603113639,61.1453462330014
-171.304254526806,16.8736173711615
-171.233537788327,-46.1270579646013
-171.136100662973,-39.927504253733
-170.918394778199,57.6843076040612
-170.643293696161,9.93063482763912
-170.627779083877,62.9720519329604
-170.591681388932,-48.0201419990881
-170.369312858271,32.4338838103121
-170.36649739845,-42.2802576989842
-170.347228107377,-15.5118066323816
-170.295336758367,53.0674747191992
-170.052856941892,-22.9316730541872
-169.908846181162,-49.8988379195712
-169.792696518171,64.7882419190833
-169.779695416784,59.6727477810784
-169.728395135342,-34.6601053711608
-169.60208909517,41.1957983204269
-169.506901071892,-37.9915673858717
-169.241809797285,-30.817547907119
-169.185336343325,-51.762247875752
-169.142083183994,-46.7845318662708
-169.136225455977,-44.3281908471943
-169.047254138485,-0.140686854868196
-168.989661544828,62.0478531490135
-168.958116215773,4.83338121974366
-168.93448163532,66.593584637177
-168.728233742185,56.4026323799146
-168.715850266165,49.6756589606173
-168.684850789264,-10.8542803426081
-168.67119103038,-5.13562947011971
-168.512952697702,-26.9152493432142
-168.421472458024,-53.6094805987574
-168.404821582633,45.4561810369885
-168.190855046362,-49.219570685568
-168.159187136581,64.3672689336132
-168.053253960117,68.3877729399851
-167.90417848579,-40.9290532103436
-167.6175916123,-55.4396509386051
-167.466239876573,20.7418835466337
-167.34100931069,-18.9327991699592
-167.281699754049,-51.619226701452
-167.183061167781,26.8721260244367
-167.14909142198,70.1705882597736
-167.076391877307,59.6111151304077
-167.004861089587,53.0970884652423
-166.833264257509,13.4330020777135
-166.774047479506,-57.2518796542805
-166.640904064956,-46.6508022097247
-166.618395998407,67.6492394983583
-166.503097835623,-37.3048837910305
-166.486116494377,-32.9681446294309
-166.389094122986,36.906903349768
-166.207085763316,71.9334646402633
-166.160183335377,65.5318110931304
-166.095816070594,62.4933322349113
-165.89120614519,-59.0453017521781
-165.772956529084,-43.4948402932495
-165.553413658152,-55.3531202919371
-165.284237086583,-49.5198552565937
-165.26489723023,-52.900206755352
-165.260637990762,69.7051945969432
-165.207405044336,73.6644340462142
-165.143988933541,-23.5094895066261
-165.112276928867,56.9132467018539
-164.969459356768,-60.8190396454071
-164.687691312088,-13.7636382212807
-164.172514411012,-28.8997765305344
-164.162625508263,42.1177366102931
-164.151157157408,75.3615711061463
-164.092407180211,31.6399207577973
-164.021554834072,71.6208253481477
-164.009211924033,-62.5722303693105
-163.996828832874,-57.3388384628252
-163.973199464474,48.0500561044668
-163.756593078793,7.3660776400977
-163.73628751477,67.591815502867
-163.384374129463,-40.2439656228424
-163.314280287693,-7.10976757531
-163.162678521519,-0.057824031158458
-163.069491346982,73.6332020933376
-163.039762130728,77.0229075644867
-163.010885666347,-64.304017166129
-162.973878836933,52.5210228832743
-162.965021003655,64.3863746104374
-162.945843309719,60.7557762567415
-162.937940172461,-59.4084079357247
-162.886346847189,-46.2443780736187
-162.585982183854,-34.881869472049
-162.459739138105,-61.8199698943895
-162.433192262512,-54.5716381319041
-162.158945610309,-50.6409776650787
-161.974917065133,-66.0135535725556
-161.894629838592,69.9775448621394
-161.874464215525,78.6469316081579
-161.764119916873,75.6092010867948
-161.691194513687,17.1498883394932
-160.905341115236,-67.7023407632961
-160.867935870419,-18.3355703493795
-160.846789090377,-63.8147799181447
-160.750567083717,72.7311458456345
-160.656643598902,80.2320721579492
-160.509978698366,57.1069029463415
-160.468473984378,77.7997075424411
-160.042650115191,-57.2377238394394
-159.980768223532,-60.7831850704217
-159.912747130502,66.5863985755333
-159.806215693348,-69.3720059233358
-159.780854069824,24.1160653685457
-159.468065076194,-66.0193362098157
-159.387791091683,81.7767631010249
-159.286242200559,-42.988491172576
-159.22660237716,75.7309887884586
-158.908040739045,79.58995283265
-158.859355721088,-24.1379089814504
-158.699854726474,37.2354753249503
-158.67781256944,-71.0219969267677
-158.498872968819,-52.8372776795494
-158.410210467461,-30.6750156333948
-158.382477361374,-68.2128384656939
-158.292765647699,62.4454654356985
-158.244937548037,45.0456950096473
-158.069676939978,83.2792746638808
-157.979731006276,-47.7532394105951
-157.946468596497,69.820298594285
-157.821744964149,-63.5727372114385
-157.68575572315,-37.5717717764985
-157.52041901892,-72.6517523809262
-157.507504103794,11.3418014156781
-157.387585558613,73.4918737598261
-157.363866384819,51.7345490565603
-157.266795080764,77.6974638680859
-157.135997951039,-11.3612442046845
-157.048920373294,-70.1134064771885
-156.986395667026,80.8834453072717
-156.703641199888,84.7385202742175
-156.414292800565,-59.8322389468564
-156.334301126988,-74.2607526888066
-156.277962522542,29.973220557258
-156.214796974776,-66.6939260250056
-156.084284238213,82.8865760508826
-155.862902800099,3.83566014751903
-155.535548489635,-3.39285645687893
-155.291282177298,86.1532193896963
-155.288485019897,-72.1884607000308
-155.119746614333,-75.8484579636322
-155.030356400401,-55.4963253857249
-155.016653496448,58.1869091933296
-154.614705096888,-69.5621477885884
-154.423272934603,65.9549303814215
-154.364930252137,75.5560330123112
-154.315530438722,79.0474756694259
-154.300395716177,84.6408662184934
-153.912874097524,-63.5119329434326
-153.87711192138,-77.4142534471494
-153.834519666417,87.5219118701018
-153.819902769656,-73.962511977283
-153.808827256305,81.9912449328789
-153.652718496064,18.1081982943617
-153.326464878241,71.1006637003052
-152.753213893116,-49.3340279582495
-152.718797725739,-76.2043752484692
-152.606721814425,-78.9575829086169
-152.553856765441,86.1744120871038
-152.39249934963,-17.2545730901772
-152.335040760657,88.8435077053004
-152.247630094225,-42.2790495594087
-152.203739870688,-67.2792053704684
-151.847021229318,-71.395203558079
-151.495808348933,-25.308123961667
-151.441133404603,83.8032872316421
-151.42048876278,40.6885035569722
-151.308910746978,-80.4778917277046
-151.233238925304,-33.5772446008148
-151.190355722346,-77.886185444915
-150.999335874124,87.7362814078451
-150.911624530357,-74.6029255180601
-150.910448144163,-59.4018343682369
-150.794351647523,90.1171623564645
-150.793123264871,79.9425492607879
-150.563852975581,48.2709737850162
-150.347604153532,24.7441640832426
-150.29339237366,33.3602134858279
-150.194671124726,9.49305621953775
-150.108633083422,75.7890726267783
-149.983994425095,-81.9746586631991
-149.862009930508,-8.07926841470089
-149.667801255921,62.6953973818222
-149.488259541604,-79.6948779294436
-149.247526047712,86.1488991248566
-149.214327417733,91.3418088734552
-149.031042035975,89.1526982912354
-148.865950388402,-76.9036512071456
-148.723138105155,55.0912441090683
-148.632291368098,-83.4473673768678
-148.536202151988,-53.781300327525
-148.471001908666,-63.9979461154981
-148.290796105069,70.0298330627548
-148.118924251319,82.9440097383754
-148.060948667476,-68.9398724970698
-148.04000967857,-73.0024777491222
-148.021515994097,1.11710032561185
-147.976098725897,-81.6747632859069
-147.598409863751,92.5190132174027
-147.254223357883,-84.8954020498623
-146.99615142181,90.6495336952515
-146.759455091437,-79.4546126401319
-146.688908897549,87.954355919638
-146.464500614608,16.2098784945975
-146.015453926414,-82.61093569449
-145.984992570942,79.4640473926667
-145.962514151581,93.6677376361532
-145.850165024085,-86.3182148719153
-145.673285401318,-76.0263066164747
-145.382796363482,85.0923866037324
-145.023992238667,91.8838468437761
-144.993075876112,-13.5074570086871
-144.981617202494,-84.7544933173516
-144.979688246603,-37.77915260642
-144.824256460013,-20.9714475022881
-144.672532328269,-45.4706403129016
-144.622421070487,-29.1721321632056
-144.420562617467,-87.7155025514734
-144.310023932217,94.7921468736031
-144.160354701254,74.7340332828345
-144.068219281382,89.2845122505891
-143.99531310452,44.5825187930195
-143.800671128189,-79.6854578839773
-143.578512547245,37.5075038478035
-143.388675185044,-71.4814307941237
-143.333459191874,29.8082682122207
-143.29165097055,93.2569477095664
-143.264856031534,-86.1765850422083
-143.236748590544,-59.6466772382132
-143.099732589306,-82.9122239735095
-142.974777564697,-89.0956776555928
-142.946114642427,-4.50994374245483
-142.897196076679,8.01369997221751
-142.863402606653,65.5142170916381
-142.669232979281,22.4937737877742
-142.640737557926,95.8921923604189
-142.479489181814,-66.114831618411
-142.375101997099,51.6335734943537
-142.155727169326,81.8788092994677
-141.774467946789,-87.8223963844362
-141.769849288317,86.5568817955421
-141.687306803168,58.7641751218296
-141.657410900532,91.0478485690837
-141.517641445033,-90.4643087359752
-141.511439556129,-75.773496751663
-141.435617115213,-51.8756457062317
-141.337302592141,94.3651645922051
-140.955414984667,96.9671862885777
-140.934813135941,-84.81407671557
-140.125944408464,-80.594760279289
-140.113509436665,-89.5350255272906
-140.049511639256,-91.8210760425475
-139.334635331633,95.6301477384571
-139.254347663322,98.0167695534765
-139.196292700753,-87.2590325684576
-138.998488313648,92.658649274143
-138.790487604472,14.5521432252642
-138.754712870452,88.4677950041449
-138.719543188642,1.96856871207434
-138.570510115999,-93.1658899583196
-138.496534103008,70.2835638810458
-138.295232136413,-10.0235159506144
-138.221969396447,-33.0586014571847
-138.182227560119,-90.3301201858372
-138.140450183616,77.8983448111379
-137.793907314628,-24.535525297356
-137.751577776727,-83.5308204105505
-137.53752968428,99.0407615925658
-137.328520262183,96.9463963880907
-137.31078280282,-40.6971564213088
-137.216990486842,-92.2988191379497
-137.080737913145,-94.4986828733031
-137.003923352688,-17.3290188594233
-137.002836957176,-76.832577008234
-136.883450465563,-70.6720506631365
-136.698495418962,83.8251078383134
-136.45002995089,94.5646346646877
-136.413277774152,-87.0411138162601
-136.406377117043,42.2468399331534
-136.290399695064,34.9273310146148
-136.275638861416,49.0492404405443
-135.805393473814,100.038713304434
-135.789471958394,90.4806988225186
-135.735800176099,-56.5636879691286
-135.582716906633,-47.5228257073994
-135.580297414672,-95.8193881026617
-135.567356187802,-89.7058845887377
-135.520639184402,27.7938020690948
-135.354988811145,97.9869656014958
-135.258977691739,20.8786128258191
-135.104555051477,-92.5955524294893
-134.980851279727,63.1459439630701
-134.846327685943,-63.8662761094044
-134.416231525057,-94.5965709243186
-134.415929229951,-80.6997766278763
-134.252817615236,55.7740633281472
-134.069292317374,-97.1279399255718
-134.05842906887,101.010158806403
-134.027877043864,8.68431433121104
-133.791769462264,-4.04760165496784
-133.612161190658,96.2231960109193
-133.329247044721,99.4664253605415
-133.224807438946,-85.326895507678
-133.203757436539,92.8231773896389
-132.906390406225,86.7707258195732
-132.764189468295,-96.1264172201544
-132.696169866381,-89.7564595019495
-132.547769125837,-98.4243230346431
-132.296934439943,101.954751611536
-132.099917470116,-92.9363682157187
-132.076711510725,71.4837555006514
-131.841615853892,-28.0047926794159
-131.242907819947,98.1157948082298
-131.015760279462,-99.7085326819227
-130.855754910708,-74.1955361230457
-130.848678729428,78.8652713608366
-130.729180264958,-95.2616702331324
-130.72268416316,100.513418773445
-130.597912385487,-11.8421101710827
-130.559229172918,-97.7467470869353
-130.520822180022,102.872342871499
-130.500415223986,-35.5143936809092
-129.923843119594,15.8856103951609
-129.776090330805,95.2659232929042
-129.712123281975,2.45547462160172
-129.686217994183,-51.9892737997208
-129.683646958652,90.937229905038
-129.541080506114,48.1592883332645
-129.473520852529,-100.980380149498
-129.411077123562,-86.9944878226841
-129.322724027737,-20.2816894635879
-129.278388796766,39.6392581349489
-129.151893895551,-80.766271439122
-128.84513679303,-91.3808213928757
-128.730874925379,103.762331457328
-128.682041006587,101.692835434966
-128.668615583432,31.8562533322314
-128.655011911502,-42.7532949109682
-128.624486626408,-99.5543642489211
-128.358139634159,64.7829786545024
-128.135432302363,-60.0703102561385
-128.034876454376,-94.6080696688706
-127.951977066327,-97.4148848163661
-127.921159153128,-102.239804838314
-127.910748884549,98.5055248966897
-127.843755784734,23.721790433364
-127.502091290154,57.4813366235973
-127.433443133526,84.8835081294785
-127.416463903728,-67.9932003851012
-126.927442047534,104.624357869514
-126.717822393558,-100.590180559391
-126.35878455364,-103.486747266252
-126.316460191243,100.672473403377
-126.239652717782,103.139501414968
-125.744073042601,95.0023943743455
-125.66367064637,-5.06399652106408
-125.62046952064,10.2886626656313
-125.326436330532,-98.0292904955562
-125.21094772848,-102.307022558216
-125.110784805116,105.458106572545
-125.097408136757,72.4694277600049
-124.943635696176,-27.9972968221628
-124.786509579513,-104.721147424227
-124.702124087039,-94.3075634747893
-124.685954875452,-89.690789240984
-124.680125409729,90.1017162272498
-124.616738806861,-84.2942703067435
-123.749617285301,104.016370113357
-123.596497606263,101.592605701595
-123.5410879257,-100.285614519998
-123.533695584838,-48.171478857066
-123.490873397573,51.1121691389455
-123.47890656231,-13.941861320634
-123.408902343092,98.3042124432246
-123.280991679687,106.263333536593
-123.200738030027,-105.937890554898
-123.097854245133,-75.974002090998
-122.926492662656,-103.127129747907
-122.878334775345,43.0607476752857
-122.785022837444,-35.5374841345681
-122.379230654199,80.043387121791
-122.147095289854,3.68805415707966
-121.872166159125,-55.4573659408982
-121.758049048178,18.1816337806724
-121.622377199284,64.8084014346358
-121.605277432791,27.5946415752112
-121.594467670946,-105.04831011522
-121.592177411977,-107.124595028262
-121.529731950477,35.2765434110871
-121.504172592539,-96.4338272543334
-121.446007598541,104.687186539742
-121.442770299562,107.050082441693
-120.795035070567,101.940745663618
-120.755002591007,-21.4473236507309
-120.527039798345,-99.9760491388826
-120.493949040425,-62.9376302365523
-120.476531838043,94.1706105211966
-120.207748592193,-90.983852387035
-119.961048792637,-108.280075006272
-119.959195335519,-103.209123408292
-119.645895615955,57.138383816454
-119.603795907023,107.833142992323
-119.570739758295,-106.323929657913
-119.551789784266,-42.1294844320415
-119.383511653186,87.5594095415859
-119.340488506496,105.612771716675
-119.206909987651,-69.9800464717854
-118.920578858877,98.7077607443575
-118.817351199439,-83.7109757450473
-118.375976208338,-1.94263105343409
-118.307895711996,-109.403809584895
-118.279437047171,73.6030952920456
-117.947105528205,-8.9279669569206
-117.763824010228,108.613273335786
-117.760412087472,103.080819881941
-117.646927072106,10.8468648596665
-117.45975187934,-104.921168184498
-117.444103308923,-107.706391002599
-117.147510416444,-28.9297818680019
-117.125278637088,-100.87100027053
-117.075268664626,106.533224066255
-117.039186859379,-95.6515246038019
-116.973718697588,48.3076892690038
-116.633267042413,-110.495286978746
-116.013895193535,23.6622157270598
-115.922214912705,109.391264708555
-115.694965749317,-49.5810041621191
-115.51858891367,-109.2812212173
-115.474323733292,40.1474230627094
-115.248996716852,-77.5556639240411
-115.020325667074,68.2467449880721
-114.937697444105,-111.554015900004
-114.909313787542,-16.340285328826
-114.884538455034,94.1697704580897
-114.77401426255,99.994148961565
-114.669155715803,107.595608728711
-114.663147980892,104.391738545512
-114.643642579824,-107.091912361951
-114.610825881947,80.524321170326
-114.567309663555,-103.829606565168
-114.24365027191,-89.3529706263292
-114.134906730864,-56.9821755216477
-114.101187558121,-36.4149859093806
-114.079770490013,110.167316872997
-113.883909928535,31.5879593849807
-113.8405183939,61.3773784710619
-113.342342344551,4.13066547565877
-113.329525885818,-98.716959335694
-113.221801917274,-112.579467186156
-113.21055507455,-110.016406408905
-112.968032343552,16.7651651382464
-112.391157335585,-64.2567449111999
-112.347877387725,108.900011311716
-112.288533115352,87.1237767353206
-112.236864038577,110.941831094455
-112.190491420677,53.9147306843443
-111.740201500921,-22.7517273720247
-111.727514190324,106.328391803848
-111.608592787384,-106.884558397625
-111.519310597586,-71.1552560557074
-111.486171117837,-113.571141622922
-111.167671235959,-111.713266396197
-110.995137502622,-43.6442816736745
-110.994568638492,-102.658664371367
-110.943441722922,102.637916554559
-110.779410823311,-3.31922049854929
-110.39365115366,111.715318124191
-110.326060574385,-109.369178318455
-110.189965892348,-10.8246720962943
-110.130147859166,-93.6830315325543
-110.048192398768,-83.3827616167134
-110.028255330072,75.2392230971586
-109.791717462018,46.1387847328544
-109.789519989943,97.6982100446359
-109.731407822355,-114.528545990705
-109.714077880817,109.048525662965
-109.092422647343,-30.5201195263719
-109.080572083445,-113.167891175284
-108.805583556488,9.60336762007066
-108.76294547925,24.2753039057767
-108.550301195548,112.488299516189
-108.525625155216,37.5849857764221
-108.070529640792,105.835039289143
-108.05497651865,-111.408100758011
-107.958863621386,67.8732690197899
-107.958127085114,-115.451193294428
-107.922246673185,110.751748615159
-107.805128274054,-105.052292607063
-107.522669534774,-51.4679258668157
-107.362107275057,91.598946434261
-107.183136365688,-98.8166532949336
-107.108744004306,-108.409406913085
-106.755020737885,60.278627922605
-106.706997008793,113.261306728249
-106.675369149039,-76.2977348015846
-106.63986342078,-114.000548368019
-106.26354212223,-59.1330152905121
-106.166956396381,-116.338603006606
-106.029381030267,108.517268543988
-105.987716151037,82.7499410763929
-105.865354216833,101.718122998301
-105.354422999217,111.381270661675
-105.344942850473,-16.4759667313424
-105.245720031661,-37.7659921105078
-105.218279280957,30.664303347185
-105.056044264605,16.7024516734857
-105.055401979756,-111.530757201323
-104.863934453906,114.03487999127
-104.783432883302,-89.0059366842054
-104.782040095191,1.57681619087339
-104.671601793818,52.6517041167923
-104.358535841419,-117.190301324225
-104.333361816396,-67.7027816509404
-104.25195602275,-114.549692043918
-103.889060004293,-24.3006984598798
-103.628346843127,-102.984838613641
-103.608128696636,-7.26384826218362
-103.403269191849,43.3903390169087
-103.257605329128,105.510325000748
-103.188906151267,112.289292880649
-103.111437618868,-107.761663707519
-103.021321738633,114.809566928089
-102.857970087242,75.1330108667273
-102.839210540525,-45.0410398533262
-102.619335011489,-116.196106654595
-102.576215738266,96.656482297775
-102.533517473769,-118.005821781856
-102.303739622415,109.350877750201
-101.920166884997,-111.753747323383
-101.739451392372,-82.2677230275466
-101.364835879691,-95.6923281622658
-101.236848168903,67.5112145263641
-101.179378538643,115.585920905459
-101.146304272302,113.232527383853
-101.145525531691,9.33332170970195
-101.011288531329,-114.671243045321
-100.903837165735,22.9783640765798
-100.858566975239,-31.1939139391707
-100.692896930109,-118.785564975664
-100.25263221832,88.7579414091892
-100.141249752253,-117.240835833616
-100.073446971353,36.6629398810778
-99.9457135645705,59.9664962422086
-99.3958410196175,-60.9796842090078
-99.3382955033638,116.364515799749
-99.3130053044193,-74.5683342028508
-99.3085141207987,101.464611662438
-99.1628563517941,110.953985805698
-99.1247249200869,-53.2236463876783
-98.9572926797647,48.7195474751991
-98.8418588197262,114.141111685977
-98.838172153602,-119.531046195015
-98.7264296336288,-108.173335924557
-98.5110865446507,-102.827846027444
-98.4047783705348,106.502358637371
-98.2930400166891,-112.671909930159
-98.0591895280409,80.9201442445367
-98.0544675743969,-115.843756313773
-97.7862691053181,-12.6884654999758
-97.5341219500471,-118.085614917309
-97.4969981104485,117.142654558869
-97.4664099477112,-20.8296423223833
-97.1164433224992,-3.97523333698973
-97.0951941740013,29.1313718003244
-97.0524541418914,2.99396719454302
-96.9699248299974,-120.241952223161
-96.7905517751224,115.564359552908
-96.753613147914,15.5221483760305
-96.6811933857967,-89.1678953437932
-96.3001546889793,-37.906350990338
-95.8994515244514,55.2196879942349
-95.8706072741758,-67.4036110927192
-95.8263689319881,113.02857543794
-95.7912537052517,-45.7208389259069
-95.6493684406955,117.905617123457
-95.5447869282733,109.37729786362
-95.3304420738831,72.7267009840991
-95.3165784379809,-118.516348731469
-95.2415702850255,-115.287046960422
-95.0887432151424,-120.917883160568
-94.8674316205603,-110.6316627973
-94.836877153877,42.7523242009121
-94.4691018747379,94.9603758489717
-94.3108287328719,115.925722929316
-94.2429427786325,-82.2593999320809
-94.1108742376125,64.8332124982017
-93.9184980163709,-96.7139757260385
-93.8071765265992,-29.3003339172883
-93.794778300168,118.651471076052
-93.1952274945095,-121.558444499303
-93.1359976634088,102.544795682176
-93.0364035029674,-119.928775592518
-92.9324552343859,-104.85923226372
-92.8998414673196,86.62852090411
-92.7681867534457,21.8294892174559
-92.6891358351507,-117.675601338912
-92.258836334864,34.9701517028356
-92.2515083391458,8.50679623775977
-92.0776879261649,112.055878496514
-91.9991856865711,-59.164902204136
-91.9909902016679,117.539883267832
-91.9719719959391,-114.141543683889
-91.9333850525035,119.380164320038
-91.7508198212709,-75.054557930262
-91.6741918222943,115.18895420239
-91.5074109104942,107.415106967875
-91.2899899701195,-122.163247382141
-90.9169601092149,49.986049333162
-90.6977983178036,77.8928171802273
-90.6660636439003,-120.216859231863
-90.546720192478,-7.76364704693374
-90.4782214181444,-51.1533992771762
-90.2229022947167,-22.6535033224425
-90.0877107582054,-15.3441565082349
-90.0813204242969,-110.138754025242
-90.0653027079727,120.091664172074
-90.0627939797714,59.329281031471
-89.6531352588136,-116.771274553988
-89.4440104172411,117.75995258983
-89.3736552486733,-122.731908875737
-89.2505502153179,0.507554202842517
-89.0592245945207,-90.3353174489126
-88.7214610448881,28.1704302392273
-88.6486769275415,-42.5963464342013
-88.5984597664761,114.520527832496
-88.5263806234564,-67.9433644094087
-88.2690940456066,14.5396046317621
-88.2185916998656,-119.020280565452
-88.1907314077482,120.78590777016
-88.1512462685905,-121.360728117126
-88.0666072458251,68.751314076899
-87.8783163881939,41.0717192012897
-87.8407105063003,-34.9138114022438
-87.4468604304526,-123.264052258515
-87.3625676847202,110.426399684785
-87.3110888883002,119.199021199868
-87.0358374152398,-98.4703933201014
-87.0233540433979,-113.384014860958
-86.9081131835628,-82.3431353956399
-86.8112654563896,91.5188743104778
-86.4217718603951,98.7932416123356
-86.3238146313153,-106.112076658173
-86.3098381733946,121.462848845986
-86.1160595769441,116.894888247437
-85.9463035466169,83.4615538903264
-85.6830787683673,105.275023125075
-85.603169603451,-122.052423088168
-85.5102552985006,-123.759307323911
-85.4826854013764,-119.916132010588
-85.3897492843739,-116.681662469109
-84.8166366852113,-61.8565765089029
-84.7780933536573,-27.7227133672382
-84.7256785557192,119.864936402558
-84.6625398357341,47.0114007406245
-84.5880273428941,21.1067993159477
-84.4254156371154,113.498809426422
-84.4227911749186,122.122444137589
-84.3120752154526,54.6081304344868
-84.1124640286541,6.54943441456618
-83.9686944405866,-75.2367625218421
-83.9021273285489,74.7589930017408
-83.7981623308473,34.5076442206976
-83.699402162562,-54.7606984593364
-83.5645025075447,-124.217310699633
-83.2433976616066,-122.306124820014
-83.2050117466175,62.4611728324946
-83.2034447375876,-4.47211237788963
-83.0855564845996,-110.656629541294
-82.8791686294601,117.711963688329
-82.6313648770535,-119.523344158505
-82.5936780697025,-11.6707787951962
-82.5826453468543,-19.8178799437071
-82.5297596097758,122.764653439366
-82.1937925932801,-47.2273133223686
-82.0391046991283,-88.163026285737
-82.0052563968477,120.608119487565
-81.6514393630959,-115.454251711179
-81.6102611642039,-124.637709588546
-80.9490697831631,-122.579125413428
-80.9212422915839,109.415464521603
-80.7254872070297,114.839754094462
-80.6984508999826,-95.026386747748
-80.6309135771628,123.389439645005
-80.548470528597,27.9042398759389
-80.5263536292997,-39.3151890052903
-80.360674248999,13.508118652655
-80.0524646429062,-68.1399272386838
-79.7379345807747,-102.812934223788
-79.7113582949141,-119.602443606446
-79.6482369769211,-125.02015121133
-79.6237302718685,121.628164933312
-79.5798254577474,40.9859031717885
-79.5118763360058,87.9765309078083
-79.3313541754912,68.7203534844612
-79.2603112560069,80.0027201766019
-79.1779033762252,118.42461180347
-79.0557315137786,95.3962427432974
-78.7770833799481,-32.1494616600207
-78.7264239479541,123.996768782892
-78.6348719876699,-122.908846913191
-78.6206294202385,0.439361664868141
-78.167465213289,-81.5670170318212
-77.9885874339291,102.856215827209
-77.888995103355,-110.150028687597
-77.871584086883,48.7829246424823
-77.6791333219141,-125.364318782386
-77.4473635156892,-115.812207033227
-77.0945042519623,121.055740478234
-77.0750141680015,56.4732238084227
-77.0399479879102,-60.2240093421201
-76.859305916608,113.809400667633
-76.8164622306869,124.586610043549
-76.7781750545457,20.537291693165
-76.6582144235291,-120.183947261669
-76.2765189084354,-123.347543207322
-76.2341827907124,-24.9011600148804
-75.9414066573403,-74.6486407892753
-75.8434068122054,-15.550016159359
-75.7049829727945,-125.67842362262
-75.6898390150799,123.027230650619
-75.5364568281513,-52.3520521556683
-75.3220073725444,6.92686150883647
-75.2740243360799,34.969256430318
-75.227495894966,117.800697236509
-74.9009793810365,125.157748677065
-74.7427977612032,62.8179802664
-74.738233418545,74.0048473876681
-74.6127901125671,-7.20900119056056
-74.3917016240625,-88.8340271937308
-74.0784130707445,-44.0042212850381
-73.9810074502472,-124.121964124375
-73.8861101898882,108.893833377972
-73.7272963893249,-125.969176360039
-73.6677401270289,-121.251358761966
-73.6242268407411,120.964599217088
-73.4156711566329,-117.297177140361
-73.1862000833743,-96.7301345746262
-73.0901084744683,27.8864949926633
-73.0319526417662,123.529276666463
-72.9763259619858,125.697587161856
-72.7796997194679,82.6826757630092
-72.6989768135562,-112.071283698341
-72.4679640300709,-104.316199056092
-72.1207085385636,42.9317428649715
-72.0187238199226,13.7204147584656
-72.0017656199009,-66.5339750698591
-71.9950471126883,90.0558131951671
-71.8618775462823,-35.4830660651696
-71.7463157247237,-126.236455649994
-71.6051319276656,-123.358139108333
-71.4768424086339,114.111932751547
-71.2058176659597,97.4567889451643
-71.1558712339055,51.1704187103795
-71.0421902397116,126.202342019885
-70.8818836204954,118.700677627489
-70.8170113635758,124.433311525903
-70.3398687619908,-0.0945941159949619
-70.1960325767074,-119.689645705022
-70.0494299505086,-20.2617658329318
-70.0469347375315,67.584310202038
-70.0222985100839,122.020615123797
-69.8645135297916,-124.636924424919
-69.7622624606072,-126.48014472957
-69.5998660690662,-82.3839568546897
-69.3688678357181,-74.8157640654818
-69.1587257875817,-58.4562786546803
-69.0991772783394,126.671695069185
-68.9128117446331,20.7826871409046
-68.5813128099715,103.95381567265
-68.5000295202454,124.901908372873
-68.4520960153382,-115.316574287819
-68.4109351006384,58.2302815145344
-68.4076163434128,-122.032300592638
-68.0352241390855,-27.6629348797252
-68.0334226858883,-12.4951257195723
-67.9901712247374,76.460987253475
-67.8988405684538,-49.9435421616953
-67.7753943153868,-126.700124095473
-67.5361359650518,-124.875621374534
-67.4619952339253,35.3060503164935
-67.1635619693937,-91.0823950634615
-67.1478354949272,127.105348616044
-66.9129951488037,7.21057070206297
-66.8165313734973,116.5490337511
-66.8096216910808,-108.777943127631
-66.6750759827063,123.224749709778
-66.5785471169781,120.413130106693
-66.2061433995059,-41.6479832990157
-66.0010898419501,110.788261440264
-65.9327352393404,28.1664259998014
-65.7915568237871,125.494330128007
-65.78602573016,-126.896271688866
-65.670726129328,-99.7773146775147
-65.5231193722884,-122.648677732247
-65.4813494401075,-118.737082268366
-65.3481950308048,83.8020031687278
-65.2165804664706,42.5278557222713
-65.1887906328798,127.502993345424
-65.1022109866971,-125.182856884824
-64.9860317549865,-5.75651932830469
-64.9023494062422,49.5588661207085
-64.6587107846372,-68.9539220579441
-64.5996814017434,91.6179045896368
-63.794440122313,-127.068473281475
-63.7582586244856,14.6668203818108
-63.4908960221748,70.7802954585491
-63.4383949582983,125.95856184553
-63.3944524742984,123.356825835175
-63.2227388942233,127.864316203624
-63.2216719457127,-33.7420306357976
-63.0261984536826,63.0966542733772
-62.8545445312776,-114.082940617577
-62.8174460147238,-124.664299938913
-62.7913370826151,-19.6095568430902
-62.6799835035033,-121.220984221282
-62.5168273178612,98.452506571127
-62.5051620400959,120.100707373539
-62.3166275371901,-62.7201153696369
-62.1564954879628,-76.7495820406426
-61.937704565728,115.733763610932
-61.8271744342584,-84.8866125583232
-61.80092534869,-127.216618069748
-61.4959209611332,1.25490901476003
-61.3224283209239,-54.9813938004107
-61.2503286198213,128.189024714183
-61.1867943572479,125.927626587509
-60.9934970670923,22.4827652698913
-60.6520692152468,55.1540194094338
-60.5795053220334,-125.423010499593
-60.1699649550052,-106.919658795939
-60.0287180412636,-122.701999917825
-59.968837160474,105.376166932369
-59.9565470232002,-118.175062890325
-59.9062345101649,-93.0901208118372
-59.873710716623,-47.2505891839567
-59.8057736730457,-127.340598844895
-59.7529029172337,77.2721829351963
-59.7364122637614,122.995934966667
-59.4991545906937,-12.2017220437027
-59.3176656158911,31.2142544930362
-59.2722194115873,128.476833574658
-59.2500336322683,38.6896969323642
-59.1885447462284,-26.231522884662
-58.819135916984,126.125521699936
-58.434591242057,8.53645645244668
-58.4192532404329,86.0255903730562
-58.1034246977731,-125.215102279646
-58.0414921944267,112.245558250451
-57.9367346015261,-100.295350886564
-57.9325261531115,-39.6061253913369
-57.8092817263538,-127.440312164925
-57.7131874141508,46.5782880157173
-57.7033941278623,119.049599248
-57.289082290178,128.727464939665
-57.1125100846254,-121.806671486518
-56.7537366390125,-112.658031693746
-56.7462607450058,126.705470677782
-56.6250650202421,68.7045797011664
-56.612154520921,-69.9450653709432
-56.2762177678521,123.511590019661
-56.2113465418041,92.8796590537724
-56.1181588554307,-4.91900109939233
-55.8117504596986,-127.515658528408
-55.7536967193214,16.0383805966959
-55.6766767386945,-125.101302881831
-55.4597876779022,60.9729465595868
-55.4084411810754,-79.5439610700384
-55.3015998531598,128.940648717215
-55.1138371166244,-117.792298177846
-54.9787513476039,-60.9400213936532
-54.6369636569448,126.743072663399
-54.4238739833666,-18.903147874831
-54.3760765100702,-32.2246323982762
-54.0747360723384,99.9361840206094
-54.0369585675682,-88.1620020479711
-53.8134967119381,-127.566542325091
-53.8062821494245,23.7531961200025
-53.7872682710988,-122.163817115145
-53.5154940583084,80.7812594723263
-53.3103686427295,129.116130560567
-53.2535192710752,-52.8273569742668
-53.2325854857218,115.469586069283
-53.2009602390193,120.514001206884
-53.1862570187869,52.7697162816618
-53.1641017247675,-125.362145324181
-52.9120446793796,2.49285553742452
-52.8832386977475,124.508078953051
-52.365172818326,127.35213640184
-52.1519576872849,30.704136396263
-52.1166317291526,37.886342903485
-51.8148193658544,-127.587307374757
-51.7622990164009,-96.5529797625825
-51.6988095172761,-105.452196341529
-51.6198378829904,-45.2327702981513
-51.5592491953825,73.626358933674
-51.491586171342,107.304552410101
-51.316414668767,129.261440330277
-50.9895032213334,-11.428709305293
-50.8380310388058,-118.821507376571
-50.741096993553,-112.89423493358
-50.6723036123404,-125.709209595789
-50.6632371985895,44.3460917508433
-50.6603164876737,-123.061917429741
-50.2602402435599,126.796766976816
-50.1276815915978,10.1179688285725
-50.0637188111863,-25.4203987021437
-49.9993707120388,-74.4816747096933
-49.9222529212468,122.977399450696
-49.816027837016,-127.570663719739
-49.7596041475424,87.1541183438842
-49.5172452971947,-38.3715180928503
-49.3222935025218,129.401689059465
-49.1540544672815,-65.6644036855638
-48.7624000022045,65.9481348400617
-48.151932551488,-83.1984523682193
-48.1422245486038,118.81724943063
-48.1346287496906,-125.25090847356
-48.1194727986076,58.5352870550849
-48.0951487023955,93.8468222915652
-47.8568345614328,127.947502124277
-47.8359857732031,125.538684307128
-47.8177713118838,-127.516351923879
-47.8163252056262,17.9439586078641
-47.7036918804734,113.136901935928
-47.6816447102624,-121.496476783018
-47.5294800690561,-3.80033486733292
-47.3281127605578,129.539257781824
-46.9700951622435,-57.6981275916657
-46.5491203177886,-116.201928330223
-46.2692940152517,-91.7012800530433
-46.1800148329056,101.305955695937
-46.1183693450154,79.543507215769
-46.0033805421403,123.173350611021
-45.9697319632598,49.8001864209087
-45.8208862827918,-127.424152280559
-45.7932672477722,25.7905550391015
-45.7556331080143,-18.0193618606943
-45.6915169431158,-124.170765790675
-45.4586163640608,127.180653749364
-45.3339258789378,129.674636121245
-45.2393008197362,-32.1650290322824
-45.1279288720323,34.0289770804502
-44.9959106683017,-49.112645946912
-44.8371322682381,-100.778824579062
-44.5714006432729,3.93128531525726
-44.3085358033073,-120.120912637506
-44.1525113083538,-109.24017147058
-43.8261603229423,-127.293858240939
-43.6911554363846,71.4814291910055
-43.6684839118393,-125.53018554642
-43.5468499759231,-70.2034739516905
-43.4327787562494,120.133258762958
-43.33947499925,129.808335042913
-43.267795493758,124.879051061014
-43.1585094874629,41.709194665764
-43.1511899674231,127.890884052785
-42.6701246943291,-10.4153401717081
-42.5499905695893,-122.9326836258
-42.4177253322141,-78.0336466345546
-42.1504826434341,115.017547084336
-42.0976101059264,-40.7721172041343
-42.044074541653,11.7236629167446
-42.0396312300298,107.559688361812
-41.8370626233303,86.1799225190936
-41.8343468540281,-127.125272350913
-41.685740201715,55.6688634681437
-41.6062993633643,-115.302454431069
-41.467307336152,-24.8736367541335
-41.3447299092537,129.940847820058
-41.0106074499294,94.1372663924399
-40.9400024074572,-125.096274248173
-40.8276551158252,128.296168794964
-40.7230043711238,63.2729917624115
-40.615932211845,-86.3434500878503
-40.409722364218,126.061107871025
-40.2860208074869,-63.1164236829364
-40.2144986232044,-119.748652087913
-40.0722575502287,122.708936797291
-39.9950823394589,19.7751608786309
-39.846213342395,-126.918207586988
-39.4000469836545,-55.4030156349485
-39.3501281937592,130.072632390361
-39.1495967948224,78.0342711721152
-39.0989319105925,-2.29508009784594
-39.084307622697,-122.826444708831
-39.079862506937,-95.0874017379546
-38.4691289011327,27.8804173241653
-38.2858221544262,128.273950045624
-38.2319971089746,-125.036282599875
-38.2232924161156,48.0755316795306
-38.1701899826409,100.466051518845
-38.1117221907911,118.445486700835
-37.8797638189298,35.19267380396
-37.8625414745103,-126.672487862686
-37.37888560427,125.788929440466
-37.3557018211737,130.204166124043
-37.3127161341645,-32.8497025352525
-37.1130594269154,-103.685292501093
-37.1074602668553,-111.405264262486
-37.0695840724623,-17.2242137187462
-36.8013180506538,-47.7624396717791
-36.6696994493574,-117.273485438635
-36.545979080871,-71.4796990128786
-36.2711857299215,69.7173883557438
-36.2689472105764,5.49986487641363
-36.2610021949005,-121.378111090134
-35.9513784195882,-124.293658285514
-35.9504469186478,122.699922455144
-35.883868412817,-126.387908714529
-35.7594424630705,128.391710789792
-35.3609871594511,130.335948106205
-35.2925191689546,112.605672268571
-35.1203405681851,-79.9503830659728
-35.0515268290621,89.9955517360832
-34.9585238893176,-9.12968652038319
-34.9315432317376,55.9059124832952
-34.3364774375744,40.9137372024645
-34.2859267038832,14.1085546572713
-34.1699418738024,126.113308228307
-33.9112211728674,-126.064339443743
-33.8825192642161,-40.1917077813961
-33.6790875375461,-25.1370334334618
-33.5557296452551,-123.665389717473
-33.4632751964153,-88.5920041313079
-33.4486284772187,105.32487785385
-33.3663477262412,130.468408759038
-33.3273276195258,82.8762269155287
-33.188828899003,128.675638217894
-33.142060854786,-120.36730578714
-33.0630007545511,118.836375652655
-32.5364983441592,-115.954190905209
-32.4471725753991,22.9357432966945
-32.4203219226794,-64.5123223089846
-32.2518772238244,63.08373202251
-31.9622416012408,123.328063693595
-31.9454564257364,-125.701643297384
-31.9358800900943,-55.5470890776433
-31.8999609828709,75.610738288912
-31.7762165950147,96.0514641719194
-31.6226555696667,-96.8637535949229
-31.3719901235264,130.601970934562
-31.0916298607887,-123.143030004753
-31.0254082605487,-110.598833700296
-30.968006103095,126.54281487302
-30.8409057808381,31.8373776459944
-30.6881134269465,128.909932907685
-30.6686619117729,48.2216832690751
-30.475609012891,-1.12220294874587
-29.9863995660091,-125.303283598912
-29.8909742042055,-119.796546221339
-29.5389361336204,-73.3368760846345
-29.3773019385319,130.73200634297
-29.0277728364042,-104.504728661037
-28.9717451493209,115.651475619822
-28.7965804954768,7.99731156062761
-28.7119170311373,-32.8790451952246
-28.7030462200518,-47.9427288920764
-28.6457827873171,-17.5619418896528
-28.6149573950163,-122.779831127304
-28.464259918219,121.597877997243
-28.3502326989324,128.528883693928
-28.1028259689143,125.36353131747
-28.072274501594,-82.0028761519417
-28.0420514467337,-9.55548757874152
-28.0402690041195,-115.865367056659
-28.0296280143298,-124.895944040131
-27.645254533122,87.6400902997417
-27.6270965745729,55.6687377456665
-27.5306375468149,69.9304838612713
-27.3811408786096,130.838451886449
-27.2229905305898,40.1540881806585
-26.9279273204649,109.073422114083
-26.9104435056922,16.8379736429453
-26.7706548786071,100.974358751505
-26.6747256079625,-119.949347324551
-26.2645890596818,-40.8972411866226
-26.2550694417218,-25.3844989066773
-26.1235070963384,-122.648771892398
-26.0788190939008,129.114010103289
-26.0728950173718,-124.485351743121
-26.0499872767429,-90.3390685370083
-25.8244711634657,-60.1391402281544
-25.5647947134749,126.729915973959
-25.3838900087778,130.919139288135
-25.3522194616864,78.6234862308653
-24.9878397078431,25.0816235827193
-24.9785137544451,-112.005089091803
-24.5769266307379,119.568044929093
-24.2346446644009,-117.481345515899
-24.2076511682125,62.8385407273952
-24.1838327267129,-67.4464387191433
-24.1170246505202,-124.072484655633
-24.058401858802,123.645823352704
-23.8515036138083,-121.333562553632
-23.7004471379259,-98.1685666448095
-23.6856202660032,93.7886211241029
-23.6681438864425,129.138172450544
-23.3856484115669,130.974026427471
-23.3275654401423,33.1708617170387
-23.2513468685861,48.1142138112042
-23.003091122897,2.80365312603177
-22.8831580905441,-53.1959883205437
-22.4507795140437,126.770810371111
-22.2985097768025,-75.9669957794979
-22.1644827673198,-106.414863122097
-22.1619210743305,-123.658163924809
-22.1246911220535,114.616073975916
-22.010503801393,-4.87313496714616
-21.5808448281537,-121.649587427059
-21.3868826305477,131.003060970262
-21.2460288133363,129.318135730544
-21.206782054484,11.4693569294462
-21.1305800389854,-119.183437982352
-20.9950483451828,85.088287843235
-20.8977816764962,-115.735115442604
-20.8049979739025,-13.111699397899
-20.7374702598594,-84.0412517308336
-20.6112976712007,104.205061510732
-20.5729055315043,-36.3365186590962
-20.206168626649,-123.242962157199
-20.1687368016518,55.4577548879204
-20.1683152590032,70.495331369446
-20.0286555807184,-20.5899918111331
-19.9898219273262,123.943013635063
-19.7283727999851,120.146994117842
-19.6320322399111,-28.9986895686263
-19.6161059538664,41.2004772643596
-19.5454090049774,-45.5494089918829
-19.4986840194955,127.165331267389
-19.3880328579157,131.006202161672
-19.3227621703525,-112.142337212249
-19.0406535954869,-121.161582974671
-18.7101634592025,18.9763354707672
-18.6809241563576,129.261756194611
-18.326004525972,-92.1521586942996
-18.2507868528597,-122.827998759851
-17.9777234351015,-60.7214656267843
-17.9255468245476,-118.700941112026
-17.8865040243593,77.1229687947966
-17.6167858998806,98.4897262057897
-17.5849670992532,109.679275174252
-17.3891145062599,130.983411953383
-17.2643492219882,27.1295958979159
-17.0323048971721,-69.8948948444651
-16.7404230836962,125.873106699862
-16.6409701270517,-116.321998845962
-16.6124244548037,63.1717608233674
-16.5413266087272,128.803135838299
-16.4712236572481,-120.709007047572
-16.2953598106343,-122.414115263057
-16.2548443500061,-100.609043594297
-16.1690616793446,91.0105064035925
-16.0384673108337,-108.102038143307
-15.8653538350855,6.54582273993854
-15.7571506017322,34.5207737420222
-15.6470797655159,116.590419184784
-15.4386132957338,122.040596175722
-15.3907724124943,130.934659931134
-15.1231120769365,48.0239785600348
-14.9284383301933,-0.998030771573698
-14.8158543665829,-52.5418381688096
-14.6381208677249,-78.0229684138542
-14.4372930291126,-119.586459006386
-14.4268210414382,128.578618484414
-14.3616332366846,-113.33096485177
-14.3390640856797,-122.00209037891
-13.8572307486725,-8.66428374838674
-13.706104515349,-39.6971386970742
-13.5930890766029,125.777520277109
-13.4060802894859,-85.777367928303
-13.3932551791242,130.859919143497
-13.3915477198006,83.6764949214141
-13.1980872566606,-117.074867742954
-13.0787594832141,55.3732281917887
-12.652551078703,-16.3981074727952
-12.478492919053,-24.3184605476606
-12.3828053149833,-121.593084301408
-12.3730832940604,129.172237114849
-12.2350563198018,-32.4334659039486
-12.1167490798158,13.3219938598941
-11.7483833691172,70.1654204636115
-11.6051730172505,-119.329714211739
-11.5150168603541,104.165504971525
-11.5042580473848,-65.4924469118637
-11.3967823430869,130.75916119365
-11.3747340172262,122.295620671887
-11.3709887941264,40.4731361133031
-11.3161236479595,22.432448632873
-11.2188625110021,-94.7079072624487
-11.1999258068013,127.574794820147
-10.839193619931,-105.896719676843
-10.7939469610977,-111.205556191454
-10.6649515726886,117.930077024742
-10.4249580633612,-121.187738983931
-10.3951120754495,-115.738184717626
-10.2805095381397,77.0717079061993
-10.260624749898,96.5256269148322
-10.2447120404705,111.391796057513
-10.1662489917895,-45.5325945591497
-9.86651079462139,125.409483683545
-9.51592950004008,129.036498762768
-9.46996497518096,-58.6375437909329
-9.40190683684865,130.632482233326
-9.27267675076609,-118.681361734286
-9.14843353267325,31.0965267424717
-9.07553132754013,62.82907469396
-8.85242626667132,-73.042053973082
-8.51421305502532,4.71562074866249
-8.46182649241184,-120.813214709485
-8.22805982700864,88.9993543685307
-7.75619033245439,127.828583824857
-7.40697098836552,130.503776882175
-7.30662722086891,-112.862480363215
-7.12473286102306,47.4184015383852
-7.08715140307011,124.438616439759
-7.06135783228079,-88.7540103639478
-7.03778099301367,-100.88103491911
-7.03352935094473,-3.64217405273155
-7.00537037001725,-116.266525573037
-6.81465866706429,-118.788734159462
-6.61012913862421,120.823051464933
-6.48550389536207,-120.511331000873
-6.44459433496855,-80.6639023206162
-6.4420759787493,55.1796758903382
-6.0109872531693,-52.0139536509458
-5.66856740288535,128.84891100116
-5.66645494246843,-11.7052349976618
-5.54796339052762,-108.068684994855
-5.45343690383348,17.108764022779
-5.41119722641264,130.391844049878
-5.23255744980837,-37.278097165257
-5.22625912069873,-28.3585224353796
-5.01970456119235,115.56653933715
-5.00646423391631,-19.9954054617958
-4.87239902754412,126.548055899835
-4.72433416827162,82.7452466503412
-4.49944109982819,-120.287889274286
-4.45887657185724,-118.498781205867
-4.45434355889885,38.8408031902656
-4.11601059633808,-66.1065542835133
-4.04483229929244,101.49123208732
-3.99002087404411,-115.995724395186
-3.63578583379797,-112.737238864217
-3.52242895185878,74.9294098137774
-3.47622563749818,24.349215610235
-3.41453353282132,130.29721618075
-3.20799534236837,68.0980720890587
-3.19972251265369,9.99696352869203
-3.15618327127231,108.333819869373
-3.15048248688856,123.81437598459
-3.14527298498092,128.545441575049
-2.87168704783181,93.8397571868178
-2.50569710073278,-120.146980826452
-2.26454933758081,-94.9126944969198
-1.93451312065416,-44.5973661543669
-1.89531403834076,-117.9328844093
-1.82438393264742,120.395824262848
-1.55506256455395,126.488808785299
-1.41704548563748,130.220320926983
-1.36176779192609,31.7611558471014
-1.2059030568818,60.8332357796408
-1.19274381065871,-59.3707869039682
-0.994783628688041,-73.4173548557564
-0.759970468393521,1.6637863512116
-0.753818362223547,-103.869581334864
-0.615356429124468,-114.755647802196
-0.517577387764501,-109.845422576591
-0.507717312726195,-120.091441124853
-0.503001051971052,128.538639810433
-0.0776435202944568,-86.9398973091985
0.0697813654532713,52.4373063605078
0.35534289819654,-117.984287801267
0.580980828087775,130.161471251463
0.610700835192934,115.654457318378
0.759398576490919,124.554605694264
0.768346175981013,44.9235096525853
0.93790170766127,88.0564958600588
0.986403195948997,-6.35229803568625
1.49077652640849,-120.122447600868
1.55296285289949,-79.761752442042
1.55627429334913,127.633944180631
1.71117854788163,-31.2387883156115
1.7640918565838,-52.1634149401734
2.03525879136312,-14.8208116069561
2.30378608421887,-115.793555291083
2.35669697936074,-23.298874303486
2.40214917819149,121.233530551075
2.41125763795072,16.6250933812094
2.57951501438391,130.120842494839
2.69363574496095,80.3544397647567
2.80447551589765,-118.280569907643
2.84355972558404,-112.258307467858
3.15521612504918,97.3698125220535
3.48605157638637,-120.239415438569
3.63346955069941,128.301996093807
3.64453154725844,-38.1809352885837
3.7337889670847,-66.9842703423407
4.027921659277,38.3462213698707
4.04382969741568,72.7612381506481
4.07111667301773,125.382996547509
4.08140835247341,103.95989041098
4.09609718004759,24.416109808652
4.26174305551773,-98.5150899858569
4.40884563262017,-107.077392510465
4.50972858611882,111.110794815654
4.57834583674364,130.098483795627
4.66135846385411,7.72570262774928
4.96075475382463,-118.301825142838
5.11802192406318,65.5092769074323
5.29748991727568,-115.591521670924
5.47457144150735,-120.440052481025
5.81398058437435,57.7436522124288
5.83698134979716,127.707252791029
5.89545048405848,-91.3256389382793
5.95574808508352,118.003393428572
6.20101580510694,31.4037147746042
6.28395988157004,122.796623134319
6.32562043775159,-45.332433024622
6.57722778553717,130.094309491636
6.76489215890763,-59.6118228455263
6.90640339426378,-111.907621393268
7.14171606239121,-118.509004177423
7.28110951493218,49.5705951402136
7.36261803325961,92.4245359471698
7.42540151649136,0.159381407021887
7.45398470367193,-120.72068499467
7.77060974327672,-74.1211464983679
7.77828787464401,-83.1039728386512
7.93884029150261,128.253927825231
8.09123264184549,125.385115834583
8.41735496787882,-115.806412487211
8.51172836264439,-8.06638732441291
8.57614556119795,130.108102353422
8.70572696590409,85.5138521676854
9.11110620792374,-103.129824748424
9.35183873787847,-118.954592840942
9.42130506195013,-121.073121182824
9.43000323456312,-52.7004141278809
9.58423106932888,-15.9478120231315
9.58733028231387,12.8234713967447
9.91011821607628,-23.7111200537251
9.95805521885588,-31.649680798686
9.99015592902825,42.9033316659725
10.0615459993313,121.007852215728
10.099418941458,127.944688550976
10.2296973707078,77.9198756621057
10.2725468667156,114.584812706213
10.519735760248,-108.702422541841
10.5748187145616,130.139517938362
10.6452176020675,20.4397983356374
11.2676703496757,125.014663052492
11.3155395251565,-113.19633200516
11.3677072136646,106.774917183956
11.3858008051786,-121.444426118431
11.4972364456507,-116.86438235302
11.5145510754708,-65.8419337351447
11.5820746502711,99.2317620824537
11.6223744231471,-119.627030631858
11.7011030066354,70.0039487607896
12.0930551809616,-39.4592785034261
12.3282911389582,128.045397668494
12.5733619092816,130.180487935091
12.7269909851878,62.0592433659882
12.7338381187438,35.6272651726805
12.7947823290517,27.7829616957939
12.8211616928925,54.7237865039621
12.8379213038902,-95.9846053318319
13.2016581168526,-88.3381709555732
13.3495109896366,-121.816297511702
13.8000758265718,-120.212291052352
13.9885335929464,6.13786607477668
14.2310506369535,122.468753464574
14.3021115539375,-117.845998900728
14.3143457342592,117.951296174753
14.3650781160449,-79.4740773956181
14.3798575004133,-47.4800560041645
14.5721190137458,130.214799865534
14.6071256341151,125.893313915676
14.6222725298601,128.450683530653
14.727790750482,92.0039053123991
14.944510765109,-114.499666425355
15.0777445621949,-2.46197206273678
15.2682783256361,-57.2667312998022
15.3139315886084,-122.188251484364
15.7561926482499,83.9656740905551
15.7597043872582,-103.750130762246
15.8090622180334,-109.840276059479
15.8162537168219,-72.5049960794903
15.9010526576205,48.2670913315987
16.1699512101948,-120.273542861015
16.346273115049,-10.7054188714069
16.5707759358358,130.241779381817
16.8559707085277,15.1474829983552
16.8908150675733,128.523798787153
17.020523686469,112.113653279243
17.1537898653841,-18.9344046349419
17.1817880185215,75.244647553357
17.2777646003904,-122.55927873284
17.4244594811437,-27.0316429475647
17.4393484002559,-117.397605193976
17.5274992042019,126.31971550046
17.935489788178,123.207871225615
18.270256821158,40.4946216426702
18.3088371326092,103.539694957984
18.4248160923127,-120.392694881239
18.5071461291163,-34.682361746962
18.5697193563063,130.261250221911
18.574495971505,66.0137618913698
18.7465398723934,119.138563614318
18.8702407027407,-64.2655866263403
18.9476233704679,23.5052879283502
19.1765115447788,-113.319206690825
19.2424518086341,-122.928896113871
19.5404045731485,128.284181402708
19.6564684067043,-84.3749876179495
19.7638090193334,56.5259140345119
20.3034820278062,-42.4563161038169
20.3442925519262,31.8520119358433
20.4175557256929,-120.874427000256
20.4498805104979,-91.8793882686585
20.5110387856428,97.0142546013912
20.5295500524464,-117.385278926311
20.568598296444,130.273016033504
20.7332199400865,125.549629329945
20.9393686516782,-98.7371735921354
21.003108053395,-50.937797234927
21.2072643784788,-123.296223025846
21.6537788131786,-107.293001834045
21.7320038599772,1.8787120773751
21.8198251870375,89.1883316669943
21.981276059636,128.43399128776
21.9861499554102,9.80482472588752
22.2118496334733,80.806533623354
22.3366217189078,122.138767967615
22.4193309674786,116.019079631141
22.5664671051231,-121.93103941201
22.5675065283089,130.276875782773
22.8213483112416,-70.7181353910544
22.8776369766434,47.6663879392046
22.929218832963,-119.620490809497
23.0186200397374,-6.17075923714764
23.1726193015536,-123.660610783604
23.2265571368553,71.6434181300165
23.3113856429972,-112.950532336163
23.333766250724,-78.0912390079106
23.5330837015048,126.272410426511
23.6189235657164,108.192473563611
23.7332573044621,-58.2656825339488
24.0350665357432,-14.3160062464043
24.172067133588,-116.672912353207
24.5361258178075,18.192153633106
24.5666345809043,130.272617553867
24.583139908193,62.3196514566691
24.6567734186733,128.545652653016
24.6578533403548,-22.463161456196
24.8914730284715,-121.930436598675
25.1391255255911,-124.021462687533
25.38481366339,39.3168044575217
25.49672831538,-30.3469364115954
25.6900123098239,124.812861787499
26.1572996600448,120.638846320727
26.2080297613625,-119.455294067567
26.5653811243295,130.260025004174
26.7859158311844,-86.2549720892234
26.9040079415625,-38.079693268808
26.9220729213347,53.6855754132283
26.9226970094159,127.765692379201
27.1057199542892,-124.37789747742
27.1239365145488,-122.421066260313
27.1940959409403,25.4680520707988
27.2441369998129,101.450474053783
27.436219323239,-109.630182935759
27.62547880381,-64.94117901733
27.6330709587884,-101.711600283501
27.7711431245728,115.077511009664
27.8891245095913,-45.8532245912041
27.9317147053372,-115.458989458366
28.1189322837366,93.9503029113049
28.1923299255797,32.4121312564566
28.2227156408263,77.177991319312
28.2718952520402,-94.0346309471003
28.320620771022,85.711977056502
28.5642223766272,130.238871568371
28.7780254950908,124.417203713715
28.9399812376903,-119.789598620867
29.0228921822684,5.66172740470787
29.0734328274612,-124.729439967719
29.179131592576,-52.6568882231016
29.208284941437,127.93870763185
29.3164528014894,-122.7001015529
29.3481062527147,68.2408730203301
29.7840175873928,13.6741198330362
29.8036223117639,-2.03572567166025
30.145889987385,-72.9615281770357
30.2719755034184,45.2790998572522
30.5631679681226,130.208924798819
30.7265542725834,119.541894103667
30.9342656994743,109.217399353382
30.943039905789,-9.9508641723644
31.0429746710171,-125.072630287597
31.4174919165419,-123.454917372458
31.4646384749693,59.7656710236617
31.6158498689051,-80.5427334223626
31.6299315685834,126.150174896283
31.6353268501039,-117.688881751772
31.6379239368404,128.550362440466
31.7330288057051,-17.9045446204603
31.9959144116958,-121.027578587818
32.062902855258,-112.987657779959
32.274200335892,122.827489362923
32.4279744733403,-25.9120972788594
32.561609399004,130.169252415618
32.6477298683299,-59.0341258182515
33.0145048840357,-125.403245503548
33.2577942809219,-106.279996453951
33.4904430142698,-34.1203848676316
33.658279274703,20.5263086960479
33.7446157218965,-123.55257413373
33.8107208363985,37.5845612676806
34.0498865210285,127.876553771888
34.2457261455337,-88.7006624767038
34.4074441279377,51.8699018187871
34.5595380716745,130.105725713143
34.5650185967295,115.378174909557
34.5910848314926,73.9108161959838
34.6521634050335,81.8032053203822
34.7208138354159,-42.77996360605
34.8873761387622,-120.796832410385
34.9326981638437,89.7438510638576
34.9371619990387,124.770001678275
34.9615924172998,103.500707200399
34.9877890562537,-125.72093383817
35.1995442667867,-97.7607830099221
35.2532571353398,97.1510014814666
35.3407149816333,-117.234781218145
35.4153826827328,-66.7490153494772
35.5665824945053,29.272987491757
35.9728585096074,10.183445024246
35.993073316276,-123.709541383454
36.1662172917945,120.464856242869
36.2591731797097,65.7828515967863
36.3697562411346,128.528209455404
36.5564354185699,130.012989173254
36.7729299690595,-51.2780957176166
36.7919141517058,2.33842267385324
36.9633379744803,-126.025493104103
37.0187478658996,126.584510454716
37.1466726480488,-111.892809696479
37.7326025777099,-74.6548024925584
37.781508636759,-5.4870855573464
37.907576300111,-121.056484711327
38.0955305553116,44.56367538094
38.1174735849316,-124.143859651143
38.551612492994,129.891167687463
38.616101172369,124.168673749421
38.9374506775105,-13.3210233718972
38.9410615651942,-126.316635004267
38.9702936269088,58.3652158606241
39.0968638682888,127.78124042617
39.213468689237,-116.829693249513
39.2413392933861,109.332945752989
39.4207204348121,-82.4247896270044
39.477874338063,-21.0219952483801
39.9061000284981,-104.116411161652
39.9867439695037,-29.0367151389543
40.0510470376116,-59.6677520587871
40.16817638879,-123.940629918451
40.4552497921596,-92.0643192738813
40.5192864144219,115.637960292744
40.5448173391878,129.740371235109
40.5720255742365,120.367887755453
40.7403114632591,15.4546183076691
40.8289309105031,-37.5427972793596
40.9208641646793,-126.59408670519
40.9635417958143,-120.709488752912
41.1776454551686,127.319433728493
41.2063949099645,23.5087069464566
41.342497617102,37.3159486750723
41.4632787484351,71.7115010682466
41.5054403912925,86.2030461444295
41.5219884556428,78.843342559171
41.6215449892622,124.495643058795
42.1001029380231,93.9839269937232
42.1518237108346,-125.138443903599
42.3987157847639,51.4130301071376
42.4815197082909,-110.936171477844
42.5357257344932,129.56071286489
42.5781890110279,-45.6924664867808
42.8520952715025,101.871492403099
42.9025998219896,-126.857584790618
42.909833482032,-67.9301354329808
43.1172909080967,-123.007045802041
43.2572379324585,-116.48911314539
43.4475185826939,127.655790235241
43.4745393563888,7.30330786838046
43.8800018935062,30.7582989315808
43.938006354362,64.9937971790407
44.1843753624346,125.322526782554
44.262301670751,-98.7923169467848
44.3560987926659,121.312289357819
44.5238631659498,129.352322932673
44.535215011554,-0.705300337449233
44.6917847114582,-125.29265367307
44.7458932540246,-120.181286412354
44.8857350026785,-127.106835442003
44.907910150506,-86.4061583697553
44.961710855639,-53.5287557684488
45.2583319083101,-75.8918624414915
45.5903221708793,116.454625645894
45.7814344676682,-8.5917427187247
46.0542156534385,44.7535271684757
46.0624560140457,127.34108367491
46.2733114860046,-123.143119409945
46.3657058369022,109.791676014397
46.5086151287761,129.115358960408
46.7325418740048,58.4235288195448
46.7715962440013,124.257979663874
46.8707081717785,-127.341684121236
46.9370356656574,-23.8909882430802
47.0117332956618,-32.3365836084612
47.0809373122214,-16.4068648438113
47.1450096390624,-125.651932538555
47.6484191211842,18.3740230762527
47.7140426039566,-113.431814011159
47.7473192467097,-61.4795493206402
47.9976293265082,-105.763974832228
48.0708833219963,-118.516821671571
48.2253015179171,87.6346957262199
48.3416186635249,72.9369961340669
48.3625608306432,126.931376278718
48.4687469148811,80.2445205446991
48.4739987614501,120.459624807697
48.4898465290284,128.849928557234
48.6528405920978,-40.2207894770617
48.8020782473468,-122.069411273704
48.8574134417615,-127.561916518554
48.8661701733742,-93.2464392994712
49.011708428708,95.4816081179469
49.2722285542244,-124.939053369742
49.3431665918594,38.3357118193838
49.5421658247282,11.7401960592132
49.5986470016663,124.140021628685
49.747875369528,-81.3025298037784
49.8521014912916,24.7518969715564
50.4142379730361,102.809860241235
50.444292440997,52.1507927238375
50.4671558594313,128.556170920471
50.6756860932753,-69.4282497955163
50.775142215701,126.548422442089
50.8031414068344,-47.8249542876652
50.8457431229519,-127.767332145254
50.882319906926,-126.271676554084
50.9705885863063,115.09301912897
51.1182593234,66.2007528296553
51.2891043917822,3.89769784521706
51.6651513670704,-122.090267440845
51.7406501262647,31.8546383783236
51.957971223403,-117.972808955631
52.1645810431489,123.200067384623
52.2823778321415,119.494707354655
52.4050286411342,-125.133185027844
52.4400713301153,128.234243051508
52.451882852935,-3.66853755036248
52.8362165721208,-127.955929042298
52.8801467581491,-112.493321620216
52.9323352425844,125.933074993554
53.0065594596121,-99.1304516810647
53.1864917781069,-55.3084837434831
53.1919902877488,-87.7862516259656
53.3342921087912,-27.2051050127517
53.8092692659563,-11.6267917664467
53.9996640062287,109.483039676034
54.03407178117,46.0914582133996
54.1993398967923,-126.322428604371
54.2226497475224,59.6657740799118
54.4028480148487,-76.1017175718018
54.4080946781877,127.884893869899
54.601497410082,-123.140492506058
54.7868620355618,89.0804307333774
54.829511537989,-128.105939097753
54.8366996791366,-34.5527308476715
55.0837759405551,123.113402871392
55.1274141044625,125.784590160492
55.2099534887409,81.3670892047361
55.2921668501033,-19.6800114790491
55.3995028924689,74.0188609391604
55.4697830658366,-106.218003563561
55.5166477246761,-62.9459408663947
55.5764531572788,-119.499207542531
55.8353755687725,17.6796633026895
55.8835399423754,119.563588322889
56.2636049012002,-125.83285334533
56.3695278233458,96.7393713739924
56.3730958882778,127.518242163151
56.7124957705465,115.345165041997
56.7688601987257,-41.9251198398252
56.8256635742423,-128.211348139877
56.9699192070614,39.8435764414641
57.1990796961848,9.34103485864479
57.3779082750115,125.277827105104
57.4116688382243,-115.136617000996
57.5885652024212,25.2409621916187
57.5912052631582,-123.074053749464
57.9424984123985,-92.715904315764
58.2387572114476,122.487161443383
58.2424171208421,-126.584740722922
58.33560245488,127.13795877976
58.4273182869603,67.3883865766499
58.4660017992265,-83.4677390395719
58.5840177811197,53.4326619454872
58.6288813975036,103.043116909675
58.7531353306702,32.9945666648628
58.8236677359802,-128.272327524835
59.0804180761433,-49.1507879636376
59.3202482685611,-70.1601970575826
59.4851130488981,1.81073293297456
59.4972113767502,-124.634311485997
59.706016646103,-120.19904823646
59.7098958608166,124.884878948422
60.0008189083006,119.176495783144
60.0503443479848,-5.75701875619827
60.295490163139,126.74394418613
60.3881335128255,-27.1982790000436
60.5314222158009,110.98000316057
60.7987284724053,-126.662263072576
60.8225331598844,-128.289067790084
60.9038700867956,-101.029032973779
60.9251669802564,-110.270001544312
61.2594548338921,-56.4729117634903
61.4529562805785,122.245658400553
61.5918113761821,84.0874753515412
61.6540224274329,-14.0348681417802
61.7279487880189,-123.492799774628
61.7715659921264,60.3751886635083
61.7931928991102,91.5554833931701
61.98628883175,124.708190377411
62.0406515684882,47.5621843712511
62.2523470942283,126.336161723866
62.4010125547236,116.19694697113
62.4046488417662,-35.1114925613674
62.4506002789063,76.0594492424786
62.5170602783668,-77.3576122007168
62.5244113930226,-116.614699496939
62.8212831919315,-128.261777920478
62.9015106093176,-126.253492346401
63.2475727923967,13.3720968766855
63.3374693914908,-63.7203891089489
63.9304573522175,-120.890646433903
64.0990405960241,120.408336985729
64.1099073709016,123.69451721448
64.2062102241426,125.914486882423
64.227091821326,40.7655409905055
64.229822363925,19.949991606632
64.2388395391347,-20.7895964262283
64.3612643390429,-93.9931296589066
64.7832602635763,-42.412805502657
64.81895548525,-128.190684636682
64.8538638497744,-124.11246673328
65.0325303171775,-86.4132064116131
65.0979093749084,68.7798747258441
65.1733823921487,97.7215881642476
65.2080348933129,27.0140252477502
65.2203378550755,-126.490549583454
65.2865647397499,105.894646310673
65.7982388478151,33.9883407085695
66.0131149926775,6.81942816383012
66.1570689238624,125.478803578043
66.19160992692,123.267852459022
66.3115632208884,112.574744156295
66.7341503692547,117.326211200297
66.7651193385135,-106.379168404654
66.8063026640738,-113.738034210969
66.8146020703515,-128.076031706278
66.9600440155561,-8.57626072709366
67.088964974943,-49.8271566292059
67.2212251774731,-119.214008613157
67.3511331883705,54.181059735378
67.4045997266946,-126.05238198955
67.4421647273281,120.762331247364
67.5214658654139,-123.129438330024
67.6880459887366,-0.740250091185409
67.79527721246,-71.0108146751452
67.922874410232,-29.2010579117247
68.1047892922197,125.029023814455
68.2937034813497,81.8668800688942
68.4118228566316,62.2611245986769
68.5027731514384,89.3255946076947
68.6076542831858,123.110959135364
68.8072893998884,-127.918079277809
69.2227682544165,-99.8543312840423
69.2400803196711,-56.7702685927424
69.2589341875088,-79.3782130013189
69.5036485965074,-125.553649784455
69.849657370769,46.5652263709343
70.0492350551217,124.565063226992
70.2871327841986,119.044562477543
70.3773936999892,73.7199335363483
70.4232778467243,-122.132392234468
70.4500944874614,-63.7474780809098
70.5434752131116,122.011379581399
70.7355134800773,-36.3339564457951
70.7867755220756,115.04235657053
70.7960983699925,-127.717103237901
70.9613277361937,-117.645784995253
70.9993992697306,-15.3162314804184
71.0380506920671,109.353075751012
71.2929739430755,14.4055387208121
71.471396453422,-92.6001057536272
71.4752827673176,-125.38103856879
71.5703898232838,101.596275523248
71.6624268033877,-23.1625139268061
71.9300533994375,38.6255805216185
71.9640358676574,22.4309603139641
71.9902678514631,124.086841287751
72.2283483873689,-112.146020208101
72.7082760065051,121.89519379372
72.714199347177,30.3287037360452
72.7801243201676,-127.473394591491
72.7973210583358,-44.2590989240755
73.1653616703202,94.3673933355352
73.1978024379058,119.18841075826
73.3105705302632,-122.869097814119
73.3653677871386,-85.8688198190636
73.6362371727997,-125.489523909357
73.685067930399,6.62838970448185
73.8404040737923,67.4405154765075
73.9276291294339,123.594312048373
74.0468472463921,-7.31778698568757
74.1197851630384,-119.70541679985
74.4877828032601,116.353589994222
74.5832752896398,78.9286129975765
74.6466296320329,59.0828802148957
74.6958251698717,-105.884353603405
74.758477013613,-127.187258865097
75.0166331255948,-73.5407499470214
75.0604846031379,121.1682974055
75.3565277149687,112.253337186327
75.4913614868545,51.7128710888156
75.6699253582564,-51.8132519287175
75.6721049309301,0.045462959498366
75.8611327405389,123.087417826789
75.8860262865197,86.5331182360558
75.9342277903908,-125.454109137239
76.0088177762259,-123.470182424531
76.1287061329006,-115.920413418822
76.4936460035627,-66.576605172367
76.5169714247548,-29.8470732952321
76.6998976312778,106.578819070252
76.7302897599826,-126.859013907854
76.8493271796034,118.428799076031
76.9468635321139,-99.05884796767
77.0593999903381,-121.074144784982
77.2666159739488,120.950490605003
77.3494385024886,43.8615382218849
77.4996932942456,-58.8752413549851
77.5454906344267,-79.734975844848
77.7911293455894,122.567283341114
78.1680157857975,-20.6630297528258
78.2672883832195,-38.5609447936006
78.3865940240412,-124.888540346181
78.5812937628179,114.849296575125
78.6944472906812,-126.487656297928
78.7518929644109,19.3391590711989
78.801113858159,35.4418329213781
78.9295174183375,-111.614709891929
79.0827693463088,-91.8118785080897
79.1372606279319,-118.677811577376
79.1534651983919,99.4107351200087
79.2849447678898,11.7590801722275
79.2968545936592,-122.852607320203
79.3658961674912,120.145640488615
79.4085317231582,-12.836939698879
79.4531651126921,27.0644501970935
79.593745763814,72.506401365029
79.7183068255684,122.036617731799
80.0555857688158,117.443476920685
80.5037158393661,110.426880925653
80.6497171906784,-126.072136515745
80.8212496656741,64.6469752863317
80.8251617472916,-46.7086686194001
81.0000891446792,92.1670846064027
81.078479259933,-124.295086972217
81.0805462250538,79.9019537224377
81.3502028426855,-121.098341255021
81.6425615650679,121.495363892448
81.6521271099718,119.588154229498
81.7809891245438,-4.69771833844704
81.8113817504031,-116.240819953784
81.9214432090922,56.8899943267097
82.2271189698209,-85.2024195623276
82.579240861823,-105.792468732715
82.5842314861633,113.805874253681
82.5951641436677,-125.612817418668
82.6806385299878,-70.8671168489238
82.6862901673187,3.91916319351268
82.9191947319479,116.784901883396
83.1286494993849,105.313089224323
83.1574635098397,-123.246749346659
83.2108011743953,49.0644313131813
83.5637739283848,120.94335052203
83.7318919745831,-119.778495817444
83.8518315510454,-33.4989118822261
83.9007851101185,-25.6524304779533
83.9095129488144,119.065750873234
84.1922916237615,-63.1555118020105
84.2906702586706,-98.3233400121763
84.4127691127244,41.0503314366765
84.4258959779359,-54.8546223814096
84.5298465276059,-125.110082095014
84.5326904650095,85.423691779199
84.6026347958182,-77.3652496134375
84.6295476461153,-112.069652401931
85.2671788735218,-122.816237851937
85.4818233018498,120.380411791695
85.6745456619259,32.7498167035308
85.715386163496,110.4153345875
85.795765066855,117.79092495513
85.8537838488878,-17.7917204005591
85.9471821458038,114.806031093651
86.0157403234818,17.9219861310051
86.1436694578635,-116.56286913275
86.283863359043,-41.0683959302631
86.4528373227602,-124.564329356531
86.4845282583514,-120.371429994459
86.5499283719028,24.7815137876138
86.6426677891881,97.9933607047983
86.726987191368,10.391096831072
87.0141998510124,-91.4276047975193
87.1001040900819,70.1330022067429
87.3965884953003,119.806387538366
87.4186192444864,77.2455087350065
87.4442222363422,-9.84909037351052
87.7576337083614,-122.406717207601
87.9110068438116,117.919871276428
88.0571798262135,62.4927756343906
88.3632241105088,-123.975973196606
88.4448398661817,105.158773816807
88.5426382730107,-48.3096515356154
88.720125140763,116.101625260166
88.7790819604267,-1.44279165568064
88.8912974683404,-119.060755528328
88.9725269712573,-110.19739710311
89.0163605041285,54.4986482842844
89.0472380853709,113.221146732582
89.1073421656187,90.5466994438854
89.3079481257058,119.221123408882
89.6405996104689,-104.303273863089
89.6787859344703,-115.004277989152
89.746828641914,-121.501289176269
89.9402058349016,-84.1709834798349
90.0702155639035,-69.5437684048279
90.2601090561645,-123.345442270417
90.3758227380679,109.713620720529
90.6716424740523,46.2456515224931
90.7108238656397,117.264690583578
90.8346031741686,-29.9103545379934
91.1591397800357,-60.9367660382452
91.2157809807905,118.624470957767
91.4284650984125,38.3534477539014
91.5453774457201,-118.141576476915
91.7158164983837,115.457055444889
91.7276732661496,-77.1875991836925
91.8268873389715,-120.809658030522
92.0429787512917,5.97434427089181
92.0896735854505,-36.7130842993805
92.1426088774339,-122.673179396871
92.1640416303181,-22.9145269312155
92.2652863000877,-97.267828957375
92.455584979132,83.2040677240445
92.6884036905804,112.782130353886
92.7723712827142,30.0220986748651
92.9458905175324,15.4243460347235
93.092131984189,101.070428134804
93.1199663608772,118.016287701853
93.2655555435851,-53.6151509644326
93.3893059185123,-113.0887446232
93.4930941891443,-15.187548140931
93.8612464642685,106.634016302375
93.9334800068683,-116.611895832191
93.9734776345539,-119.855851756861
93.9783892965046,115.709100402091
94.0098548000424,-121.959641082077
94.3280568820036,22.6246292508229
94.460972394409,-108.427759311324
94.4912698808121,68.1109229826891
94.5023452871078,75.4807324288636
94.5646258595081,94.1203591623316
94.8122249147317,-90.2170099223262
94.864683817424,-44.1417753908851
94.9779159533716,60.1902678107881
95.0203843975768,117.396437135093
95.0897381743674,110.341359431621
95.1365626256724,-7.3563918798738
95.7898853292653,51.8667771599052
95.8609925019797,-121.205297064065
95.8673268636227,113.299445127593
95.9185406212752,-118.77616964696
96.330020290021,115.373144014734
96.5497413365407,-0.565751028697878
96.8803330918513,-103.549773797147
96.9134245774477,-115.480611090338
96.9169163482901,116.76478870695
97.0348751180989,-66.6398286349472
97.6195012044852,-111.827457947432
97.6951820477387,-120.410629878398
97.8150183946019,-74.4041690564769
97.8805243945844,87.9609036696446
97.9410865287873,-118.141433494059
97.9742586437976,11.435874228004
98.1456481344298,43.1687983568076
98.168044089098,-82.9688784959347
98.2185037618123,35.2447987269399
98.2364982836825,103.639653254201
98.4037500254433,108.26529794168
98.5256558879967,-29.0636341220304
98.5414877689361,114.328032683469
98.6179285846922,111.667570365982
98.8094448658344,116.121217767757
99.0687319706673,-36.5220954634898
99.30372227651,-58.9109031119126
99.5115978138514,-119.57613444431
99.6310136584661,-20.4639385153457
99.7095449783102,-49.7211724680047
99.8008845528922,-117.075909330593
99.9790909278501,98.0788604373687
100.05401935724,-97.1692775766362
100.103811865946,-114.265168863656
100.137914323153,-108.456637357948
100.640882581473,80.60163087249
100.697624876597,115.46426491367
100.784930840405,28.0751395057767
100.795386760389,113.349928963908
100.87427958996,4.66048476219321
100.906867675769,-12.1347813826786
101.250051470151,19.0741655077628
101.31051764232,-118.705160973977
101.5440373378,65.6286267089094
101.63698798414,110.337842423523
101.641359327758,57.6984412013847
101.838640491855,73.1921711251108
102.000787794759,-116.302739541305
102.025431733702,106.586797469144
102.12025464695,-90.3112691615693
102.134061889993,-112.033603497722
102.248759510066,49.4827446294915
102.576426983153,114.781621046829
102.649562982284,-103.816532978148
102.966242636791,112.547727893433
103.102887775596,-117.820155796786
103.325800698747,-42.2725727373711
103.576573503552,-114.895190071536
103.635102135362,102.16193546057
103.713353509732,-3.90020123229633
103.781379134967,92.6918994208934
104.44458070808,114.07031441837
104.533816356705,-65.1393333047647
104.599274622995,-71.6797289028342
104.611921556655,109.187868987308
104.613037582085,-79.2830758119198
104.618395839063,-108.53693151927
104.658068703854,37.1474670443432
104.890773729765,-116.926114594912
104.922833187142,111.736613804615
105.06485407539,-54.4423180909924
105.199001766597,-112.009662348647
105.269880154238,-25.6213951497076
105.30130416598,11.4624584199534
105.817546825813,-114.530987050791
105.84360450671,85.8446052783288
105.986388455972,105.699676030689
106.301712287459,113.33066276434
106.314933032747,-34.0665648028692
106.399634467939,-98.982370487862
106.674065430337,-116.022923527285
106.708249074109,44.2053966073664
107.061965516862,98.5949624980027
107.086072430378,-17.1526883108515
107.112002726369,110.948742975316
107.158717657218,24.4549633011392
107.21332782902,-85.665374511864
107.416893194495,-104.886482534008
107.748836471285,108.213872005249
107.760209965577,2.87388343594922
107.897646406467,-113.465045332871
107.928303496344,-110.929955761473
107.960579507007,53.5745997469626
108.14745649479,112.562984857743
108.195610370086,-47.6229075676229
108.256627839342,61.8977843574192
108.289517914749,-9.65940454918996
108.4526527095,-115.110470609711
108.603476236375,31.5288638431262
108.703269657237,-60.5073980603841
108.748635848493,69.9367525526541
108.789900605065,77.8539767227588
108.812554077191,-108.470987985628
108.859707195419,103.507786498809
109.354900154226,110.133664793366
109.363563799357,-93.4545728864228
109.691738552368,17.9006603283883
109.981345989799,111.767649298629
110.139089254707,-112.170737431042
110.226425560739,-114.188645898772
110.234569660961,106.8153522575
110.6552778765,93.8282496929697
110.95650379114,-102.595310563261
111.332966086115,109.132832659603
111.365632757702,-75.1492603278697
111.549797558764,-40.4147217651256
111.590431176103,-110.560768649824
111.651005581497,100.408052711756
111.673268563541,-107.167604838498
111.803074462825,110.944963057838
111.995274381085,-113.257341648671
112.057707465601,-28.6949530896876
112.307841224109,85.2368116439978
112.364974583919,10.2641792392921
112.528453719622,-21.1516261353543
112.679082992018,104.809177631301
112.732931829407,-68.3816468205214
112.76820364214,39.5241232667646
112.854290834418,48.3336182856258
113.047600859314,-98.2760151695531
113.051215800793,-53.8841530260775
113.178503921067,-4.03253387216307
113.274340740953,107.905093057167
113.50098052463,-81.6978648346084
113.612362633657,110.095221762957
113.75909019971,-112.316452442049
113.820283121879,-109.946725567199
114.281521094545,-104.279081616868
114.379722210162,56.7701939599355
114.870099895435,3.05859222589372
114.915119121842,-107.418730576156
114.924363474831,24.9502407019993
114.967683932401,98.5348385568015
114.978136432,-89.2990871166328
115.133956186257,64.9860400912729
115.149270294582,-12.3959371568931
115.191831586945,103.101210776325
115.224381333084,106.765926692485
115.408878288844,109.218747473334
115.424984416459,-34.7200038637429
115.51760484806,-111.365962373716
115.563015539738,32.7278891198426
115.640826347221,92.0116940744789
115.825800408996,-61.5956728225564
116.020211557725,-46.7207306988078
116.022449596492,72.7592296239081
116.369718020049,-109.06640590509
116.514813500919,-101.253671272026
117.096477989281,79.4592131796289
117.103710664403,105.754304774463
117.159630568195,17.0135982968681
117.192296919386,108.315862767452
117.27069296203,-110.405784546934
117.340816759273,-95.2379084151948
117.534871347029,-105.290374711702
117.961619042222,102.442423733884
118.23481857624,-107.743991308266
118.36723879204,96.2251025398367
118.887768548995,44.3995110345257
118.962301566239,107.386890660886
119.011212398282,-18.704758214872
119.018382479617,-109.435750338433
119.10583844038,-75.4543892521486
119.196423387509,105.096953774234
119.422302225564,100.071647271257
119.466614213297,-26.477225050169
119.646446378345,87.4682003372169
119.887207035057,9.21634585715569
120.017396690284,-103.289317469188
120.024880185239,-99.3161399531588
120.064063280866,-54.429575480365
120.326498706625,51.6605217058085
120.352058216801,-106.390036600622
120.718582669882,106.432154528883
120.760567637411,-108.455766355212
120.761862402832,-83.989573249408
120.822547510972,-68.0843343136424
120.928749444949,103.607232128716
120.939045168398,-40.9515257634419
121.038958013471,59.648315635201
121.167764675624,-6.17155018715908
121.349233622018,0.944316044854642
121.524448664268,38.0541554303942
121.776078305468,93.2275150756621
121.959472851767,-91.2347711257873
122.116650125809,30.2142813815539
122.332564069519,67.7173830861505
122.338192079845,-104.983517344331
122.345843532567,100.928109631858
122.460837923896,105.451978033307
122.49714434372,-107.465741842872
122.533705048821,22.8141121178151
122.537896072084,-33.5979670130196
122.638683810615,97.551757740557
123.013207298356,-101.490661278814
123.099733361245,-96.5879871320671
123.233030443035,-60.8756622591535
123.307317911555,103.174568522143
123.557448411242,-48.1947493864241
123.901458579588,-12.8080583023991
124.134340866306,82.6617937339811
124.18868083604,104.446900323404
124.227328778509,-106.463783814627
124.333494948606,-104.088275657712
124.450492304215,75.0309559147129
124.810979656615,14.9837519455767
125.098511440468,101.518463233233
125.157351878976,89.5307395674623
125.32153192785,98.7126951742952
125.521070263755,-99.4826949836731
125.905075817979,103.422612669699
125.938200998282,-105.430001901727
125.947902463541,94.6568774863056
125.979584732145,-20.700015292557
126.091236932238,-79.5340663882173
126.094823119605,-102.722009046053
126.459090937426,45.2342179327519
126.707869645038,-93.9268741808298
126.919046358869,-87.7782083699289
127.002646265695,-71.8414781788595
127.086081192947,7.08099184543848
127.176860362393,53.4274666898961
127.284614752199,100.452706610893
127.382822041121,-28.5261443401286
127.611768430731,102.382081304004
127.625792357051,-104.358652470274
127.635262504207,61.4170316734045
127.923560973032,97.3408980698927
127.993272190843,-101.474891848996
128.134246935856,-54.2794448586975
128.136656787789,-97.9319186185548
128.500910984097,36.5308754564239
128.568297695604,-0.538984446768956
128.723238391474,-37.5856597733269
128.902718932652,28.8876702404011
129.037426227971,-63.4673011327839
129.144795063629,91.7665164261423
129.262904498343,-44.9290779990716
129.28933005804,-103.250344599256
129.30861584932,101.325418365504
129.312613431023,99.2134993965751
129.403181744235,86.6387791462799
129.840029431648,20.7638938216546
129.915974197414,-100.425551431501
129.955746602859,69.3485185282097
129.968141689202,-7.45615040556806
129.991283713254,95.3781556677532
130.443896445065,-91.9766238163807
130.505420262151,80.7249211676539
130.629199809356,-95.9518800675979
130.928075199829,-102.105687367665
130.995491653149,100.252728642714
131.20271860247,97.8471541549696
131.378804272465,-83.822657412283
131.541316080512,-98.9299971916715
131.703418149084,-14.7814153797707
132.433555707147,13.1698766849824
132.446111293882,93.4161275911577
132.541289504115,-100.925311308393
132.669597953575,-88.7373141263503
132.672271880987,99.1641177079427
132.87382459131,-23.3966733455322
133.024119628143,96.3889236208573
133.093656374892,89.7391056197705
133.1028599553,-77.3253082402038
133.368909459605,-97.49463414428
133.443331148995,41.6208636414388
133.493542660449,-94.1773030251153
133.611076298734,-68.3660935899767
133.807254421272,75.0276334449316
133.840042976355,-32.1989160812622
133.882282445375,48.8908529526057
134.128250420618,-99.7098586276814
134.141084944937,-57.8683706262683
134.32237130222,56.1287535168965
134.338431013287,98.059962302123
134.432109423936,85.7319883068409
134.441577272363,63.3975306224238
134.553315654855,-49.7318346554954
134.614581210199,5.67244303520917
134.919923903497,93.5291651824123
135.145919913904,95.6202518038668
135.292818779993,-96.3282349676509
135.362872536595,-91.6144738943334
135.412594238087,25.9536228258077
135.688251114956,-98.4599827990872
135.994136275783,96.940190290094
136.052465640102,-40.8376688523754
136.085819707425,91.0980910920588
136.129693043574,33.2671716734654
136.347426749219,-87.1064481326825
136.407389780744,-1.71075835474345
136.554134092678,80.964074177913
136.633106071215,-82.8533421837735
136.741135747174,-94.6139525774749
137.220591393832,-97.1763559277061
137.342949245971,93.9102428698185
137.639365601087,95.80484819353
137.771534288947,88.9677900315016
137.820944231526,19.051647082061
138.066643118671,-73.7755846155537
138.138089953437,-17.9785612097676
138.24796797326,-9.02613824514355
138.282596020064,-90.0794758815064
138.402888130897,-93.1635447096418
138.616086965324,-62.7810766724639
138.724591037393,-95.8596581613897
138.737597242802,85.4139378366728
138.927108673415,92.2049868139435
138.991067723829,68.382851632993
139.274005117018,94.6540447588947
139.444339744572,-26.3596648535919
139.466012499523,-78.9750411311965
140.081637196065,-86.8321857127249
140.176828880005,39.0138992924417
140.199605933399,-94.5105614907622
140.31573265731,12.1283650188369
140.42057804427,-91.9748686680717
140.696961561669,90.923680353514
140.771249241518,78.9482563238159
140.777609170332,-34.3445183105036
140.789861768653,74.4588451635974
140.897814011244,93.4879828615914
141.02291274943,88.0861152421181
141.105299288295,46.0300200561148
141.133365056751,-47.2366156725438
141.156807476613,-83.1665457367489
141.294976818878,-54.7411635945327
141.349462468527,-89.9174178796528
141.384029562052,60.3699632206779
141.552207552071,53.1279874954275
141.609059988921,-69.5371969867811
141.644992034102,-93.1297603944405
141.656106575812,83.3558617756909
142.148772681865,26.6832662449787
142.206765895554,4.9745574866126
142.510333183774,92.3070362358026
142.929149063293,89.8110369592753
143.060120808172,-91.7179588178964
143.062299345845,-88.6544302454847
143.195881748875,86.3256673990082
143.211875806496,-85.6651482951187
143.512516089665,-75.7545819361258
143.884515965889,-13.8319029636416
143.947314771704,-79.9919233136224
144.103421829295,-2.1732286109148
144.111913306286,91.1109903808944
144.235129198537,-41.3617254136549
144.444378704835,-90.2758703828725
144.61833089792,88.4137294550303
144.932720124191,-87.3012358347439
144.964869654445,80.8806622698537
144.970324496668,33.3261827907542
145.057950785088,-83.0171692058044
145.181525629009,-65.4747272270129
145.287042002285,19.4959283463592
145.535697813821,-21.2990532800701
145.556498498691,84.3265959809617
145.702450369997,89.8999558301819
145.79746486357,-88.8045052216298
145.798770306184,-72.1754558433824
145.883872639304,71.9062037524161
146.148933535978,-59.7914754314721
146.211273066904,77.2052832751779
146.286142271537,-85.3414264373102
146.321439793152,65.544177540729
146.392783623728,86.97544751511
146.752043429977,-28.7090587504157
147.11963596673,-87.3053152417559
147.266340650066,-77.6510473417309
147.281397204652,88.6737457078611
147.503884403876,-80.5930316129849
147.507648027257,40.7688130034272
147.53507474525,-8.13520857966971
147.789800577886,12.0250178183658
147.86272470535,-83.4123494142368
148.019849962127,-49.71444094958
148.092349943353,81.9656958214413
148.137217421787,85.2764091105472
148.399339675225,49.0981507799411
148.41043232277,-85.7790176978898
148.486881780358,-69.0631834411831
148.522601752744,57.4195241720323
148.650625502239,-74.4476261681029
148.668334101458,-35.8039410923138
148.838161352262,87.4197940667642
149.626204103116,-81.6555996821976
149.632257620875,26.7368841713729
149.659571189591,79.3872518543558
149.669349309273,-84.2263115087086
149.69041931414,4.71619103407946
149.928037601764,84.0114571350715
149.938196560224,-55.5603036222978
150.146152398672,74.9821895947668
150.216483238753,-64.3258411793425
150.36732548174,86.132389397492
150.399917329466,-77.1624119797914
150.571425847005,-79.5326579370131
150.747791893251,69.7190223736258
150.895895936501,-82.64790179607
150.977648295613,-71.7227100720605
151.286076882131,82.2873279708191
151.456937803137,-15.6654930053523
151.519365847409,-43.7374229212358
151.868253044109,84.812169838396
152.089594769213,-81.0444997043976
152.160149352756,-74.548426202863
152.268264303054,63.9892177909639
152.358260484133,78.0023741272573
152.408994426768,-60.4741458139102
152.575481911194,-68.031874858266
152.608154377314,-77.4585310010979
152.681532397972,-2.26686908801907
152.748980613483,18.8089175530563
152.806703332503,34.3319525051137
152.86994934484,80.9325486841364
153.153581780241,-23.1246668563343
153.249970210239,-79.416838920038
153.340288152421,83.4598132450983
153.656225908431,43.2959512929274
153.662454214286,72.7258764432663
153.850323640498,-71.5686761001243
154.076411496151,-75.3363372379594
154.2727483615,-50.8461784993146
154.328893431729,-64.583092520381
154.374998663849,76.0974025888145
154.376579286533,-77.7656330403687
154.477202432422,-30.0971528532113
154.696383134439,79.5187686018137
154.766610008322,52.7273254827077
154.78279445441,82.0760055484971
155.176780599677,-73.3245888387449
155.193656208201,-55.8725027304068
155.28207164285,68.43045936588
155.333485688278,-68.9231246833373
155.376406321106,59.5681455676299
155.468992304238,-76.091599490116
155.477351127179,-9.68414026891426
155.513995717171,11.4939213948826
155.820021812122,-37.2955691994412
156.148649282045,-59.7951931125481
156.195155324968,80.6614394768742
156.196539446225,77.9648563709324
156.388931879234,25.6823151271801
156.526785195058,-74.3954715635548
156.576279305897,-66.5631693537391
156.585476579568,-70.993596741308
156.768429513371,74.2584692121996
157.02300730064,-47.1788815541002
157.07840000033,-63.1984728556728
157.395517859184,4.20795035033579
157.502514284281,71.5753957013015
157.549547078792,-72.677987829476
157.576767596308,79.2168200537127
157.749053379932,76.4581124886355
157.764648582,65.0074759257832
157.96209871899,-42.4344512189549
158.035642746511,-68.6477433844307
158.536880209404,-70.9398920038846
158.630431338846,-53.7204981285078
158.871579867664,47.5007936684459
158.925930063196,-66.0851996338497
158.92703463297,77.7428724939379
159.002217586404,-18.153872480076
159.205130430852,-60.8979598612837
159.336468117287,69.2171815313369
159.337479111567,74.4631056297126
159.361997616753,-57.6816375392508
159.488391301582,-69.1819491606773
159.544652266388,39.0919490912195
159.767063310652,-63.9905201732443
159.924418140173,57.0648105841317
160.060428108592,-50.3902298044437
160.129717059199,31.8575851175832
160.245392688293,76.2403134685535
160.313744781852,61.8069992279914
160.391354087892,72.5420673291219
160.403732237448,-67.4049452068852
160.580034575331,18.1750647076877
160.704887388609,-3.37589300106558
161.0170291754,-32.271501618626
161.081104441907,-26.1309255873059
161.198592337797,-62.1539376473692
161.230418048984,67.3615891023702
161.298600706118,-65.617533898249
161.336742530404,52.4561808455123
161.531287978869,74.7098744891114
161.576122545918,-55.571192557799
161.613402030106,-37.5500508638532
161.77629631151,-59.8011237756688
161.789545711428,-46.4343297560595
161.822667941654,70.8998555767708
162.186337232737,-63.8264965796437
162.376520766198,64.9111254959905
162.460659587659,-11.3020047956853
162.562379693222,-42.3029819091091
162.681137959713,-52.8532453304355
162.78417923324,73.1522997720778
162.830953894129,-57.9686303037356
163.066873898162,-62.031864826158
163.102057496958,44.5856268496867
163.250188939021,69.2804577013371
163.350620548222,10.5196941243997
163.713900612602,-49.782579817458
163.718207246542,25.0608688136768
163.83472667231,60.767216610336
163.940119921769,-60.2337101011822
164.003537314819,71.5683473457284
164.10786389892,-55.8776270001496
164.134550023371,57.4149363038744
164.445043309371,67.3485641460358
164.475922173744,3.45739237694701
164.666385159173,63.5760344910266
164.805986503494,-58.4320943327498
164.89741987843,-22.2496448806377
164.983265458164,-53.8268285148926
165.188864124134,69.9587636855296
165.301148881032,49.5820879272306
165.322424834632,-47.0042003319884
165.353284480301,35.4874388302233
165.43360112858,54.118093205192
165.555867255359,-44.0778874669945
165.633889805747,-16.8354776950683
165.664463956247,-56.626906817373
165.672070876582,-39.5267753070656
165.746112858081,-51.7060467416112
165.870842464645,40.3667131221159
165.89513781911,65.7548577033899
165.916980539349,-35.2854963787449
166.03407415064,-31.0376658689494
166.339677479473,68.324300719847
166.403291309205,30.091118693637
166.515488184999,-54.8181406811127
166.658347579131,-7.1485126224099
166.703316643005,16.131248673304
166.733449071906,-49.5918929639321
167.115013817713,61.6580874784367
167.129076077743,58.8057548912433
167.151435719696,-27.2731710816096
167.321545388701,-1.66717860908782
167.358992293942,-53.0057875316046
167.361279415843,63.8013186707232
167.403732059467,21.3353621290785
167.451573287262,66.663099805279
167.695130819547,-42.3170335046925
167.749401173641,45.6303272093748
167.861865130577,-47.4974681362334
168.194865304307,-51.1899280438914
168.305741630139,56.1648260359908
168.381836533885,-45.3834959193721
168.514218947221,64.9699828362788
168.616392023808,-12.5744652212009
168.675530186255,52.9368449626399
168.863685227308,6.86770018565505
168.92436222807,-39.6128811800964
169.022974702811,-49.3706876917223
169.124797468915,-36.8254153874888
169.128058861118,60.704303409852
169.324026130763,49.2391779799528
169.526124830758,63.246145865813
169.554762680888,11.6792417564119
169.656947563078,42.4877147548703
169.740516126435,-20.2346990684273
169.825831194311,-43.4618442051451
169.843332224614,-47.5478693896137
169.848146739142,-24.2756497569718
169.913986024753,-33.7087023423223
169.954703871661,26.4044235362883
170.014573397113,58.4094599274889
170.02635838388,34.1589716429811
170.064977982561,38.2135954937194
170.486319171876,61.4930337043524
170.503485200901,-30.6661702828249
170.655861505594,-45.7214605121161
170.664165804583,2.41333269485848
170.724095129497,-41.3104636044419
170.844232753489,55.9794422881572
171.049343835021,-16.4765377855482
171.088032696402,51.300470579262
171.205144719563,30.465479337764
171.369220294836,46.7743544343656
171.393937456577,59.7120115180742
171.428779290961,-5.20390905737505
171.460484219862,-43.8914472118928
171.509388952193,-9.42811604993131
171.557417418913,-38.8903039992164
171.657824712495,53.9972766851775
171.685240942099,-27.9067131287555
171.811663586138,19.0903423869982
171.846028407425,15.3763235817864
171.947478689877,23.0829363956404
172.029834843173,-36.5871180225138
172.248032307811,57.9047376667959
172.256608508314,-42.0578509083093
172.403403539257,44.2527237846457
172.438570675663,-1.28928433474851
172.853176718438,41.0709564104293
172.875942986958,-34.5726458251401
172.997422982997,9.19015015906513
173.023581938166,-40.2118587179021
173.047771655084,56.072804265131
173.084587404144,49.3675527911511
173.127371358952,51.8766096532632
173.274975026122,-22.1139998632253
173.300892485189,-25.2340584525533
173.30658669408,-32.4339497217346
173.334475806058,-13.2648685850951
173.396023059431,35.371217544764
173.572659421438,38.2427396946881
173.691828793378,5.24573207759929
173.749647348532,-38.3494458711965
173.792396004174,54.2178016385235
173.902601618455,-19.1504700753814
174.05054493294,47.2809946867315
174.068192855536,-30.2509721673759
174.142319415595,32.3843159545265
174.149851286238,28.7428491457525
174.434505939272,-36.4714879960711
174.481220567396,52.3412970844308
174.528700238519,25.7663730593601
174.599717825891,12.8827751455078
174.674810152809,45.1030307065404
174.841710306883,-16.1754405930987
174.844259968074,-27.9835035967397
174.900672123617,-7.4720002796598
175.077858342625,-34.5789098899167
175.102629209659,22.2234150657785
175.105221956134,42.7178407352445
175.11356157108,50.4450418245536
175.163279161354,-10.6967573942991
175.166001925504,2.06914425150683
175.295747576973,-4.27054979542226
175.379197946214,19.2068361511474
175.44238306161,16.2887173324947
175.679424056545,-32.6726394448549
175.681695618581,40.3275041661184
175.688836624216,48.5307111802506
175.69846938298,-25.6806853302958
175.718880924446,-1.07246396524064
175.893850757137,-23.2734483638595
176.006801374559,37.7729518949256
176.075160380742,35.4184668633859
176.15669879686,7.36144965359849
176.206524662272,46.5999991074448
176.238739354892,10.4151596162251
176.238941882881,-30.7536051714305
176.377185381609,-20.9162222456843
176.628211905487,33.2205611350654
176.666156525851,44.6546606746381
176.715303996872,30.7747174882603
176.756168017142,-28.8227417193848
176.81260091058,-13.6509141626037
176.828005640641,-18.4793763435741
177.021790263562,28.4009550003699
177.067336451324,42.6964352596175
177.230876809991,-26.8809874758335
177.310343929087,26.2030585908892
177.342415831147,-15.9979187732748
177.367868699515,23.9045949673383
177.412854509487,40.7275142494604
177.415519162598,4.61457615889771
177.662860462638,-24.9292858061795
177.687391527279,-11.5034012542063
177.69152433676,-9.06594620323837
177.731973370309,38.7542221234856
177.740642724177,-6.7002362285877
177.752662653883,14.2136117085715
177.775427843539,21.3905392932329
177.972324815123,18.9595306982464
178.005262907386,-4.48126785681165
178.031986502559,36.7778644809169
178.051930596737,-22.9685773870869
178.0776488991,-2.22492103702311
178.093748287591,0.331999873052626
178.140536412146,16.6795005627846
178.176678962475,12.00153040799
178.283379876168,2.58639427263121
178.312841626019,34.7987254430409
178.397916140065,-20.9998088221352
178.474076206076,9.26429955508839
178.57450541488,32.8169869914018
178.618919226295,6.75931946772796
178.700664143616,-19.0239291550874
178.816949293705,30.8328068843072
178.960039666472,-17.0418905090022
179.040148815879,28.8463132027567
179.175938309622,-15.0546548666903
179.244065484853,26.8577754875857
179.361820821018,-13.0643619546439
179.428673615984,24.8673777084443
179.529618820048,-11.0724489282694
179.593951007061,22.8752838215923
179.679317992779,-9.07910225213272
179.739878677259,20.8816270816814
179.810907646214,-7.0844898605451
179.866429933984,18.886670981242
179.924380126334,-5.08875601556134
179.973586873027,16.8906010857732
180.01972796937,-3.09206223020655
180.061333923194,14.8935926718007
180.096944813199,-1.09458351984781
180.129669544022,12.8957714907287
180.1560258209,0.903484078724814
180.179387816435,10.8974216070754
180.196970138192,2.90201785761599
180.2109819212,8.89872315649901
180.21977679484,4.90085641626595
180.224446381391,6.89983641838547
