-182.575788018089,13.9624649018303
-182.574255018311,11.9657500156123
-182.552676416733,15.9590182547798
-182.54805495633,9.96923903117741
-182.504947036975,17.9551083746918
-182.497169769621,7.97323892286286
-182.432627420576,19.950491332593
-182.421580325063,5.97795686298335
-182.335748740922,21.944863404275
-182.321275420155,3.98376975874084
-182.214351671612,23.9378291424904
-182.196247807728,1.99101417988182
-182.06847103961,25.9291663922709
-182.046492780294,4.45885309358777e-14
-181.898146649889,27.9185922729588
-181.87044772337,-1.98895074977441
-181.703257419293,29.9057665303778
-181.666575058061,-3.97521401698415
-181.483056647638,31.8902452664673
-181.434883621481,-5.9583937021745
-181.237486762095,33.8717726767241
-181.175384261167,-7.93811127314868
-180.966606027291,35.8500242271314
-180.888080170984,-9.91406062130948
-180.767256320953,9.94014012737593
-180.749854549004,14.209707900662
-180.670485041137,37.824620129129
-180.611308162918,16.664272212405
-180.573006213994,-11.8857410589371
-180.496616301848,12.1073369985933
-180.425852451093,7.63975783191893
-180.349185522589,39.795272117685
-180.329914054457,24.84631918358
-180.260226327564,1.31649069080838
-180.230189230099,-13.8527531834106
-180.207935660853,20.7136098689688
-180.122696792253,28.4636093403684
-180.054398224162,18.7163194496586
-180.017817712115,22.7250942537154
-180.002771646533,41.7616890027573
-180.000407521601,5.47828582973232
-179.944061320996,3.40260074990256
-179.859654843431,-15.8147267479468
-179.782018272227,-5.36716903061257
-179.744192053437,-0.865924742276288
-179.631317310054,43.7235408317695
-179.598563891787,32.9528640759577
-179.555125918242,30.6919324605285
-179.531315960863,-3.04935841587413
-179.461421092765,-17.7713405641375
-179.373952266769,-8.7725349996377
-179.234909064693,45.6804574063272
-179.20352713831,26.5055202078033
-179.035547141049,-19.7220903581277
-178.911262924992,36.6778496199808
-178.813612817322,47.6321903144745
-178.695269450553,-10.9958712961495
-178.597692831683,-13.2435905081867
-178.582078284775,-21.6665736194547
-178.486639090527,34.7400207563965
-178.389382962469,38.7372925963704
-178.373324662739,15.1869549878306
-178.36751053912,49.5784232265623
-178.242177114525,-7.06621760148503
-178.101057086084,-23.6044164747632
-178.095517422238,42.9815458493922
-178.055521363592,9.66324613480694
-177.932342990125,40.7312334106837
-177.896697439047,51.5188016729515
-177.871305104597,-15.3476290120162
-177.676987470217,12.3764763183488
-177.592512773408,-25.5353046947906
-177.401257943698,53.4530345168523
-177.367887477085,1.17340976126539
-177.355864403367,-19.4044394125936
-177.24037072976,23.7573365004126
-177.238918141184,28.9397234225661
-177.201574801209,45.1625285325281
-177.160330600436,17.7660710245517
-177.131918061639,47.3019981631174
-177.0992753236,7.04750803748551
-177.05653189911,-27.4587207499914
-176.948011275688,20.8299988228612
-176.929665381678,-17.2352063272365
-176.890938333887,32.0126416616487
-176.881278157278,55.380833702718
-176.784346451701,-4.58541691258193
-176.741287515708,49.9450750738754
-176.639472576449,3.90548670231799
-176.497764289217,-1.6294536730219
-176.491883748954,-29.3738542106913
-176.46423417615,-21.5441432627231
-176.423470986161,-9.63062382752724
-176.336855442731,57.3018802009107
-176.228869331742,-23.9399543086562
-176.11959222828,-12.8298883819838
-175.894983819612,-31.2791896858227
-175.857724742537,37.0859502438068
-175.753308837067,59.2113660339414
-175.747619881211,52.7896173422576
-175.605645951465,26.283621461575
-175.585552596254,42.7417379357663
-175.339993735548,55.1685282896132
-175.283858212466,-27.3885044600097
-175.265709118992,-33.174157233429
-175.116397549831,61.1036991461028
-175.042229515227,34.4679504578832
-175.029331025672,39.6958199025877
-174.992876733398,47.9782172830332
-174.800332630364,50.8756513715191
-174.604216046731,-35.058093998791
-174.582847380891,14.4480939008657
-174.479386252479,-7.10624325041708
-174.429541738689,-19.1108178295676
-174.426612764104,62.9774139603051
-174.380831307418,-25.2725324826966
-174.308002413544,-15.3066503790623
-174.273486906018,-29.6633567858505
-174.008196134104,57.2589622855131
-174.003400498487,45.3138139690311
-173.941055843559,10.2791902458086
-173.91064127342,-36.9304282123396
-173.788113760137,59.5308581363052
-173.684507642361,64.8310227822953
-173.661371657233,-22.3128362564677
-173.617405106886,30.2689256287903
-173.555989957167,-31.9566917625475
-173.222313198943,54.3563457955298
-173.185129598159,-38.7905878154725
-173.114376981117,-34.4235866620158
-173.070259187131,18.513014154936
-173.046058069589,-11.3137936572513
-173.044175660015,1.00681329034996
-173.025567450935,5.91522907602547
-172.890680743823,66.6630671429056
-172.765912585561,61.7829401589538
-172.718642049886,22.638813739381
-172.66192372153,-3.23260951931358
-172.427792154375,-40.6381001883265
-172.305739183241,51.6640190870848
-172.276334266286,-27.5430651264974
-172.04576400731,68.4721395319216
-172.042797040444,41.8950540619732
-171.985064774719,-36.5227013829247
-171.938656880624,64.02431184744
-171.851923484254,48.4783547673741
-171.638818123161,-42.4723156103889
-171.381812736083,26.6613725293984
-171.313308558545,59.241960369025
-171.253218431501,37.7068545206149
-171.227865665114,-17.1583707679561
-171.179274220167,33.8554363780442
-171.167751398916,66.2054436254901
-171.150448804553,70.2568233670184
-171.128019987136,-30.2827094020848
-170.974006910804,-33.4785488816445
-170.905787740968,-38.7065232969555
-170.884530380306,56.3561948041159
-170.818383563344,-44.2926442066327
-170.664312764185,-24.7077378028211
-170.361080124801,-20.7208584321044
-170.246516612079,-7.80789583687677
-170.205505545368,72.0156677253576
-170.014964275908,-41.0202713147899
-169.966666388357,-46.0985125184413
-169.77818128178,14.3792885029567
-169.757343672792,62.0460635516121
-169.585764743841,45.1993039288376
-169.428803436661,67.7796482542225
-169.420683145207,-13.4100479441216
-169.394397349381,52.8008438001793
-169.341695623862,-43.3974824124139
-169.230196458368,69.8981102088138
-169.211671792355,73.7473947893933
-169.20154806867,-35.9717242148551
-169.08382093351,-47.8894107911818
-168.761273837082,64.7352632313498
-168.561535450521,9.33085063161233
-168.536474974282,3.12209069334952
-168.170038612636,-49.6647644916314
-168.169756186778,75.4506917357035
-168.163976087219,72.0728865092474
-167.9392302851,-27.9034091805057
-167.872251049741,-32.1734172357811
-167.774811993921,-38.9978374456438
-167.750129082009,30.6443775941533
-167.661827586692,59.1970899621687
-167.596187159972,49.4211823178054
-167.487838206481,-44.9344899870232
-167.471973531303,-3.23655819344707
-167.445533505693,-47.3923620455075
-167.422120249032,19.917243209522
-167.225551463523,-51.4239407599715
-167.110364436823,40.8717511707173
-167.080704004919,77.1241301422657
-166.924468004574,-41.9430404018303
-166.732346671359,74.5842015772836
-166.578581224773,55.1754396768697
-166.398514885298,69.5424903085994
-166.250572171005,-53.1663653274992
-166.152170629646,-22.6985008717054
-166.125940517879,24.9964800969056
-166.083738334681,66.6600160561226
-165.945364605122,78.7665341399995
-165.933707576188,-49.4975403976619
-165.796759393195,72.4368813591449
-165.70411931656,-17.4196158370633
-165.40332183046,-36.0016558044789
-165.36749454478,62.5923317531014
-165.246108343108,-54.8919327666507
-165.217914440922,-9.93393610140863
-165.02362847053,35.8074729624165
-165.013963625351,76.3231104969533
-164.908348898389,-46.488454110916
-164.826419192518,-51.8531973796878
-164.764646429186,80.3767148225147
-164.21568565585,-56.6022891682285
-163.86118099878,78.1665010767616
-163.6959153746,-43.3490259582643
-163.65563964209,-31.8896744384624
-163.593070526145,45.7036289351337
-163.539594498786,81.9533840469486
-163.401219726978,-39.648808318037
-163.3960126853,74.091183638913
-163.341889597549,-54.4126169026048
-163.159947572852,-58.2970800497397
-163.133113954563,-26.8661515502709
-163.078137732367,-48.9764299588527
-162.906324558672,15.1571073942732
-162.763710152636,70.3909854187163
-162.60855535174,57.9032514344567
-162.534195031245,51.6449082788261
-162.443798992405,79.7975615061246
-162.297544473698,-52.0127464609582
-162.284612968147,7.58089049343192
-162.274890650531,0.612032702406266
-162.271299941019,83.4953993525763
-162.165840691004,66.4994470157156
-162.079053537996,-59.9758820032083
-161.668624651839,-56.5390297936142
-161.385675307662,76.5757952263303
-161.196128999319,81.6474228981545
-160.973169082834,-61.6382708850436
-160.961244379139,85.0022061053064
-160.73780038331,-45.7473407974535
-160.461927321271,30.2204718397512
-160.288000254809,-14.6437020200927
-160.252017910377,-58.58891338206
-160.081150452474,-54.1091946849867
-159.999485409119,62.2244545472778
-159.907966437399,83.5533003362799
-159.842426763264,-63.283877897056
-159.780631013164,40.5543538228042
-159.723711382877,-36.0088551098369
-159.610632533505,86.4728348960018
-159.490457907074,73.1049334537884
-159.48633213934,79.119541302659
-159.433157250743,-50.08603192206
-159.394645728105,-5.87380695785409
-159.248547848459,-21.9551893183798
-159.202450148451,-60.8167954139727
-158.75801933261,22.8704309596278
-158.686949589314,-64.9123484036509
-158.269439794831,85.0468987906559
-158.220687640729,87.9061039899437
-158.167262493575,-41.3292891950105
-158.124193353802,81.8054483626628
-157.849240076892,-56.394192189567
-157.620970748092,-29.8581952760608
-157.507009028206,-66.523127011682
-157.491089098832,68.544852205548
-157.171992863019,-62.331434397374
-156.883530151435,76.6732354814494
-156.7923139596,89.3012327851773
-156.741091763739,55.2902738126444
-156.676162389305,-59.1179348297509
-156.647651349045,-64.6132271333496
-156.622246053714,86.7000261412878
-156.302795969534,-68.115786406103
-156.104705565265,-52.5860133926671
-156.044973656191,-47.0767041381169
-155.838778683765,47.9160364726126
-155.664294160564,9.39044546947733
-155.660251619228,83.871302912822
-155.61545575951,16.5352813669998
-155.480279744612,35.2903163625797
-155.326609560402,90.6572881716214
-155.187369602534,80.2217395074696
-155.074507853028,-69.6898986495895
-155.001950607715,-66.522540632813
-154.980052466103,88.2710904399428
-154.850759960525,1.67912784295592
-154.350740232969,62.9442234676609
-154.040339730428,-63.7043288688317
-153.986425905051,73.0426089432174
-153.913067088854,-11.6385057808732
-153.825038362408,91.9730823784189
-153.822322128828,-71.2450677783792
-153.719695742231,-68.7056945280553
-153.650940702642,-60.4502938470903
-153.416667665946,85.969980264246
-153.412211560913,89.932333457681
-152.982713949047,-55.9102156070699
-152.606890192824,-35.6095737972429
-152.546361153512,-72.7809665426812
-152.383730506685,28.5354662732492
-152.380266683366,-18.8028879228055
-152.288461570757,93.2480322128639
-152.068054541496,-66.4400134502887
-151.77799642969,-43.1001703860815
-151.679248438979,82.8050545037689
-151.642273273103,88.1780521838184
-151.631926699313,-26.5846621416621
-151.55107334199,41.8837206880266
-151.454911128622,91.2881279431275
-151.4193623702,-69.4931056857231
-151.298697287772,78.0993367361332
-151.246951931924,-74.2970272654593
-151.224407411149,-5.41844050882847
-151.032468568075,-50.4258993205439
-150.922658150767,-71.8829497560128
-150.718042612903,94.4813247598276
-150.164252332703,56.2755402677972
-150.108805493205,-63.1500439894244
-150.079106287555,22.0266312319417
-149.924319146243,-75.7928196372123
-149.914748398526,68.1585186615062
-149.601645056824,92.701352344308
-149.180864016673,-58.7947489930742
-149.115363152265,95.6718974911259
-148.958018500655,85.8478416437815
-148.885566057746,89.6192035351
-148.873512830471,-73.2658745754285
-148.579336446119,-77.26853436427
-148.44728055766,-66.5903888843363
-148.422458192498,14.3379061011868
-148.39522866461,7.27017127376004
-148.334140468691,-70.1509041200744
-147.999709291404,94.3156225370729
-147.986807889174,-75.5792800645272
-147.905373583951,48.9115106325502
-147.557532882363,35.0591762233151
-147.48132609041,96.8192660364519
-147.214014962857,-78.7253478279542
-147.138556853073,74.4204190403776
-146.608534789759,91.3482425765243
-146.60609800723,81.7151635126604
-146.474065994342,0.414786647360689
-146.272286513264,-13.3853534429066
-146.044099491554,-74.2819163306574
-145.922155113296,-77.0927628225186
-145.828524661632,-80.1631174349707
-145.817108465426,97.9227703614443
-145.755768062693,94.2952925705199
-145.715987156963,-54.6978116962453
-145.691708462874,-31.1216358054334
-145.659591474492,62.0493551857432
-145.355368611614,-71.5104615842458
-145.349706305648,-22.1111761186968
-145.275924245986,96.3440912887723
-145.021338378617,87.3936136373959
-144.929221036884,-38.7575470099275
-144.764459933905,-61.8919356691595
-144.552843057796,-46.7098277412241
-144.474552223688,-67.2778237001624
-144.423065160642,-81.581480420531
-144.323739146591,-78.621325545811
-144.137990552274,27.5821624071933
-144.124443373272,98.9814554778299
-143.796096382292,42.192306012272
-143.372527919116,-6.11020114365766
-143.332368760205,91.9524649678232
-143.196544497822,97.6240354985883
-143.179893345057,-75.1315273723202
-142.997915941821,-82.9800028202703
-142.842307706374,54.2401486778181
-142.703221846459,95.2057224859051
-142.645647157517,19.4716501801213
-142.637495855335,-80.539147122662
-142.404176149913,99.9949932057368
-141.668096199761,77.6680958335219
-141.553281006834,-84.3583356308337
-141.515117427458,-78.0172035071391
-141.392590125862,68.7209399110988
-141.230408405089,-70.9485375389323
-140.980533716682,97.9938906159708
-140.892307663567,-81.9761280740385
-140.878677960899,11.8941785702238
-140.773809304735,84.0489326405666
-140.657539655838,100.962835645823
-140.632736318956,89.5358725077339
-140.517826990103,4.9244750742314
-140.174950166588,33.8591379305859
-140.089370183573,-85.7161293841567
-139.874871798563,94.4769903092372
-139.396232783619,-27.1534134038029
-139.340051524269,-17.984749882164
-139.275507830253,-65.2033117483382
-139.21546289352,-74.9618791747463
-139.201957630691,99.7601735339457
-139.002603839209,-83.2763358035973
-138.929127548375,-79.580287489176
-138.887277517849,101.887427169116
-138.606399222348,-87.0530341826003
-138.343555509494,-58.3489153606265
-138.279154382321,47.5104437496389
-138.250262160078,61.605510989886
-138.144641713518,97.5060173640468
-138.141656550661,-10.8075977973088
-138.090327850155,-51.0805758503475
-137.746427047849,-35.005047340821
-137.731009093017,-85.7976569892149
-137.577731463692,-42.5027936104046
-137.282554715334,-1.19600720688696
-137.193003373975,24.1895442868259
-137.106463162492,102.79032372405
-137.104589894832,-88.368699735878
-137.016065151759,100.713502040511
-136.778303372107,91.9680560875909
-136.448691755872,39.6489049033464
-136.350153805275,-83.9788973731458
-135.912425010953,-80.7450470116757
-135.86403770402,-70.2032895026498
-135.825013885755,73.0516026817979
-135.767433812658,54.7680277866976
-135.584049013073,-89.6628769715279
-135.556360563535,95.6648689866848
-135.421725514815,-76.246168022519
-135.384207655652,87.0134725743757
-135.317374332717,103.676142110483
-135.293195871637,-86.7605264604499
-135.230812813446,99.2047123632181
-134.772362915846,16.2659289728824
-134.642361450941,102.068288818769
-134.045098827299,-90.9351343522707
-133.8897881314,80.0315729150514
-133.845609984132,-88.7346665716982
-133.742222299628,-22.7654617003305
-133.611295137793,30.3083314013096
-133.519299334919,104.545165985217
-133.330417264786,7.54358411461953
-133.288845955371,-83.5060988717182
-132.488014086375,-92.1850913513564
-132.461498742232,-7.12512409772326
-132.450458116187,66.163583326609
-132.346134096144,100.559929077869
-132.163093378165,97.2734703915706
-132.117149865825,103.0776737768
-132.088757464586,-86.4956827297799
-131.768231475398,92.5056543519379
-131.740494431983,-47.2408565078383
-131.713388451529,105.396774298198
-131.627369773119,-63.7291528247001
-131.54953008398,-89.6393930266152
-131.541363538977,-30.8013902148125
-131.508117941934,-78.861308235646
-130.968103672913,-15.4837366744307
-130.913042137229,-93.4123964704116
-130.590950391356,-72.5163965709649
-130.368896731836,-91.4674607345346
-130.3256691811,43.8909611565359
-130.147877514488,-55.1628502695887
-129.899715688768,106.230884375537
-129.886815920219,103.823590494499
-129.863389128563,51.0212433131348
-129.804905354864,35.9025621512301
-129.752564522266,59.3398884201202
-129.643474560801,-39.0622141283197
-129.584566760527,23.0153268840436
-129.356104976317,100.808597254604
-129.347985214203,-0.112307347566069
-129.338159311625,-82.8461531065299
-129.32059059958,-94.6170782324338
-129.120493249625,87.0044590938835
-128.881966792053,-87.1880368719118
-128.575738254035,97.0120170193149
-128.418621372856,72.3143565684582
-128.372202207936,-92.9826834113069
-128.077364045842,107.047851185671
-128.023368378319,-90.3310378503111
-127.849620758445,105.054978063682
-127.807417194127,14.4088339313694
-127.715317310643,-95.8044011219723
-126.854674683953,-23.8819999942385
-126.818342205558,102.523938710491
-126.80769866577,79.5387067439992
-126.612463001475,-94.4018649787824
-126.24754578065,107.847065420978
-126.098845836853,-96.9764007380927
-126.046836406099,92.8767345516188
-125.819458693699,-77.3178590412106
-125.681952375466,-8.74774669696763
-125.647287223636,105.799721898916
-125.561979387153,6.4312326683932
-125.259544134673,-92.2323735685327
-125.198617098675,-83.7521891962713
-125.091160647912,98.9086234160241
-124.990209488014,-88.4201897093191
-124.977838216045,-46.8689561048473
-124.775200356639,-95.643676301293
-124.719365177334,29.8292146968755
-124.493431418855,-68.7016057990585
-124.471309092823,-98.1329633992536
-124.41037721837,108.628429140566
-124.150535319551,-61.1287907036323
-124.074064897386,-32.348408464767
-123.923485524393,103.268264608973
-123.847425008161,64.2101030476503
-123.425553539957,106.747951868257
-123.353423282688,38.8957049976987
-123.233649053758,-16.8289679124244
-123.140224105562,55.5120640446179
-122.994367041775,47.1504389417493
-122.832842323564,-99.2739767604681
-122.688374320216,-94.3406454332375
-122.650486507851,21.0196207528117
-122.565449853963,109.392059585461
-122.534330966721,-96.9741376522727
-121.786956808805,86.799057093179
-121.76943738835,-91.196715290494
-121.654647301651,71.5971363061079
-121.63286268682,-1.96070058892822
-121.579892405073,-53.6805547306314
-121.183583082666,-100.399329895403
-121.172099133365,104.506618409843
-121.165720262202,100.01280589454
-121.156699479425,107.681639682776
-121.103704100115,-39.9032656163254
-121.006756229467,94.6696621726197
-120.713004649799,110.137793367349
-120.658470253088,-97.995804228847
-120.577788022166,-86.7193582239983
-120.291056938556,12.6898667358411
-120.195625034259,79.0672717314308
-120.070133795276,-80.8013412935841
-119.798477768517,-25.2319652140414
-119.583539871285,-94.7606239764891
-119.52356650237,-101.508982648505
-118.990611301407,-99.7256912027807
-118.941963816406,108.693244155154
-118.853617539832,110.86534457844
-118.440551508619,105.890176002046
-118.319184107784,-73.4562243675777
-118.209513234499,-9.95245435050503
-118.186658554143,4.73798832594343
-117.853047360018,-102.602749877373
-117.806439313031,101.883852229811
-117.742594835534,-97.4138837542022
-117.457431882253,-90.6954687530282
-117.32747329428,26.7680535579718
-117.276286591221,34.3798475989886
-116.987417442975,111.574616271603
-116.969398750067,-100.713475655651
-116.743074520914,109.690050050708
-116.682980537062,-47.1653273242084
-116.572242392058,59.1390441359713
-116.530314715698,-66.2303350767419
-116.406538267046,42.7925090481907
-116.273963533242,-59.5859964066521
-116.218396475561,51.0009251056994
-116.172179094543,-103.680519978801
-115.972572889556,-33.150187666134
-115.929605211976,107.397216527622
-115.72091985555,66.4555509988463
-115.653671677621,-18.0513220178318
-115.651603362995,97.2393650899938
-115.375110661736,-94.43691398909
-115.216646292838,18.618706908851
-115.117960841625,90.4416940951
-115.114116556531,112.265664272237
-115.011656955184,-101.922183612623
-114.97314390132,-98.5218320505559
-114.773409130789,103.709042223705
-114.726632308117,-84.9752031142383
-114.681177046678,110.7433766537
-114.481107975646,-104.742189375014
-114.274555976971,74.3208556317037
-114.226520939192,82.8976415686669
-113.440638114278,109.027594082935
-113.392016348578,-3.24167934700827
-113.23391563695,112.938355170381
-113.169013094306,-103.2510233667
-112.779982372354,-105.787656301635
-112.525285697206,-40.3434211133601
-112.460010104288,-99.9776511629462
-112.451764994171,-26.0711773857583
-112.4339129988,106.136763926012
-112.258730326436,-54.1187066931482
-112.256730756153,11.4947426725462
-112.160038784366,111.382454488141
-112.009208488586,-77.8058076098508
-111.97897514065,-89.9929518932399
-111.716032435423,100.459411693631
-111.53193944075,-95.7829307565903
-111.347443796077,113.59275511849
-111.236115423339,4.45459736905862
-111.090016821873,-104.570791991623
-111.068952705831,-106.81682088287
-110.533775482221,-11.1982840920971
-110.525427089031,-102.012291580252
-110.311115318508,109.06893748542
-110.079669611475,38.307023084908
-110.018177318396,-70.3187762435941
-109.870537281442,23.4063770015224
-109.843892001985,111.892456356514
-109.747734306412,30.4962933828684
-109.455028977992,114.229243810435
-109.366652483714,54.5809524016901
-109.348171397975,-107.829585204863
-109.293650261746,104.935655377078
-109.285262969084,46.4766423267935
-109.056840588152,-105.420795790423
-108.744601128073,62.0878931488304
-108.533855075148,94.0826733825449
-108.45641790406,-98.4699509914423
-108.252737581764,-62.1651562169455
-108.201586359433,-47.8532062939545
-108.172248576773,69.8838867117149
-107.915080951189,-18.7717903895649
-107.908090968498,-102.709460018391
-107.892583853107,78.2693358644728
-107.756791614142,112.381839840506
-107.61760630007,-108.825476106372
-107.603901209907,86.3994179717799
-107.556794601166,114.847760419786
-107.493184604429,109.158892518566
-107.389554185072,-33.5778944937935
-107.291615764755,-92.2487329701589
-107.24783687114,-106.781009487034
-106.671597203445,-83.9823206727844
-106.489565562012,16.5709075151142
-106.188865840319,100.161770146402
-105.875802186905,-109.801621214353
-105.77603613192,113.716140490489
-105.683904377807,-104.737927451116
-105.652567518901,115.448332121835
-105.56659620014,0.81195230743495
-105.435999161333,-108.212234723072
-105.293433878038,-26.1892160921663
-105.274396168468,105.310412042031
-104.951742420077,111.46909244702
-104.792080058525,-5.97472528170557
-104.587336303678,-100.885644773686
-104.365784278695,-41.4782879542966
-104.315599097294,-76.6708696422052
-104.122662120439,-110.757249697638
-103.993317044194,-96.1771975732098
-103.92048599828,-55.3168855260958
-103.897661950957,8.73767316357437
-103.816620107584,-106.856464484286
-103.742536144413,116.030867283692
-103.736776105769,108.591876684672
-103.414934226324,114.043667994612
-103.067173879319,-109.427580351615
-103.028502648469,33.6612557459614
-102.835287505444,41.4933642506829
-102.563480280538,24.5085948386394
-102.556390098382,-68.3106145033338
-102.361072845123,50.2336258747054
-102.358400002901,-111.692176534362
-102.116998023102,-13.4665783822156
-102.04987376116,-104.018566310846
-101.827155089952,116.595201911603
-101.673775391232,111.794686552685
-101.646648273976,57.6329697206637
-101.491208962188,65.8037526880735
-101.339856360666,-88.5001351015336
-101.329778863804,73.9878573344272
-101.29633161139,114.99543840432
-101.020307813807,-107.546299734157
-100.919678251777,89.8018908831189
-100.915519763468,81.7027538834139
-100.817763267288,103.502392956819
-100.688948146962,-110.337196443889
-100.688564552704,96.7829569100449
-100.58323342108,-112.606218496638
-100.233849168628,108.262324987089
-99.906571216764,117.141273580671
-99.6644975856467,-48.6353138472591
-99.6401692090807,-100.213698178694
-99.6140057850467,-21.0905929638175
-99.3883472583923,113.348668316073
-99.3153773717326,-35.9443048292762
-99.0771614971462,16.4343333037175
-99.0282818919953,-61.6111854411215
-98.7973836443984,-113.499194235773
-98.6839713109921,-29.3203179336584
-98.6781609453617,115.611443509487
-98.5992261749301,-111.580896217897
-98.4022158327066,-94.5008911979878
-98.3863356436808,0.965408472895328
-98.2328451068688,-105.06497240964
-98.1723448677351,-108.626556532205
-97.9809345392386,117.669021946591
-97.4817276754652,111.04632280616
-97.397882665912,-81.7393624325871
-97.3268819180851,-74.2300610711671
-97.1115285306006,29.7855466766726
-97.0010756207159,-114.370924368293
-96.8716212116911,-7.55297050815501
-96.6443052783744,45.6262357935095
-96.3808853211916,9.10591655606134
-96.3335827748508,116.254623334214
-96.2085262213986,-112.914131498883
-96.1345006405927,-110.664202687115
-96.1085227078269,113.946491571377
-96.0503982239125,118.178388938741
-96.0215669210196,106.94657718215
-95.5894742261027,-42.0841209236997
-95.2667759015198,101.381498217536
-95.1945379697995,-115.221231562719
-95.1876929906483,37.5757857875451
-95.073468042052,61.4535047071958
-94.8503117239092,-102.348919850786
-94.7908461527808,-54.9937740233158
-94.7391259878649,70.2797503116991
-94.591778833745,-107.473195684571
-94.39258221337,85.620116722159
-94.2319353227651,22.3507629607525
-94.1485671474034,-16.2918104543625
-94.1217412682565,116.742392707741
-94.1151185787041,118.669318958279
-94.0598199020888,53.1776410200726
-93.9189865377092,-113.577463547934
-93.7371418947605,-68.0193722925317
-93.6433091322736,77.705336647162
-93.4772712436642,111.071139685793
-93.3779707629976,-116.049955090274
-93.3146575444801,93.7325251102338
-93.2975264156839,-110.951148972357
-93.2198034531441,114.407457339386
-93.2173768739685,-87.9268899547359
-93.1634968545469,-97.1221549921803
-92.2907716004471,-25.1428700857757
-92.1752550317534,119.14175908086
-91.9262320925601,-114.847015329093
-91.8194623423557,117.269436224488
-91.5515714255733,-116.856937344727
-91.2017994460719,106.710170793708
-91.1913014537678,-33.8275772167558
-91.0207276940515,-104.807617349553
-90.8626131294455,-2.43142969353293
-90.7519895802194,-112.636179603551
-90.5763297631047,4.76092890633657
-90.5441531793672,14.8545016727595
-90.5164155576537,114.62554422562
-90.4830546656312,-48.4495581227113
-90.2349315198556,-76.6447489770867
-90.2309096899852,119.595673062447
-90.1900246626204,-108.880534824413
-90.0935233076304,29.8411573325111
-89.9572155025689,-61.2870421299138
-89.8928671902556,44.8831787953368
-89.7156388175609,-117.641979746625
-89.6318653484132,117.851596924208
-89.4943731416988,-11.0117547385135
-89.4687232523916,-115.083303209972
-89.451088946944,111.373383654655
-89.0559248718358,66.5544607810716
-88.7769312337718,100.982391101245
-88.2821630595271,120.031030709797
-87.9965426225381,115.693667690764
-87.9784399235411,-41.2163266352446
-87.8704162260909,-118.404913564927
-87.7682514329474,-116.581644399833
-87.7524109255377,58.9261917138278
-87.6507728038652,-111.395112281938
-87.6392892387521,-100.623822083476
-87.5738046087307,88.9249836009009
-87.3817210966796,-92.2811680854361
-87.361614363396,37.1269503929118
-87.203017597038,118.404841902782
-86.8855598679593,81.7459343992703
-86.7695395010205,-19.8729020712807
-86.5241440620001,-83.7597846203695
-86.5126135919939,-114.198966789403
-86.3595441907879,22.0326984449642
-86.3293757097998,120.447739807963
-86.197744935989,73.7464054508269
-86.0770838603955,107.506254207145
-86.0275530407357,-69.2157963153784
-86.0161045991588,-119.145237961266
-85.9613908865526,112.954190076919
-85.8295987360803,51.5740629738351
-85.8053693736308,-106.214271944241
-85.5949450870566,-54.1110776716803
-85.5385142657635,-117.119212426692
-85.4493686703993,9.28798431104993
-85.0786976510444,116.56082326222
-84.861790778658,-28.4847069592898
-84.7214852830486,118.966279015098
-84.688735430483,95.3765374891648
-84.3727138454417,120.845739570185
-84.1923443006905,-5.64669944394829
-84.1498008140636,-119.854931874386
-84.0169421509925,-110.419456245466
-83.5612959886669,-114.555875740127
-83.4556925176665,-117.834610312235
-82.7428934565009,29.2609788133021
-82.5427641009183,-36.5357599410724
-82.5212497409243,115.325983065396
-82.5018742902105,118.798261654035
-82.4720459711297,110.643331208166
-82.4123510640388,121.224990984749
-82.3824863310664,1.43301298974099
-82.2804697658653,43.9992025525618
-82.2707624048783,-120.530162058211
-82.1797152449329,-13.9522434549988
-82.1638335023298,-76.808939168035
-82.1242778053704,65.9408213132096
-81.8741466851911,-61.6228915873976
-81.8161659705127,103.416930662062
-81.5745444351936,-119.040742898325
-81.4695547342995,-46.0603226533106
-81.3745785208913,15.6575945103798
-81.3352646481411,-98.3050843885538
-80.9415193659128,-116.009469514301
-80.6373594697074,-105.306386086517
-80.6256179894855,-90.1330142532444
-80.4489038542295,-111.59881508237
-80.4484642131516,121.585462276229
-80.3795782052107,-121.170554727989
-80.2357775701205,119.947104527594
-80.1875479127115,87.9155004379319
-80.1691269883424,58.1581715405674
-79.9185196750139,79.5003282532715
-79.8345943912094,117.49551722252
-79.7604743463814,36.49349734239
-79.4362963466795,-118.430377731012
-79.0982086617195,114.001224941312
-79.0916203127424,-22.6022540723895
-78.4812326918383,121.927125807508
-78.4768482232668,-121.775741624574
-78.1481729376037,-69.0664895330931
-78.1009975995232,109.169466322017
-78.0948254805046,-120.219716769295
-77.9300394750811,-114.554149287188
-77.9172480197338,8.24105408935411
-77.8943134400486,22.2278843506775
-77.8273826442643,120.109590068859
-77.7818138665206,50.6280194220965
-77.7376796926329,72.2691786763251
-77.6925871277355,95.8362405808787
-77.6375065032562,-84.0077256176375
-77.5914684211876,-54.0386165016188
-77.4260620959352,-7.1296335448259
-76.8315631662944,117.638681099289
-76.829868583172,-30.5237925788321
-76.7231929299396,-117.637682482804
-76.5874009683276,-109.082599813431
-76.5631838124771,-122.345360238374
-76.5108383242203,122.249958293636
-75.8010692023567,-120.511145937298
-75.4452806164379,-39.3916705605195
-75.3795589823255,114.35957549725
-75.3184849172557,120.414937782135
-75.1373823965215,-15.9939365101684
-75.0934077774372,103.608123512102
-74.9904113246566,29.3540150932256
-74.6480340292604,64.3324302946889
-74.6392078445057,-122.879054044723
-74.5374652175436,122.553941013821
-74.4713375231463,-94.7407999428677
-74.3927493710287,43.1796180494865
-74.3697152392396,-76.1956109403681
-74.3193053088355,-114.033580728446
-74.1052308056974,-0.0635932616405303
-73.9199405128218,-102.378829119518
-73.8485460770813,-118.066311615031
-73.7995627450478,-61.7419138800689
-73.6509149336777,118.086669487948
-73.5771383285633,84.0606257060633
-73.571569646452,-121.03611927995
-73.0881034764516,110.504518506194
-72.922354108328,-47.2730356574557
-72.7563027103737,120.860785268732
-72.7054719395855,-123.376493256147
-72.5834808866889,15.5654989142754
-72.5612996042917,122.839060020466
-72.3293723909923,56.4989418714004
-72.1304986317428,36.3339444104734
-71.8798033293667,90.7314082771988
-71.7353358784655,-109.742365563516
-71.4037777040965,77.7331066904113
-71.3977501074237,-121.686029514342
-71.3110890924878,115.387397570047
-71.268538402137,7.53467295380354
-70.9431223669593,-119.102242308946
-70.8112124097359,-24.0547366679967
-70.7626579517188,-123.837321047883
-70.7337374363355,-115.499670297983
-70.6021217556509,-8.96755051563874
-70.5825296679454,123.105306344112
-70.4583465067454,119.056882479544
-70.1996173220782,121.487760267182
-70.139509338883,-89.6952881979746
-70.0679282109984,98.1454826260792
-70.0570637258773,-82.7777100035633
-69.9804753562156,-69.2410497271952
-69.7248432341593,23.3712086870548
-69.6916868736427,48.58634131375
-69.6846434047971,70.4562642567838
-69.6651629165015,-32.7890735718188
-69.2709100820053,-122.276329186178
-69.1713169541638,-54.8465798597242
-68.8913108664533,106.504830920046
-68.8114627908946,-124.261189598097
-68.6011814470089,123.3526958659
-68.3061840780679,-120.077451151874
-68.028194512141,112.516187440152
-67.8715052492951,-16.030635312249
-67.7738641424062,117.393484470059
-67.7035082438044,120.980836996945
-67.4124735105247,-40.8514513761942
-67.2842693822099,-105.943317943229
-67.2383730976186,-112.62585870604
-67.0844108574015,-117.181762663146
-66.9326410770852,62.73500247444
-66.8946128039621,-122.692839078373
-66.8925507454239,31.1826135318386
-66.8525570332263,-124.647768428879
-66.6302397669753,-98.2132320889064
-66.6175016087102,123.581219334786
-66.5620062086866,-3.87190644063729
-65.9822208591243,-76.5600306439937
-65.8926124934325,40.1993262384454
-65.5281792998138,2.79319173227775
-65.5149914365744,-62.359815158862
-65.5071091882826,85.0927195891033
-65.2649972332451,121.683046297519
-65.1182551837947,-120.411079868511
-64.9039723578331,118.966720277745
-64.8866236878932,-124.996734393501
-64.8047798681514,10.9947251296374
-64.6413651245176,55.059817970229
-64.6317545674814,123.790873554722
-64.5483885675004,-123.15658624744
-64.2982222198593,114.826780268013
-64.2851808604087,-48.2481476660451
-64.2436439441717,93.1005171237504
-64.0083598514031,18.1634870313563
-63.9990177966837,77.1350574977424
-63.4129042875821,-116.688754679976
-63.2489910961741,101.342349314572
-63.1213487599199,109.013969052692
-63.071932700386,-27.7196589996532
-62.9178660688614,122.285796056829
-62.9144673312086,-125.309019962097
-62.7519405147841,-92.3523195744961
-62.6495442131758,-20.2280028503865
-62.6440592656315,123.982031696516
-62.5684939261304,-111.512658688167
-62.421914854319,47.3344266584448
-62.4034648749329,-84.774391127706
-62.3284263452448,-123.401299164798
-62.18334463543,-120.635590367679
-62.0741908775816,69.1794068670968
-62.0703644558366,120.264905773186
-61.7421839349897,-69.8573476204043
-61.7260220469808,-34.888916786888
-61.6929117000893,-10.8086124598669
-61.4506266059699,25.447316418395
-61.2022648720918,117.313312552667
-60.9383252185192,-125.593928280861
-60.6554973013984,124.162324943048
-60.6436053270617,-55.7273042150489
-60.5882690392255,-104.660502638513
-60.2162086443462,122.38191227444
-60.1435560343551,-123.567667932454
-59.8286055155984,33.3179725561779
-59.7133194204652,-116.971460427093
-59.564703872191,112.974260387445
-59.194566450978,-120.822793028911
-59.1758056264039,61.2297214229554
-58.9585548857178,-125.853380750468
-58.8757335030127,-3.52671326589928
-58.8494165346646,-41.6406257457417
-58.6681607423892,120.092064600564
-58.6663556138306,124.33516428373
-58.4998478400564,4.80976258903125
-58.3318481056909,-77.7697687693345
-58.0024421581104,40.2681946025833
-57.9942140123716,82.916152053462
-57.8744413604876,-123.904159724423
-57.7962467315082,90.5399073324041
-57.6134440934708,-112.185274112937
-57.4890185524264,122.428700304149
-57.3371607399129,-98.524576242333
-57.2583288953345,-63.3160479904312
-57.2430045395268,12.717675927018
-57.1853331511772,117.037195573559
-57.0531994223731,98.4275396410959
-56.9755014882675,-126.087238368676
-56.8607451686159,53.934356519062
-56.7206317262339,106.876600744706
-56.67672106832,124.500949135579
-56.5092538637197,74.9721530939615
-56.4668653630553,-16.1050927315918
-56.3046503258799,-121.320422753274
-55.8656101591545,-49.0042983207781
-55.8318371427103,-117.656468521319
-55.6541799797314,-24.6141024204984
-55.5278429902909,19.9384740147548
-55.5269481543851,-124.218636782269
-55.4799319460576,-90.9073314829911
-55.0889854555434,120.304959589753
-55.0175671729098,122.79954087567
-54.9896441191723,-126.295354451042
-54.8560947296868,47.2008739473888
-54.6866054202346,124.660096621753
-54.5283843131847,66.8281789201149
-54.4844600364373,112.724241763362
-54.4068344673843,-32.8661583580416
-54.1544947190938,-84.3744041395341
-53.8278330456467,-71.646391997058
-53.573516272558,27.3750045198159
-53.4877026039551,-106.88527065264
-53.4339775700293,-121.724308766871
-53.2329148071023,117.065362237491
-53.197868369477,-124.450926361846
-53.0013189167323,-126.477606837049
-52.6955107192551,124.813072229972
-52.6323103402446,122.815726108404
-52.3993311370259,-113.545656186479
-52.388392783015,-9.39903324406754
-52.2311754875927,-56.7039259942001
-52.1348437782754,-0.930080251562366
-52.0080735276527,-118.567401261214
-51.7788042467917,34.5862311599024
-51.5619003505847,120.276075989137
-51.3001943335996,-40.8642792341854
-51.0997118452953,7.10758994789906
-51.0114497574515,-124.957610823299
-51.0108663184387,-126.63387775977
-50.9622526316528,58.4847678554023
-50.9324630557595,88.3459864366559
-50.7041427504122,124.960257419814
-50.5071560933025,80.7025857121681
-50.4442592867219,-122.506946309621
-50.3253801169497,96.2045785519005
-50.1162460074989,103.732927972651
-49.9401572298295,123.010821335401
-49.9002132987451,41.9491337234764
-49.8767182970452,110.836780959357
-49.8343195134806,-65.3971603611004
-49.6563263480222,-101.183277637666
-49.6420927078885,-18.1295517202614
-49.6252611385445,-78.782775877252
-49.5153049038337,116.307671224243
-49.2318734050133,-94.4763457525957
-49.1838160769132,72.7780850358329
-49.1266253266303,14.3457657932328
-49.018470824253,-126.764063397911
-48.712575442684,125.102093531403
-48.6859319840564,-124.769158899251
-48.5191360942096,-119.939143560741
-48.385011427473,120.485957893247
-48.3801977621171,50.70627001891
-48.3233643148839,-26.3555336555177
-48.2996411717321,-48.2900477358115
-47.8454729107233,-115.482721680858
-47.3825017104753,64.7878702074101
-47.3509618164502,21.5225260429135
-47.1673263276265,123.132578713038
-47.0243652636609,-126.868054135355
-46.7381824256594,-122.611681953212
-46.7208753372501,125.239029191369
-46.7111767697427,-109.697414546182
-46.6792086410044,-87.5642029736589
-46.4000154775504,-125.121587031396
-46.3325092097656,-34.4174211578811
-45.6806814476085,118.543107116485
-45.4864452570498,28.5869467489339
-45.2863970142336,-72.1908179330063
-45.1202522715258,-5.03817316475582
-45.0291640320716,-126.945726807342
-44.9789324648037,114.606050984832
-44.8038180715364,2.04542077444652
-44.7283350624601,125.371568677323
-44.661189336494,121.372832208761
-44.6271463148635,-118.885305736668
-44.6165283803897,-54.545088385117
-44.6131710555844,-61.5465942265312
-44.5264653924982,123.786967930123
-44.2163915738442,-124.87260715166
-44.0002688767407,-12.474861951859
-43.9914353887443,35.742243045577
-43.981024409796,93.5533576504889
-43.81794546465,109.100783216581
-43.6567507417299,85.946429403983
-43.6275908989109,-121.770043480829
-43.1254171677203,78.2731546528078
-43.0847291340606,43.3416985654481
-43.0332246662882,-126.996981991015
-42.9415725395182,-102.859757958812
-42.9095818307393,-42.2334827196857
-42.7800830193468,8.65258737220197
-42.7357231838068,125.500119590928
-42.7043217883039,57.0775319408528
-42.6427415275714,101.779456945371
-42.4947095839114,-115.025166667264
-42.4161000283245,-80.987674344222
-42.0485997899302,-20.0347194290758
-42.0216224559079,122.699991799068
-41.8605460918655,-123.399712731574
-41.7459943757014,-95.6700000905196
-41.7221396292505,70.8365073871492
-41.6872654385752,118.702129997736
-41.5894360660409,-125.46768816516
-41.0367839584152,-127.021729662598
-41.0105934722246,15.7135379504773
-40.8983385356361,-28.0134749866484
-40.8128355426125,50.2740227142498
-40.7431534831139,125.625135606514
-40.201399659509,63.5518777703868
-40.0528152420304,-119.42662022578
-39.8808278819989,123.714622466403
-39.8317393954534,114.219558140696
-39.6691971782225,-110.120911169931
-39.6424396219695,-122.662654069956
-39.3676936325613,-49.5691619670721
-39.3243467002577,-66.4449056277716
-39.136054913604,22.6978066431734
-39.1239920128444,-125.23199591006
-39.0594987709227,120.798057613844
-39.0399482623669,-127.020187714186
-38.7500606954343,125.746274797908
-38.646895917606,-89.0417263167096
-38.337944514413,-35.8936436045887
-37.854211411508,-74.4893377995072
-37.7081927018118,-6.94591598069809
-37.5612440383522,29.780762149937
-37.4529475109559,123.620686887513
-37.3456788111891,1.10836190904722
-37.1858223204667,97.3673993211632
-37.1341310149051,-115.843393296302
-37.1231841723792,-58.2257429002698
-37.0598458393192,-122.612417972807
-37.0463661724358,109.023521953125
-37.0434485858355,-126.992473292659
-36.8240577562523,117.194109568332
-36.7567207748138,125.863218201081
-36.7480523503584,-125.274613465564
-36.6397430402707,37.1378080699328
-36.5651518392027,90.2685458926882
-36.4995773521866,82.4437738475913
-35.8329415864044,-102.857150751901
-35.6938383902657,121.013949695644
-35.5198235642354,-120.131599716621
-35.5094744225243,44.506438410805
-35.2896670887755,75.0378438257327
-35.2500613687704,-14.1861458718076
-35.1554232879564,9.21492004359815
-35.047644541572,-126.938515751993
-34.9871693844597,123.928437980965
-34.7634536958713,125.976351397752
-34.7560047273596,-82.3676367435229
-34.6959200102388,-21.8879080371273
-34.571511923528,-124.030741210278
-34.3648638225592,-43.6284906087556
-34.2003865199791,53.0177363595224
-33.8773381804236,59.6583665596905
-33.8592641521153,67.6290409117653
-33.4583591618057,-96.4460823470162
-33.4268815219961,-29.232914113235
-33.383875922852,-110.793730638806
-33.1847586545838,102.690472087221
-33.0524848277196,-126.858230671806
-32.9815782271056,16.7265911023306
-32.7696183594704,126.086106810864
-32.7302996774475,-124.912586688302
-32.6998574607181,113.84361076275
-32.6346526421595,118.629252997941
-32.5363106253184,124.453324240043
-32.4909880950351,122.057998557189
-32.4483210384222,-116.859820258705
-32.1814242909393,-121.478376964244
-32.0945330384182,-67.8292392704853
-31.8522535863989,-51.9031540497051
-31.1061446505454,24.1209988406583
-31.0585868352283,-126.75155741148
-30.7758058554068,126.192837931199
-30.7592620678314,-4.58691037493538
-30.6504266797739,-124.478859940214
-30.6053779320594,-36.913689009245
-30.4941692137891,-89.8745152321129
-30.3061094597614,-75.394245692357
-30.0424820707615,86.7090573497619
-30.0226200494912,-60.5069282412446
-30.0018865191874,124.178833546944
-29.9549908421329,31.6683200444874
-29.6033205204009,3.88787564719029
-29.4826663251902,95.2686093252042
-29.3885649302733,121.389799152498
-29.2193860379196,39.4149721822575
-29.2088898073346,108.900982685733
-29.0664717473459,-126.618447195381
-28.9881617171761,-121.990368511132
-28.9419625134202,47.6816959986217
-28.7819236876489,126.29692443253
-28.7456973841614,79.1179606305929
-28.7111408501552,-118.3106333834
-28.6678416734749,117.551904970353
-28.5131359576421,-104.467122268698
-28.3574077918401,-124.718187650018
-28.2059054598705,-112.800027691778
-27.7998201444198,-20.0075436443508
-27.7244359964825,-11.4952547804462
-27.4340069615083,71.6655383784597
-27.4297597931586,124.224256099566
-27.1614426215493,-83.0880467544545
-27.0761294976527,-126.458818924612
-26.8856832080398,11.6188870285196
-26.8610132844172,63.7502939624928
-26.7877217228758,126.39873825519
-26.6496545270031,-28.6543344622888
-26.3929578880968,-45.3015074441435
-26.2665608696269,-124.030700721117
-26.2155604431129,121.498167538454
-26.2010931655247,56.0863721131001
-25.8253906922869,-120.954514087672
-25.7873412211483,113.597902826364
-25.3818467043233,-97.0335782733091
-25.0880781787493,-126.272629756992
-24.9580384209396,101.642257161325
-24.7937073824137,126.498594951835
-24.7886044848616,124.568507347416
-24.7641890227026,19.0415432898704
-24.4918427944992,-53.4701283250906
-24.4406611899646,-116.74549445337
-24.3379300651824,-68.2354120766887
-24.265165645724,118.257534791626
-24.0803525566116,-1.28568909928283
-24.0287995583881,-124.058043985769
-23.9363586698662,90.511645887609
-23.9057907793765,-37.0799101230293
-23.2649044124994,26.6579219068279
-23.2074641365566,-110.556953151819
-23.1035441675014,122.31143151028
-23.1029269659606,-126.059860767317
-23.0876325803817,-75.58262011205
-22.9578878972058,-121.259000973653
-22.7992887872269,126.596845000627
-22.7519450247515,-60.9448160973828
-22.6392522499936,34.5241233528497
-22.4135702473633,-90.2496458741728
-22.3629529952665,42.4383877656612
-22.276050013377,83.1989237803862
-22.2046952272511,49.9461202496395
-21.9025309511241,124.726130485088
-21.6083172894978,-123.883994852759
-21.5538917503849,108.242202217412
-21.3487447237861,6.66552435801577
-21.1205233625828,-125.820414383718
-20.8553605961215,-15.5175835980267
-20.8172191249709,119.598284019452
-20.8050400479716,126.693757687524
-20.7841076458252,75.9834494308661
-20.6947525947938,-118.959819270616
-20.6852034083286,-103.306357411939
-20.2905782685414,-23.3376609360619
-20.1448007197106,-7.38404251238893
-20.1062120490713,96.2050502110931
-20.0755807452079,114.880098208992
-20.0502507465068,68.5425474886945
-19.9908053855175,-82.2799717745096
-19.6908970707816,-115.312354263829
-19.6901829823584,122.710522828395
-19.4845976067629,-121.806173729287
-19.3502292014962,61.058900974487
-19.3064272116659,-30.5407619836972
-19.1413088314235,-125.555937492804
-19.1382529144724,-124.023883132273
-19.1307513978176,125.006971042033
-18.8225239781701,-42.9852911485854
-18.8104962567797,126.786898628385
-18.3496771004003,14.4369405195768
-17.8872133846535,-49.6045692230091
-17.2739430250076,119.367679920638
-17.1635308471722,-125.283048616374
-17.0810243674073,-110.405870873823
-16.9430583313637,54.3312212535088
-16.9044758130969,-119.656921542289
-16.8154195482861,126.866457673858
-16.7791259572204,-122.976233820153
-16.7347393860335,21.9037695561301
-16.6397372452622,122.83009890793
-16.6350797641314,125.219195260164
-16.5598044806398,0.721077181086214
-16.4489194150189,-96.8165383868436
-16.3847198950201,88.5768926953493
-16.3403180085714,-72.8021505509692
-16.2937304603849,-57.0242958549352
-16.2517166634391,-65.2333746454882
-16.0336449142155,30.3115852509238
-15.8261858632724,102.159979516089
-15.6822819357004,38.5332187441025
-15.612496935282,-36.5715913656459
-15.4709746081131,110.773205745971
-15.2336997315733,-115.791109394238
-15.1858991271753,-125.006356984526
-15.1517551014151,-88.7192023615584
-15.1215626738648,46.2816051174292
-14.8197843355018,126.931588420904
-14.5568634655376,116.472864890309
-14.5122015624801,-122.613053506509
-14.4276798211754,81.116912363247
-14.0833299710154,124.574150450184
-13.7734167513366,121.21152479831
-13.7584255522818,-80.1710347069738
-13.6602360151494,-12.2183870401173
-13.606685598465,-119.797117889498
-13.564973918301,-20.3262070228988
-13.3542231590635,9.08016927705849
-13.2092102252131,-124.726497485818
-13.0923375203674,73.6285874342419
-13.0383363797781,-104.921358429405
-12.8237464432912,126.982350932345
-12.5224661046455,66.2814969577018
-12.1481055232528,94.5794835030032
-12.0964009015248,-28.0706743146892
-11.9499940427046,-122.546889623289
-11.8743141063411,125.202130371762
-11.4998507444252,-5.02442244189721
-11.347554310168,-111.51448367881
-11.2767467679546,-116.417486521509
-11.2323675576024,-124.443835359398
-11.0515547739757,122.778666626492
-10.9980722571681,58.9366436775616
-10.8273979895711,127.018803332719
-10.7694082336971,-44.0735996061025
-10.5267543249973,118.952506826509
-10.416818669185,-120.028680796424
-10.0130165050848,25.7439976711743
-9.98826642891216,-51.9825168364661
-9.8926405737639,113.828312382904
-9.74023796737633,17.2497570073849
-9.66340178057329,106.615698477128
-9.34719364047269,124.959068594315
-9.28548580963405,-122.358928117133
-9.2816472846713,50.9574038855645
-9.25629607797156,-124.159017119634
-9.25330490001263,-60.2789407045109
-9.23562229788838,34.6977224962418
-9.20581234807951,-35.8889872197635
-9.06006657128955,-68.1782778792251
-9.04809237936444,2.71191247849515
-8.96829354097663,-93.0744468877909
-8.83082836460546,127.040998796722
-8.69154953413011,86.7931296217746
-8.30067658959286,-75.7296593170076
-8.2169028440997,-84.7712018892375
-8.20777228422178,42.3590393250172
-8.1162242585434,-100.306714324646
-7.84750372904171,121.805419736142
-7.70089825598181,-117.412421996894
-7.28011134180391,-123.872420349637
-7.16208467228078,-120.214728485019
-7.13849883840603,124.898544221577
-7.11440244942844,99.561258429111
-6.9133283284367,-16.5054148535819
-6.83416867255243,127.048985189318
-6.81152734385332,-113.793374554106
-6.73300484956199,79.0623653290556
-6.66978744834307,-122.233814727054
-6.27235024003865,117.666036890387
-5.92529507570276,-108.32448297776
-5.58121739649297,10.5222590924305
-5.36718318981717,-23.3314361490275
-5.33071584460779,71.5228906319813
-5.30445104230301,-123.584628796199
-5.09072704425994,-9.992252886209
-4.91045486658416,122.519132226495
-4.87984842414119,125.248658790184
-4.86176297104387,64.1268868719914
-4.83748301770015,127.042805599282
-4.51982291906507,111.6230941857
-4.34631607804559,-121.228775344657
-4.2743324686936,-118.111441521455
-3.97902815758601,-30.9214719944481
-3.91502931586701,92.3520833306597
-3.74833948323119,30.6823279119448
-3.5571083274526,56.0100386611086
-3.32857340635541,-123.296008312694
-3.23280495801837,-39.8491497155139
-3.20182853294384,-47.6204865868364
-3.07101112483014,119.778238481973
-3.03720139954119,-2.81268767018235
-3.02097200618787,22.8506869581054
-2.8409100747557,127.02249770362
-2.78330566668348,-114.046975697349
-2.71680210642268,-55.6156244128893
-2.66320070235358,125.0528866927
-2.46782975359965,47.0098862261116
-2.13615730075731,-88.7586596207123
-2.03100822911113,-63.8325542152019
-2.00995341239198,-80.1112085055176
-2.00588719489246,-120.891272326348
-1.64860605067707,-71.7550148883017
-1.5629759795814,104.604047319725
-1.45830216923964,122.734399458914
-1.38639097670982,4.14541570506299
-1.35310385079625,-123.00710241907
-1.29839003094958,-96.5969436377183
-1.24642670067363,115.631178108433
-1.14224244892201,-117.942110531554
-1.01564298919213,38.2307971983566
-0.844539712414416,84.3273975152121
-0.844513296475674,126.988093116598
-0.562177585953446,-104.182772804196
-0.545803424036243,15.8799395879066
-0.139501647018807,125.161401162878
0.289082591881204,-110.358152621538
0.495656282342372,-120.901778797019
0.623186219782148,-122.720450828426
0.921692937894217,119.728726401124
0.945745979865516,-16.7720972210927
1.151622822477,126.941417000031
1.1734902561262,76.7071826718619
1.53803782697028,97.7679028798433
1.5740125356231,-114.898916160812
1.67055051995643,123.018853516941
1.7303787739856,-118.560832067758
1.99394533533507,-25.4829700318382
2.31087580172457,61.4694523468528
2.41634617130321,125.240765271575
2.43237975979833,110.752972675884
2.45470249096648,68.7615984122988
2.56391853615927,-8.25938881588524
2.60379205600279,-122.469329101306
2.69894515011967,-34.4914007418856
2.83387032997446,52.4004133672685
2.97392618519594,29.8900107426438
3.14766098309015,126.890536420016
3.30200449300772,-120.457844667348
3.49325770938876,8.80407203994785
3.74950474093819,89.9395615211853
3.77835929342234,116.469348300915
3.77886755031295,-42.9673548030462
4.12901125593247,-50.9920095022189
4.30626622724493,121.238629752238
4.35175095857446,-59.0813931292487
4.3730751147872,-84.1734052270278
4.49861725249795,-117.16640470782
4.56316515263242,124.524507953378
4.5900434744339,-122.265694902069
4.67152406880881,44.0014710493474
4.83149118919928,22.2476902113165
4.91528454717336,-91.9667680875795
4.94698692137106,-75.8267911205287
5.14361037758566,126.836435307432
5.14490012158035,-67.6252664189926
5.49292089048092,-0.0499124745107273
5.50803365206617,-112.872739871793
5.58658740490009,-107.790519815521
5.65844222476278,-120.048585619098
6.30424158376762,-99.943448481803
6.58059010750981,-122.110656740472
6.58315804404185,104.136537526303
6.88530299659558,125.10726348042
7.04506772315542,122.551356488114
7.13946605810049,126.779102522068
7.14665193679844,36.2349596793627
7.26557838978046,118.587898109622
7.32875375733129,-117.265528802563
7.33024646920227,81.8777486080288
7.87368886033247,14.6404457917071
7.99031236881844,112.732314693692
8.11184229076207,57.8627063877931
8.11713677150963,-120.047556334733
8.12557153144644,-20.8947582627927
8.53669584584626,73.1803873170498
8.56329203697011,-13.1851530746495
8.57439442138968,-122.004725257826
8.60145639670943,-29.7504396661019
9.13523632923743,126.718497986114
9.13879752525283,-114.315453504058
9.21585435138398,95.9945431156522
9.21652281286427,124.804973959542
9.85936890005626,121.883505188977
9.95754376283778,-38.1643602193609
10.1546066834714,49.9029700798187
10.4013086375913,-117.921628627103
10.4333250323395,-6.14961341894838
10.5701061568109,-121.947849881581
10.5730031917036,-120.361269886975
10.5924193108497,65.1567061069477
10.7331724495536,28.3687477733277
10.7802601617728,6.05283546483581
10.8916440782865,117.929985244449
10.9281573173882,-62.6771430123015
10.9886046115787,-46.3624714183724
11.1260763394582,88.6972037869866
11.130882814785,126.654554898506
11.1419557709436,-80.2700229903257
11.2290487989757,-105.679575124008
11.2759616189125,-54.4137225683691
11.3052907532291,-110.918727880876
11.523846933028,124.543718848408
11.9134826221255,-87.5661839682223
11.9868450283011,-94.6019546424463
12.0327696085436,-71.663386071551
12.5453055772263,42.1116356062909
12.5668215589961,-121.939395286199
12.6187412804095,20.8235909376601
12.7572076535816,-115.75528163942
12.8911255760138,121.558797585469
12.9053421690666,-119.502802705535
12.9055656424961,108.534478017175
13.1264471766482,126.587176351897
13.6294671933646,114.27794614909
13.7938143643369,124.42051500517
14.0682382106903,100.782741884422
14.2693188912332,77.6374011652489
14.4308292667207,-24.9690272718142
14.5628830695408,-121.978185708355
14.915258409231,-0.578789604677316
14.9522156520928,56.8141137919291
15.09829789723,-120.237829080224
15.1218434571945,126.516243040552
15.2614240623669,-15.9510986448826
15.2812007699083,12.3648693528902
15.3165374013667,34.3393389786086
15.3282055582129,-117.490969699266
15.4156740084912,118.51151625431
15.473587344954,-100.345406467143
15.6695239216237,-113.029140471591
15.9022902640404,-33.3704784516302
16.0354849093429,124.529141501809
16.059545809469,121.942453848157
16.3998662437478,83.9594205150236
16.5578018913639,-122.062566922436
16.7664476407565,70.5388589200874
17.0694683034844,-66.1981203323315
17.1171725497884,126.441603435886
17.2636084283424,-107.804633079519
17.3307110235602,-77.2055728647281
17.415288042474,-119.891955980017
17.4841923265569,-41.6244583314711
17.5823303457835,48.579166113113
17.6955728331557,92.7154036465989
17.9056774512705,-58.1486382408648
18.1682620488022,-116.591009654333
18.2226340594052,-49.7280215747168
18.2295216175129,-8.46311657330801
18.310918656771,124.56733110992
18.5502195386454,-122.190443316509
18.5528986140502,113.763064325279
18.827452613312,-85.3751546259438
18.8485516290278,122.145643103533
18.9980554477895,26.5081936197583
19.0164534394647,62.98022937777
19.1122573412123,126.363092017615
19.1587141389775,118.677474322687
19.4917041709505,-92.819054121926
19.4978094230802,5.56734908688743
19.6185351487587,-119.837973436563
19.6319920983534,107.22185596702
19.6759694103281,18.7970101003308
20.203618994383,-112.588659616104
20.2832329530942,40.4729114311723
20.5407417209715,-122.350255636906
20.5907713345117,-20.9233847813617
20.806087963881,124.387447201899
21.0310593129731,99.561686587448
21.1072911100717,126.279662371278
21.31283044543,-116.819737123248
21.7905602201143,-71.2820498896335
21.7918540126369,-120.23391940121
21.823568184321,121.465464583248
21.8409929280281,-28.5477075101122
22.2991225876231,-101.356835634333
22.3609055496879,77.2112023973103
22.4369489620554,54.8514873740446
22.5316326248533,-122.501420522527
22.8407338108343,86.291465380201
22.914616432235,117.123417194172
23.1017315936943,126.187000340287
23.2111010436467,124.123970475345
23.2249018365521,-2.01490163470766
23.2304369066473,32.3594079749631
23.4365307679043,-36.6130943071823
23.5541915607795,-107.875386856343
23.6669179063181,12.7192317706723
23.8815294184428,-13.9426173304005
23.9960463903479,-117.904414180583
24.0320651795298,-80.0553635366811
24.0539161226069,111.838150539287
24.0724408089924,-120.694487937926
24.1341682902832,-63.0112973404858
24.4613130686801,-54.2261143981221
24.511435983198,-113.585400186247
24.5236654268671,-122.639303391446
24.587097160657,68.9434142926268
24.6667323046905,120.880375134278
25.0069462279275,-45.1259183565786
25.0959208721024,126.084377945118
25.1164208085711,46.7187083637618
25.4662653974311,123.887163462196
26.2118037140046,94.789359045982
26.326366147247,-120.54326697116
26.3750210166667,21.852412709465
26.3821193134745,-95.1289745024965
26.5163310337208,-122.763652376267
26.7238339661359,-117.509841217001
26.9346017138113,-87.7569311688201
26.9446767130108,103.942239371122
27.0892754105702,125.971668338512
27.1143923915945,60.9501029184156
27.1294943932447,117.153101774122
27.3303353704322,5.41029912200698
27.5583293262838,121.207772405272
27.6432532549902,-21.5550747144818
27.737512903689,123.978917814568
27.8937704185143,38.4738484428772
28.182050092158,-8.13313815013129
28.4556795547131,-73.6188771982969
28.5102279713219,-122.874288577754
28.5916362882313,-121.235609182762
28.6452166422053,-114.440736095302
28.6565145303338,-109.31190610352
28.9011566859953,-29.3930240049869
28.9405312814581,111.808475037257
29.0822542863656,125.848680905578
29.1878843695576,80.5351059620528
29.2122715224077,-118.802964029233
29.5992353073339,88.0936628435534
29.9945492859345,123.652922882606
30.0458789337791,29.3429280207476
30.1581263563095,-102.340231929701
30.2161087698269,52.9869139932165
30.2951385126181,-67.080151666055
30.3328432853746,120.697396927075
30.5042917513228,-122.970943414245
30.5110561055405,-37.4283704892536
30.6217667475335,13.848480439274
30.6846517217323,73.3382143332761
31.0228032646265,-59.1977480403008
31.0744196619833,125.715269981143
31.1178433828085,-51.3339880113015
31.1322711565078,-120.747820270414
31.2237523048926,117.087298148086
31.284970273547,-80.5254747768088
31.68307031289,-117.110112889754
31.8669582346122,-1.41554842803032
32.3130152049164,123.490061701352
32.4993735682365,-123.053453140387
32.5437999816649,-15.1785156596807
32.6383140842103,45.1579984447832
32.6761853094491,-44.0336134242606
32.8132271737051,-112.924298293237
32.8603010679153,65.9422345998128
33.0658934841987,125.57125013439
33.2736452076687,-121.416106512107
33.2976936154068,99.6998918206205
33.3674812468605,-94.7416815391054
33.4535554594395,120.677299931684
33.6407343464012,107.696901807577
33.9130174815396,-119.157869279389
33.995112350472,21.4262331362238
34.2576076758257,113.628297998701
34.4949062531159,-123.121588947993
34.5770505784261,93.2713174512647
34.671609055939,-107.568325642992
34.7614973581508,123.470917726032
34.8293808915475,36.3952578443792
34.8833048542966,6.29269287259033
34.9172939455146,-87.6848752909648
34.9533349287319,-22.8837880814697
35.0566790942064,125.416436610389
35.5779343460313,58.4893070922247
35.6770124813548,-116.437358083023
35.7787842263169,-121.279892025524
35.7982042131321,117.617408835741
35.8246026481212,-31.3519086356829
36.3083538682932,84.7831756999597
36.3591275479765,-72.9592762267588
36.4907470282235,-123.175151227026
36.5991240366865,120.920549976538
36.7516065209689,-8.69822304938645
37.0463273039206,125.25067804521
37.2300654133536,123.394144409748
37.3497886036053,-119.236125305954
37.3576261664003,77.7101241791422
37.4286084369739,-64.5814975941914
37.5135167099907,-112.897206293708
37.9954964210815,28.4895616679079
38.0921891372655,-56.2492638644071
38.1589148583779,-80.5797499167769
38.2378893543978,13.9303773853199
38.3678199963617,-121.627395154483
38.487249098248,-123.213955613093
38.5597846077877,-100.485210500179
38.5837846212988,51.4855843562619
38.6539229944285,-48.5157565994293
38.8473582891167,112.374193791213
38.8907873443828,-39.2983316735775
39.0352677563772,125.073747846738
39.1571231582967,70.5477879474021
39.3451022068533,120.700285338723
39.4457751372629,117.125073693535
39.549027265351,43.281607369026
39.6064150550165,123.166826397336
39.6107569645701,104.736881566415
39.6970389097184,-1.31831817594852
39.7678284563855,-117.112259410886
40.3060656207141,-120.446102539593
40.4837506973598,-123.237585224649
40.6063481988159,-107.702325448116
40.9920415439434,-16.4400589001195
41.022999491401,124.885933181296
41.0493417255041,90.8298263903482
41.225825005479,-92.9181551075319
41.2361708997558,63.151951827981
41.5720070783781,-25.1553687673021
41.8445098475945,-112.804034100221
41.980219926936,122.724861837548
42.0111043554346,21.3516451542611
42.0818137938919,97.9429440702205
42.2740351668558,-121.711593710676
42.2814598861163,119.875295125764
42.3728150848542,6.28948298301364
42.4062593497731,35.1023495551609
42.4803452453825,-123.239979944503
42.9442052586928,-32.8878236716429
43.0108100578195,124.699190357721
43.1265265417881,-119.335451863348
43.3359030929236,-85.9042289018252
43.3583416076579,-116.419362793309
43.4179396016518,115.849996459754
43.4239219056419,110.410517212831
43.5781157748715,-69.5387874372277
44.0249828983407,83.5337927526114
44.0567052587909,-77.1011654324487
44.2595676375293,-61.0968181552749
44.3187295912733,-44.1937841280411
44.388463091383,122.569873274665
44.4770287479841,-123.218480308094
44.711439423344,-9.0593513181187
44.7301042403925,-121.38346193736
44.999509549767,124.51843430591
45.1127566040906,119.835837450167
45.3207582916401,76.7183900119315
45.4932110566104,-52.7126227921722
45.5559549114579,56.2897464404548
45.8242941272304,-106.037795025462
45.8759693923007,13.9718082444741
46.1055939812332,-112.294508801746
46.197062146431,48.7875493607482
46.3810203316659,-98.4339690241412
46.4085807043643,-117.332546106877
46.4732444050885,-123.173130588732
46.481778040024,28.4465085108874
46.5392411575102,-120.409108730333
46.6575523625713,41.3493605798939
46.873188689519,122.612863434239
46.9883715959846,124.342976115241
47.2208643747608,69.8930309521899
47.2249221643171,-1.58682645644085
47.2906668054005,104.860105107357
47.3599791547887,116.921696194244
47.7633710951734,-21.5273700656472
47.7804101344786,112.314892114997
47.8954811048249,90.4729427435147
47.987592718971,120.365524390713
48.2577192818659,-37.4954793016835
48.4685781186891,-123.103987249944
48.5232133439542,-121.478431261988
48.977558124398,124.172031433719
49.0450523347555,63.3478732102143
49.3283240861794,-28.8822343580902
49.4124240961193,-118.895866491774
49.5454518144287,-91.0460914304732
49.5708582985614,6.05196725029876
49.6588868023866,-115.454593612189
49.6596667610883,122.313501881203
49.8550909778975,97.3247735933983
49.9573083624302,-82.4857866157353
49.9942593999417,21.5605597061908
50.1311473115127,-15.4446394842789
50.4165514236112,-66.5573372895843
50.4631087877475,-123.011092012037
50.6459919979659,119.368054537025
50.7008321275805,-110.77134979443
50.9178676180828,-74.5561954316706
50.9660611895319,-121.028204889185
50.9673331364864,124.00480230632
50.9899301485788,35.3933995834086
50.9942139390183,-45.8452147324828
51.2668195249493,115.703722067998
51.2781505522264,-58.672447044429
51.7984894336275,82.8200483328544
52.1453907724757,121.857620752805
52.1933021868721,-104.975707336198
52.283734964009,110.328295369168
52.4565380062981,-122.89449858418
52.5735652851006,-118.259809992812
52.9576025546561,123.840520391768
53.1128738522616,-8.56703984933077
53.2180396362895,-120.860455680322
53.2647975368596,13.7097578663366
53.3443943692746,75.7103357335155
53.4607137738784,51.7702727033805
53.5160364879596,-51.8818595007755
53.541203659103,43.8665913369367
53.6601964281891,119.035971082367
53.7361383707629,-114.764386818558
54.1347142007339,-98.2788360737164
54.2214014547128,59.108971888542
54.4424808640762,104.060456656467
54.4482745105957,-122.7542887175
54.5535132350693,121.983367626712
54.7354355505572,-1.40334717103129
54.870792024183,29.1205570379798
54.8881582975679,89.8176098399155
54.9473576375986,123.678494283014
55.0622016965413,115.399446762706
55.2451325883905,-40.161450686947
55.3026556790559,-120.553805847993
55.3718371300392,-32.2885827981727
55.6685021755901,-23.3910660596996
55.718214202104,68.2379350291359
55.849713303698,-117.864942261384
55.9973912881946,-110.526056473094
56.15626384321,119.925761437102
56.2554700003581,-86.1352577750424
56.4380969071886,-122.590531164655
56.7455250196657,6.32980347395511
56.9374172398521,123.517891079979
57.2059683797806,-70.4902521047595
57.2073511175166,121.836872281214
57.3516143661921,20.8670630830896
57.474352137641,111.032315522728
57.5811546737707,-62.4518104518656
57.5902470832375,97.324719147746
57.6186136083979,-120.453207679897
57.7090918702616,-92.9073422346613
57.7497432809132,-78.9287362981475
57.7731314346684,118.175242329104
58.0625388212896,-114.627834659007
58.1812043626865,-15.7435907825014
58.4259576022528,-122.403279330644
58.474810668009,37.674250272926
58.8427084840636,-105.593171687954
58.9276903628537,123.357965222768
59.081742487222,-117.869185875678
59.314928422958,121.200771470266
59.5418037261289,115.119193526256
59.5719767015456,-54.9254592851316
59.762826909214,82.5016901055935
59.8017420951361,-46.4985048387171
59.9903897614694,-120.44922255825
60.4115688442109,-122.192607350183
60.4735131882383,106.173100048668
60.5074789434244,46.5913982006658
60.8092622462174,118.979965729316
60.8350040822512,75.2462505896387
60.8845325736662,62.6193553320681
60.9180812287252,123.197986649415
61.0863260927773,13.624021501855
61.2112536956169,54.752640326406
61.2719466503474,-8.32631434868514
61.3558373757089,-111.133660926579
61.6998915207941,90.5260022947617
61.8006783656315,-37.7802783748396
61.807362752314,27.4998393986985
61.8147656359897,-0.766091830867947
61.8645950929856,121.290625292138
61.9696198339408,-118.234000760829
62.0787988587595,-115.114750647216
62.1175014008662,-29.4745573294324
62.3946515088079,-121.958446698192
62.4004813891428,-120.38283098488
62.542752257062,-100.311163705658
62.9085117566521,123.03718019508
62.9495992353653,112.609817862616
62.9793347991405,117.08613431002
63.8085836755712,-86.2382838390004
63.8219353623144,-22.2387818597334
63.8979583942442,-73.4173498135148
63.9120807711999,120.545899783705
64.0554346687942,6.38275098099238
64.0585265386054,-65.7412182219083
64.2896484043321,99.6321124066371
64.3730398490961,-121.688881530701
64.5913876845721,68.782856589443
64.6404614640176,-93.1926277663866
64.768225199091,-119.702718744149
64.8054864796812,34.4496737497333
64.8552567630074,-117.132666830365
64.8982232697043,122.86836514827
64.9624029417501,-107.760811403864
65.3849269289852,20.4614246189896
65.5012040923056,108.420255177635
65.604834508186,-58.5314224589386
65.6355650047668,118.045263097982
65.6635534218282,-79.7600469055303
65.8652311628656,-113.281091306578
66.2640698619572,121.047058083308
66.3450729223317,-121.37649643674
66.380572111655,41.9383109768521
66.4870936309226,-15.6793294425308
66.5738971342454,-50.7752932486106
66.7605669624185,114.719147652819
66.8864815227993,122.686845608091
67.121537274814,-43.1952784670841
67.2487725847464,-119.345566744962
67.2769554446251,84.4191187675763
67.5838764414359,-116.734887817914
67.5840597817269,50.9840667090427
67.6286534467208,92.8435524547562
67.9006765987777,119.011582474389
67.9719611398706,60.0831964079118
68.3099331703489,-121.021635173705
68.4609761222866,76.5755558319713
68.5455283898063,-34.8825614428993
68.6108848886207,-2.21995763927204
68.8735679388937,122.49238155868
68.9584464316397,120.875880194778
69.122721698327,-9.42631127954871
69.1927435358453,13.2204969023322
69.3722176299029,-111.479558836859
69.3744818708508,-105.589046638229
69.529382402955,111.47877286597
69.5342834890528,28.462176048262
69.7274324632558,117.489570460753
69.7914832904202,-118.791774948787
69.9144995323839,-115.526841395758
70.0989240838936,-98.8975621274988
70.1063719963995,104.87775679872
70.1592196188015,-27.4749011126072
70.2667439945199,-120.624663439556
70.416130060505,-70.415915178946
70.6034800057948,5.25876813551647
70.8593630288287,122.284776578398
71.1595835509005,120.078786613176
71.4730906825031,114.80683984773
71.5759613600347,-91.3780994566219
71.6242535584501,68.4230139618243
71.7698899883692,-62.9153468859939
72.0134231877264,-84.3632171873543
72.089621688251,-117.975050383499
72.2146444712099,-120.185958981011
72.5451409612163,97.8316473764623
72.67532278916,21.3930645639577
72.6784231878092,-114.575502462539
72.8188794517556,-76.8598298747453
72.8189523842312,-20.9815399457592
72.8437470253497,122.063845
72.9349229957708,36.2507845221993
72.9903334863022,45.4061774437818
73.0865173717036,-55.5844508553867
73.2019198092148,117.768170230948
73.2703311237418,-109.978062396462
73.5762560981808,120.182739248718
74.0325957210352,89.5804537598443
74.0363772617809,109.43176967766
74.0602809058251,-48.0172412669381
74.1527891816983,-119.705911100106
74.2356845186352,-40.5274980821483
74.3736885069947,-117.261901932658
74.3996436179463,54.2989372420475
74.8157509837147,82.040217617184
74.8266003628514,121.829411693957
74.8362604861844,113.867099219779
75.0889426059829,-104.405252530345
75.3475121662261,61.6574517018707
75.4621991914286,-14.5457089169483
75.5003471155997,-113.617042185787
75.8916051381791,119.812308367974
76.0802875079742,-119.184937231753
76.0821829561325,117.371439747526
76.0851531974617,-6.61351810686145
76.1791275421522,-32.8473279012276
76.4270598411726,0.570584455182549
76.5110562414094,-116.675360003753
76.5347743921855,74.3834578915795
76.6245914392496,15.5270338978168
76.8078041162893,121.581311808671
77.0102630371135,28.0862359200278
77.0967990923094,8.79100290469883
77.3080864249146,103.692502911003
77.3838376460717,-68.4695503386186
77.459897950418,-97.4666356501852
77.5068907745109,-109.418075473635
77.9963389904263,-118.623448140199
78.2862756015019,-113.779327827246
78.3342866210446,119.665280625787
78.3914546668734,114.463047835578
78.7597953353088,-116.52279298183
78.7865842908665,110.099837174625
78.7872403992718,121.319390473802
78.7948676853563,-89.316258089653
79.036386067425,-26.362794615774
79.1561720428907,117.427867585645
79.1736643927636,41.4372920329467
79.417887571456,-61.3718579004282
79.5708998546879,95.675486924116
79.7102095652259,-82.0448070324291
79.8247315832083,-74.5036590033028
79.900197304704,-118.0218507075
79.9265095476584,49.7209150872702
80.118292308055,-104.766913421386
80.1253008104544,67.0431622706911
80.2633353269307,-53.6828212569959
80.3715262551131,-111.517796830533
80.7169817186436,-115.274470665629
80.7647927217762,121.04350247253
80.9765197874049,119.220887931553
81.0982994704202,33.6714061489584
81.233246397542,88.0496663586413
81.3265864453392,21.1634896692499
81.3693086306193,-45.7394569026973
81.495706936371,-38.6511040698005
81.7569387838549,-19.746711995305
81.7910771801218,-117.380575542932
81.9367057123971,116.397525564393
81.9778124599503,112.98198850899
82.2998899338772,80.1631598935452
82.4036363693364,58.4283706038554
82.4446081226192,-11.1532431646906
82.5998883162498,106.699351232243
82.6072204110043,-108.595835097907
82.660747531885,-112.862949662177
82.7403463082989,120.753511888242
82.9289976556526,-115.314697309042
83.1456079161431,4.49090031231856
83.3925621940813,118.919795253782
83.4874776012178,-3.34969971441863
83.6058583128881,-100.398222397342
83.6682079000043,-116.700062696537
84.3492830371296,13.2393137354639
84.5347645478168,-93.2708963104698
84.7137883775552,120.449291730705
84.768318399899,-32.6231873226053
84.81334754451,117.078423064021
84.8348195112035,72.7636045697344
84.8918461917394,101.210594086024
84.9920217007268,-114.275611696878
85.0037817787631,110.352696682357
85.0893402314676,-111.322578612988
85.1568733103626,-67.6599769920975
85.381629961671,114.483986954526
85.5315983207577,-115.98295048877
85.6326055348357,-105.111988782796
85.6625690838928,26.9936584466958
86.2454787852535,-76.7034652880623
86.2755747341475,118.522577108608
86.3369736031748,-59.1706296160046
86.6292066542264,45.0552757507346
86.6299685598012,38.1964128786138
86.6850303380412,120.130719916164
86.7623542235283,-85.5085766753258
86.8630612624798,52.6598628059847
86.9299819795923,-50.4920630223975
86.9651912548091,-108.792639559287
87.0578389800507,-113.492558481442
87.2408332194875,94.1494454342642
87.3853964567712,-115.241014628971
87.5275980265695,64.5114918317365
87.5981047756603,-25.9335451855805
88.0237007969771,-16.0895286635722
88.0579868187861,115.907440719191
88.1759895413379,86.0058156116897
88.312514869641,-111.823742209817
88.4964320384976,118.160009952086
88.5143197373627,-41.2681610870108
88.6101135589093,112.273582317057
88.6530502977683,119.792458109876
88.8786657245842,107.169966157433
89.1221101286725,-99.5970912149073
89.2298542326885,-114.476189811424
89.2920078098544,19.2927320077484
89.3551032392224,7.43692214126773
89.5873783412794,-104.823742002004
89.9616277951957,-109.048204870687
89.9870367675622,-8.17282425623813
90.1981107738813,78.9973742908767
90.3396288798557,-112.167381782377
90.4153952516045,32.4666331805881
90.4258386354926,-0.365360644574134
90.6148737011452,119.421009840462
90.7182803075729,117.453387847268
90.995964467161,114.758945054115
91.0646026581949,-113.688704491556
91.4862225949439,102.217041721111
91.5099256810276,-92.8377655781287
91.7386205089347,-71.0534820550309
91.8243641329686,57.3422650873426
92.0853380333011,-34.279186811717
92.1460087921011,110.885941728184
92.1566648179179,-110.991484787136
92.3725865156592,71.6264314813817
92.4185780628194,-107.581245396946
92.4827867206879,-79.8631196035749
92.5699618409553,119.015966350785
92.5792114309149,-63.4520600659159
92.8895369890218,-112.878678748309
92.9387697314852,-20.9221139144056
92.9827076044837,-55.4231642384782
92.9963924434573,116.913529813455
93.0621968836647,-47.3895736951392
93.379839270614,-103.453205797138
93.4154358876917,12.812768571958
93.5214385075384,48.3795818658447
93.8533690972841,25.0567087665167
93.922230728687,90.8308186399068
93.9832245338297,114.165315649216
93.9925605681699,-110.061922990708
94.1233680123662,40.1782718194936
94.395735121422,-98.6767184806916
94.5178738978091,118.577638500475
94.6617272746323,107.381974115851
94.7044047026822,-112.046297054093
95.1199954702227,-106.800849795401
95.1915376603105,-86.794604369392
95.2359306411898,64.9668831250163
95.2859070291984,116.647697588374
95.2880145327377,97.3717653063874
95.6686145327063,-13.282582425588
95.8949840624101,-109.420999317068
95.9869396634694,-27.9301839442751
96.1060350150269,111.712589905164
96.2908846784349,4.2376099639097
96.4580960632054,118.106355852128
96.4786309261491,84.5298442036963
96.508957339671,-111.191746315166
96.8799715201759,115.266153109607
96.8981581530027,-41.611703996404
97.1636723171222,-4.75826593495122
97.3249836626455,-102.086793881051
97.4747497196795,-105.45097398492
97.7188390463865,31.8408832253043
97.7995659025527,-74.2876116324552
97.820636216806,-108.433070707604
97.9101372697641,77.6448644600144
97.9625054905524,-94.8105610991538
98.165757429913,103.843019000702
98.2587005454976,18.2929840663594
98.3029505142165,-110.315215772145
98.3901261635569,117.602451113025
98.9393918194639,112.933976378285
98.9968686715257,115.659985685521
99.2257943376183,109.134236367636
99.285946054405,58.897332733969
99.4356839108673,-66.2223531280458
99.5220130790433,52.1795380073375
99.5767858106029,-58.2288237793521
99.6066482470208,-50.2751192080611
99.7072997198656,-107.259942939024
100.086143922301,-109.416896901329
100.16469475851,-99.5691852313587
100.212194338546,-35.7053871665482
100.313473420319,117.066259903218
100.394384459558,-104.075778745291
100.504741152728,-20.721194567233
100.570688762547,-81.3846292706768
100.698077430028,70.7994746435597
100.954002429069,10.4608726854586
101.129369445619,44.8042482834183
101.158008519864,114.846495743407
101.376343271272,-90.7870947424125
101.572523903622,91.7288558598948
101.626373136909,38.0298340932973
101.703888187722,-106.432942472529
101.771431290306,112.088227384504
101.858301347017,-108.496983316889
101.945448390256,24.5611168338771
102.065362774013,99.3383172515096
102.227658213995,116.498120536893
102.420174213732,-12.6536161460705
102.427333994558,106.211390035045
102.696313783243,-102.34876105697
102.793828189605,1.96544974182985
103.333159323527,-97.0312352893626
103.42546160712,114.314309424753
103.463283607914,-29.62375649154
103.527425235179,-105.214664548892
103.619190661312,-107.555670674015
103.644316091954,109.985726428818
103.812140677947,64.1424435012961
103.842641468043,84.4271019969022
104.132211852249,115.898373816323
104.228684109683,-5.56190602210259
104.332462844664,-43.8104087980202
104.499665870735,-73.0032903866464
104.949735440691,-100.719787087746
105.041145131193,113.018719786997
105.368583828209,-106.593156573092
105.412893579987,77.3162436040961
105.465016010703,-104.090561040801
105.470866227268,-86.9092593151624
105.71222055247,31.7926982037676
105.805140905595,103.227232423727
106.026658797343,115.267368841859
106.037729225593,-59.4319680201595
106.079444447006,-94.0823180896706
106.160622956015,16.1993027449812
106.546282156971,-51.5981870824832
106.743565521225,55.8502661217231
106.799680526383,107.580930329318
106.880308286882,110.687192915572
107.096235072673,-66.5071331375545
107.106445881916,-105.610008649644
107.16911545484,-23.9963131289253
107.309672106767,-102.807573125974
107.383916918595,113.155627696042
107.422923815134,48.2695564879
107.514411970186,-99.1371621514203
107.686025421383,-78.5356800132857
107.91034177422,114.605527411188
108.050543243919,-37.4735985729364
108.057676709018,7.50924278911256
108.160621145745,97.8656278574024
108.664666449186,-17.0067438660116
108.833617100018,-104.608162949185
108.873656477702,69.9511871908083
108.915055986242,90.8688728933791
108.942376820373,39.7534946538248
108.958056003678,24.1512227872105
109.297102323301,-90.9764579032351
109.339307045042,-102.020379008287
109.389359369843,-96.5128437666642
109.39928463048,111.771398809242
109.783046610401,113.913124706287
109.86807656107,104.326584332395
109.935516628214,108.642305544207
110.141408725825,-0.850782929680022
110.410284834962,-9.59592198284562
110.550036990213,-103.588013153518
110.663281279845,-100.22661737887
110.741279323737,62.0098819235123
111.26991123968,-84.5476314346669
111.453081188404,83.6331468106547
111.518510777163,111.080652009587
111.60956864622,-30.8075585215971
111.644346743604,113.190509718567
112.206412435184,-93.9650835830847
112.255527361949,-102.549702779339
112.281430564665,-45.3063995177706
112.35492567466,-97.7400656441711
112.574828536896,76.3737566921053
112.640477503331,31.262836495659
112.693528045311,107.873628689524
112.830966518638,100.466477424324
112.880359839186,-54.624310788167
112.899886541648,-71.3173617964148
113.071131267741,-100.176369382181
113.395802188919,18.0465094046753
113.40552416563,-62.2921214469868
113.493959650853,112.438650074874
113.57669800293,110.268581058836
113.660055278569,104.743971655598
113.735358547406,-89.099993546212
113.94991287227,-101.493377265858
113.971579640585,10.9781426198006
114.201850188509,53.4562916667435
114.315075218885,45.4820683771778
114.525896410321,-23.0868822918521
114.734275804276,95.3785215703188
114.922771969897,-96.0045167047289
115.103374888368,-98.6169147931523
115.262195027802,-78.1921865676886
115.333916566646,111.662945584006
115.633021056455,-100.419183885992
115.722162310428,3.17696015501122
115.731178203375,109.475088989852
115.773706480634,-92.479148038105
115.891703903229,107.165130397825
116.093936911918,-37.9131764027567
116.294205730654,68.1899322463622
116.382224349516,36.9990855562067
116.438215310136,-5.74811420962059
116.462242384965,-14.7108748638012
116.915808746663,103.471801277148
116.95815198995,24.3962579351964
116.991499074062,89.3402590970445
117.029607501998,-84.3229094434679
117.154137674609,60.2695412108952
117.164393284487,110.86489852332
117.304682354891,-99.3272716572772
117.376562313885,-97.2576381927675
117.741413760198,-94.8552451272168
117.924396567789,99.9236051167215
118.195629079447,-88.927395885643
118.272340816715,-50.2007216656892
118.290400497445,108.633166541346
118.619006789672,106.227767826844
118.847999242876,-66.3101925887776
118.963929502695,75.4836454266689
118.964730136209,-98.2177912526605
118.984749596055,110.044915000175
119.15368035028,82.4465229745037
119.24710514833,-30.5518149243965
119.385656736206,-92.4037402527328
119.776418187683,-95.6743606370643
120.419165398818,-57.9735345138798
120.494171356676,103.842335658436
120.566243620307,15.7834646318351
120.613000716752,-97.0908949113753
120.722193414864,95.8025368819095
120.742535195021,107.174620055096
120.795144130149,109.203050753081
120.86544878253,41.4792823510758
120.931203286108,30.5527290102367
121.130566229068,-43.3309964550719
121.230740755978,-79.3175742220083
121.267749712142,-22.2994979567746
121.295982194226,49.4048722855079
121.451495938988,-72.916204723962
121.590183021912,-87.9814446149691
121.623742577875,7.92270788131804
121.632032842846,-84.4383527092894
121.644407807526,-94.083961037514
121.910520553989,-91.1644335835013
121.983562414773,100.467723669584
122.24933337642,-95.9467363500449
122.341142620137,-0.678019944875053
122.595412922464,108.339499244052
122.800895683802,106.082653573849
122.879746751369,55.8080595934744
123.02188774924,91.0328292876938
123.201775409312,-8.73179571911492
123.47808573223,103.607080499938
123.512353332253,63.639532790416
123.710385382819,21.9801687243658
123.827775536413,-92.5831036647635
123.873570370973,-94.7854706741864
123.905881262229,-15.5775733466426
123.989160695988,70.8355903599551
124.385356073992,107.454471567211
124.530668057942,-89.4493651503876
124.987400757411,-36.3469709747358
125.147953317252,98.2598912472695
125.346076090016,105.102002287659
125.467170142419,-86.4588464766679
125.485556940861,-93.6072542902687
125.498415833439,-64.6830472500214
125.502790992539,-82.327806002839
125.589671220277,85.7999760789242
125.593442401591,-50.6375468419265
125.630853622733,101.828963995957
125.922116501753,35.8683497191794
125.937974541267,-91.2936713770061
126.164768300709,106.548183535495
126.311328994178,78.1173835493017
126.375858499542,-27.4483727063359
126.600915383933,94.4840247074179
126.637230279699,-77.432547312573
127.036004194933,44.4611355831951
127.085155243513,-92.4122343003117
127.366215192595,103.857302553017
127.391909470722,-89.2579852513729
127.618807996683,13.0051074982166
127.932923511651,105.62113044429
128.037661497584,-57.5936538438677
128.110220286762,27.8180011009933
128.119322807578,3.99778528321627
128.164847139517,-71.8379752161879
128.298529336803,100.967053107941
128.359304886112,-85.9691382197019
128.670812580065,-91.1987388013909
128.790585662811,-82.6461992092878
129.093888735358,98.4086190099056
129.203499632148,-43.7481728717369
129.352178341492,-88.4676128761123
129.626687125435,102.823420433524
129.62920844928,-4.2889519826379
129.687597491955,-19.9286055284117
129.690165937634,104.673256442135
129.739713437372,90.1322453371289
129.863689174182,52.3118090321743
130.048079275193,59.3147395353245
130.240703017305,-89.9649491737934
130.262349174348,67.3944331757501
130.302352734334,19.4674093280632
130.567227967206,-79.6719536906552
130.805544589594,95.1094862019377
131.034250768147,-86.7545972775405
131.258799355679,-11.9810316530343
131.344224872939,-83.9721105256227
131.401964130206,101.272385619553
131.436313676222,103.704771290176
131.561090749495,-31.5131997176376
131.794653346781,-88.7111209771435
131.896129121046,83.1530565548931
132.024107225993,-75.9529117404544
132.064381879896,74.078371959398
132.093195050896,-66.1568525207806
132.106350308372,98.7589768126609
132.86302515136,38.883523248547
133.105384178312,-85.410533158333
133.171188922446,102.71588416423
133.198443144433,-81.7469449008956
133.332471025184,-87.4375316493344
133.455712647161,8.9441814678255
133.584624959232,-51.0838092989909
133.71916641077,46.1660814043771
133.856167676111,31.9307998837409
133.882475707671,100.376387699892
133.952256737598,92.859744601982
133.955878694594,-37.6697290636689
134.120384901129,96.8972761366446
134.160774668014,-71.4637539743459
134.524769878775,88.072931515048
134.58026627848,-59.6115806929282
134.701666567496,-83.802937812625
134.837616688315,-79.1342701391909
134.853968418086,-86.1444585678859
134.894095581206,101.707113499724
134.919385957018,-24.2813162235846
135.349782733172,0.793395606414032
135.558644497226,24.255153622531
135.628497545801,99.0348424761504
136.048268902508,64.2346423609618
136.279173809977,-82.0505348742451
136.323746209616,-75.2322058479559
136.358962728497,-84.8321789941179
136.503340481529,95.2996929979866
136.605278258248,100.678439378346
136.678511051348,15.6761818746036
136.97878339672,79.0316366060812
137.444699727625,97.8441917949069
137.503858013943,-7.06208663201832
137.575778433359,-78.3519538403423
137.616199042885,-43.9569074859319
137.618790405082,-66.1993106020941
137.626163784988,91.2013359373364
137.702679650595,-16.4544114113667
137.814843913342,57.469571370772
137.847144524077,-83.5010890498998
138.090904555832,-80.7952960852876
138.259561285263,51.5601870150585
138.304230689717,99.6289072361258
138.446015292021,84.7257274047717
138.619431415175,-70.6472350438749
138.697561309297,70.7249276856553
138.975217722554,94.3519799691098
139.314975366155,-30.3965920254995
139.31844647213,-82.1513762538762
139.428374364691,96.8299460162806
139.748383510643,-74.018894056773
139.910013215741,-76.6679125166204
139.983554757914,98.5487530273893
140.125347895188,-79.1635766031206
140.132162881696,43.611923826642
140.216056057658,88.3425976926527
140.282914786794,7.4821799370985
140.427486594185,-56.0925141244817
140.467460766592,36.7175822201783
140.7727203126,-80.7832997075931
140.862732484649,-62.481456008045
141.072215619108,92.4176190369941
141.400630845797,29.4198790307924
141.446313837902,95.3984583602704
141.64109380321,97.4356107084928
141.987025458225,-49.6325822725347
142.092627622653,-77.2682148408566
142.209802324137,-79.397135861802
142.243388872874,-36.8527782731451
142.347118835427,-67.8020644193856
142.387975518292,-71.9846735319418
142.461184653821,21.4547006424841
142.67102400213,82.1672737493071
142.722868084313,-22.8389762315926
142.734948595221,-0.0863174125774544
142.876132968296,-75.2295480730224
142.900654455313,76.703483508319
142.944441820361,90.3934666129264
143.223266411535,-11.6479977080418
143.232174794238,93.8846971771209
143.268452292332,63.9004144023572
143.276370244223,96.2899464879466
143.629533277213,-77.9931607889063
143.908637407709,86.2988037882443
144.111766449125,13.7522697626719
144.760192783562,-73.9567314400651
144.883720545985,-70.6241275572714
144.888814900219,95.1122995841658
144.964271225779,92.6349423989573
144.995064713549,50.3907864306969
145.031758366831,-76.5716501388511
145.175474089832,-64.4910105422489
145.29055191759,-59.5383432453833
145.383115253138,89.7628083781441
146.046606620549,57.0110018020275
146.167501522317,-42.628619887124
146.388101534627,-68.0142450046244
146.390903550104,71.0203062259672
146.410279827977,-5.41460406938822
146.41633140484,-75.1328746161865
146.477816946809,93.9032584600326
146.52544450813,-72.5360474591958
146.685931303858,82.2261755269614
146.891058466164,43.1422028269513
147.050219510061,91.3580967600816
147.133342804553,87.9666521407088
147.141621583788,-54.1101305555881
147.160600367377,-29.8626093066522
147.311313525488,-16.7296340310523
147.567161114841,35.436533521859
147.703075961316,5.74479993783909
147.781680619533,-73.6758765157887
147.805541712809,77.6733324141479
147.903146316794,-70.6147916316006
148.042836142549,92.6633784254282
148.157644178535,85.440957071835
148.344639536085,27.4949569470774
148.761623827191,89.8110352538106
148.818479961301,-62.9980052770977
148.846622009018,-66.0570505901457
149.124196257201,-72.1980148096143
149.210680857106,-48.321771858674
149.380400326524,-68.8713839995155
149.463695228793,-59.0867444278206
149.583398030203,91.3931763688909
149.776189732466,19.7919861556675
150.200819801809,87.9096586133616
150.364654705875,81.7118430397755
150.443621568157,-70.6994596265484
150.535060215925,63.8128064280637
150.947341906053,-36.0374706436384
151.073043367238,-23.5809365486652
151.077143725706,84.6636275462657
151.098984847222,90.0932168901542
151.151340575632,-67.2037785595727
151.367829402169,12.3628989988524
151.400823965745,74.7187042116055
151.739730589086,-69.180649004306
151.775280324442,-55.9111716994709
151.909025577141,-62.2114686371969
151.930385464263,-65.1110255723163
152.003382562892,69.6809599128404
152.034982706652,49.96014059172
152.096916990043,86.8596620313672
152.192801941646,-0.330507858442023
152.218474946608,-9.50480225601574
152.500691826394,78.9323709547925
152.588996374347,88.7641567382079
152.904130371372,-52.0671203478261
153.012304668123,-67.6420201443637
153.22416300023,41.5079257025693
153.269578366086,-59.6255461984709
153.393433893049,-42.4415549063019
153.679075423922,82.2907609953094
153.776340279894,85.047912683512
153.927667940057,56.8226409680907
153.987321535757,-63.7109594072433
154.053035581194,87.4064914782581
154.261132338437,-66.0840093795102
154.279935461797,32.79950624079
154.676009435562,-47.7884000952263
155.128638332538,-16.6753276704087
155.151900205376,-61.7034504928513
155.287390855243,-57.7039460228262
155.452407571004,76.5681267246003
155.485989016479,-64.5070785366315
155.490627512911,86.0207971076311
155.505997299886,24.6194180159962
155.660875072565,83.4565986004624
155.805004467556,80.0029135182687
155.866461419884,-54.969987660343
155.876804103364,6.86879291840817
156.087313262451,72.9660800898011
156.103243735517,-29.624301418263
156.426828553695,67.8991831999392
156.622907597452,-59.9292502056826
156.686588923977,-62.9117838979616
156.890303518964,62.9820836217385
156.901262492382,84.6077018128374
157.13513175042,81.9004658769886
157.251988734297,-36.136936748619
157.253782940224,16.3621958285012
157.424197962435,-52.3311113044868
157.86285560674,-61.2984142079621
157.99551870431,-57.7439397330364
158.174403287995,77.5111324514484
158.284480995357,83.1678048951289
158.332660907788,-4.05450437911998
158.349453812757,-49.4447673396972
158.493560868181,-45.1532643938011
158.518770218977,47.1718817157769
158.692939910858,-40.8545847565235
158.70205630917,79.9836960035394
158.885366256769,-55.646614638735
159.01460535698,-59.6674016446119
159.115897117361,38.5002456435291
159.298101299553,-22.7305536315668
159.324715130569,74.8351665709254
159.520563022388,70.9743093882012
159.63990815337,81.7016311648559
160.14166106046,-58.0191773782437
160.326381941112,-53.9506299165602
160.362809429184,53.5209522912838
160.456950011735,59.0359410640738
160.470831728359,-11.3595894919588
160.50507236319,78.0262589925911
160.833150281209,67.047350136336
160.964405692072,80.2074914776133
161.007581268779,-51.7851307615744
161.085033243286,29.9068269582752
161.147773488196,-48.4601768293966
161.243852093455,-56.3541715502805
161.55255163311,2.65486767802371
161.726214491399,-32.6952745365718
161.735452312679,76.1214327892642
161.866663439457,72.9687748892048
162.177381350375,11.2017519609803
162.182993978283,-45.6131173913453
162.252482271925,78.6818099020327
162.320918911438,-54.6729645020275
162.356955352249,63.6540195734674
162.373348268926,-37.7609876811799
162.436457590546,21.7285279844738
162.563200844997,-42.5723552786591
162.60972693061,-27.3292444454975
162.971043358054,-50.3524818790796
163.094594573028,69.9694658437984
163.372780057766,-52.9758723473161
163.472595851116,74.5759112190974
163.503235780339,77.1254368054943
163.602507178983,-16.9121323882897
164.06998815646,-47.9509832545854
164.081062241579,43.6865669087506
164.398989742077,-51.2630931828715
164.652839780018,72.3832860969822
164.715941830723,75.5392794808999
164.720769930289,67.2079102263368
164.74188584821,49.3407287757343
164.802910724713,36.4713498839623
164.888946408167,-40.6990689060222
165.053749022954,-45.5103795824724
165.130898135992,57.0656258853417
165.20065725728,60.9731219307059
165.303193142251,-21.9083446236035
165.399133141958,-49.5349144815392
165.684484745166,-34.7416803622518
165.697840923622,-7.68088914537665
165.886472519604,70.3083882945199
165.889929241533,73.924218611997
166.078628669516,-30.3424870489461
166.168423910376,-43.4633908033253
166.255152780475,64.6690884652029
166.34004441507,-37.9879114755125
166.373063543393,-47.7917769185425
166.474441335004,16.3552575962211
166.47454307215,-2.07635749344553
166.648342785797,53.5989762876416
167.02450322163,72.2812106828039
167.147279769997,68.4272449558566
167.320548438777,-46.0342936189534
167.403791939144,7.31986893700246
167.526080265544,26.0038048651846
167.582514659992,-41.1812064457872
167.595641650915,-25.9141434397596
167.803278358711,31.5252918132246
167.84952263822,-12.5357461885511
168.118976597122,70.6112557677639
168.22014675462,66.5255374921978
168.241537921929,-44.2627565299007
168.27225777693,62.3986117702659
168.314786999719,40.7536541096519
168.590057192034,-33.1753027267695
168.758919187792,59.3958933702206
168.772022952129,-38.9945541819832
169.089664876028,-36.4788099290993
169.135915056178,-42.4775818490564
169.172717140273,68.9153264714635
169.206179875828,46.0712092535194
169.300572615461,2.41658456329997
169.306723690956,-17.2674329510574
169.405545022032,-21.3237913394132
169.444831800321,50.2205338599374
169.51461786558,-29.8028956394993
169.578670617854,64.6473393445098
169.640598779108,56.6216495048224
169.857501568339,21.4111568568349
170.003556351429,-40.6792075066243
170.185148326255,67.1943535370161
170.215340379668,11.9519082143703
170.466135906362,35.9550445244878
170.706173655718,62.3254750745078
170.759373624613,-34.7540871540677
170.773784495637,-5.75057893558021
170.844317079291,-38.8681299478238
170.894304391768,53.8421698756859
170.903056110127,-27.0041438115473
171.155639140518,65.4494130667192
171.413659584701,60.241753242082
171.424121580139,-32.343093767168
171.508669311687,-23.8897659128283
171.658053850093,-37.0448644683452
171.984359672087,-9.569232254319
171.991292070184,43.0018360959333
172.083628711292,63.6815225109775
172.208515892227,28.9555703967587
172.212338914193,58.2670336901647
172.305640367037,-30.088280802382
172.336963778755,17.0537156183119
172.444727420964,-35.209703998423
172.456346701757,-13.7783780158636
172.688724069074,-1.58250369767862
172.821264289287,-20.292376125234
172.821487100174,48.463160499805
172.835122781661,51.4858039056946
172.914492311262,39.3298101139488
172.96859079768,61.8916907501189
172.994121335733,6.70673499440098
173.044532694018,56.2272480456819
173.204237510188,-33.3630812640976
173.248661754026,-27.9685944383582
173.405461417167,32.7321968196594
173.503677886429,-17.0319606769794
173.568269576812,25.111443145032
173.810007765474,60.0809688223049
173.821048522333,45.9098488666413
173.888280863783,-25.6824809885986
173.936489464367,-31.5054277795676
174.034147369468,54.2162585317849
174.047343371326,2.64090653250093
174.463880203508,-23.2860554859661
174.607379673098,58.2504388122821
174.641323008281,-29.6373667741705
174.642663093305,10.4386131817882
174.674427723005,21.1162836818159
174.859194078188,36.2260333361428
174.878012827503,-5.50099502732785
175.057719764767,14.3108688663844
175.201942868122,52.1388811468399
175.28322395764,43.0291091869023
175.302134007453,-11.4527674686346
175.318733944187,-27.759129104943
175.360545424284,56.4012897239966
175.480735692227,-21.2572760283947
175.51973013268,49.8494587746219
175.793064872529,40.3666751065155
175.82000997612,-18.9409416176251
175.895824609352,-8.28274429956732
175.967212598367,-25.8706581884091
176.063101469198,-14.554679752383
176.065405431672,28.8624666157139
176.074677622183,54.5366991705724
176.18220727092,47.7476808154577
176.585257099225,-23.9719796044464
176.606295977052,-2.60938331421228
176.658403586194,-16.7082816504129
176.751585868725,52.6582694987688
176.809746446705,18.1031563531457
176.838084319343,0.463621025258421
176.849440892183,45.5435917915403
176.852974468955,31.6863999486391
176.964955076097,37.9420440790026
177.078760027703,6.99762576435868
177.172741617563,-22.063722419963
177.208954429031,34.4223551787163
177.347833864442,4.00179079588388
177.391017623068,50.766749965811
177.397841159421,23.8708588140065
177.677183840625,26.6961874693513
177.686456197376,43.2838865590224
177.729616247883,-20.1462975911942
177.750697652704,-12.7464866579926
177.992731247271,48.8628980655048
178.101243177835,41.0965386227627
178.133848336389,12.7059911714399
178.13548077908,-10.2312735923295
178.159013752784,9.81359819888951
178.255811924222,-18.2201858966346
178.36737661705,-5.44492962972072
178.370072812553,20.9700205456245
178.50302087458,15.7675026044501
178.556499276357,46.9474697223258
178.628313221131,-7.73495546118483
178.751256634879,-16.2858973153669
178.87924280938,38.9758856687802
179.059933487506,36.4506070248755
179.08210821968,45.0212179251299
179.215858681107,-14.3440545507296
179.334343029417,-3.19710048477991
179.404469376885,29.71621956946
179.502801183359,-0.786148919089812
179.518011437903,34.0456090717637
179.569354524398,43.0849067097398
179.615442809122,31.9057402109447
179.649584286818,-12.3950747304092
179.717540037318,1.73638392076303
179.983544573737,6.40314506361437
180.018047678233,41.1393008492823
180.052388651506,-10.4394317036616
180.123321685849,4.10367087578532
180.19524597453,18.5813842480574
180.203855526161,27.7825752380563
180.268026294657,25.4631209252809
180.371150017401,23.2749504383571
180.409173509032,8.68197474132611
180.424225502431,-8.47762993953692
180.428009940277,39.1851659816066
180.680741032544,13.8016182431385
180.701568717313,11.2927018754286
180.765036099582,-6.51028671211978
180.799074997028,37.2232749595657
180.829213469511,20.9671198108635
180.831688086063,16.3422738620349
181.074808047981,-4.53779876878658
181.131089524421,35.2544009015694
181.35351692243,-2.56064794130066
181.423913705386,33.2793117214632
181.601140779582,-0.579336465158848
181.677417537541,31.2987949101752
181.818350684945,1.40544391149429
181.891485114875,29.3136316313517
182.007128343349,3.39317169688893
182.069299118971,27.3248614842298
182.167593912188,5.38342289031716
182.218815063907,25.3337640648048
182.299751356321,7.37575290071123
182.340341624588,23.3407901838452
182.403610304125,9.36969560898236
182.433828825252,21.346328139759
182.479193286026,11.364947389789
182.49923302802,19.35067670937
182.526519883982,13.3611030337626
182.536507228089,17.3543308176899
182.545614089843,15.3576904918626
