-156.94182641593,6.55837339670965
-156.931924978989,8.55677017600116
-156.92145403468,4.56005624292115
-156.891772371327,10.554788339438
-156.870790962648,2.56227789884925
-156.821396992486,12.5519706313325
-156.789826125329,0.565498458656774
-156.71837838388,14.5477374856848
-156.678554270357,-1.42982110656965
-156.574621210516,16.5409706383615
-156.536975992424,-3.42321898198386
-156.389552619144,18.5307934315367
-156.365097759073,-5.41423254230053
-156.163262451271,20.5163508823191
-156.162931937395,-7.40239838529588
-155.93049682164,-9.38725236550616
-155.895853859273,22.4967898923204
-155.667816661767,-11.3683296281469
-155.587443291653,24.4712592509658
-155.384960805092,-13.3466540397359
-155.269733635941,0.68852830759433
-155.238160488725,26.4389096399177
-155.213918528838,4.7032239538937
-155.092012309954,-15.3235067444472
-155.083988245284,9.17673058089344
-154.95206483793,7.03656405587178
-154.932284317413,13.5770793890142
-154.848148488665,28.3988936390355
-154.789012655453,-17.2988412702798
-154.655779519345,11.3194580566721
-154.564899389939,-1.86780777743069
-154.535484332888,-6.65304397548168
-154.526577853091,17.9214070462998
-154.475998960654,-19.2726111098454
-154.441398368655,15.6434808727469
-154.417563643874,30.3503657342966
-154.345961264398,-4.20742435780581
-154.29085084833,20.3562807087242
-154.153003881573,-21.244769600054
-154.133043072263,2.90468295722862
-153.980212532701,-8.99380278059141
-153.946575647593,32.2924823281093
-153.84624485849,22.6311762109965
-153.820055527511,-23.2152697989417
-153.768151219002,24.9700777787068
-153.47717739745,-25.184064360793
-153.45868569642,-11.4544054308025
-153.43536757071,34.224401752446
-153.124388337037,-27.1511054107468
-153.086960079031,-13.977045757698
-153.062859619507,-16.4829782460469
-153.001222215263,28.9241892697066
-152.887427222128,0.235562017804896
-152.884135908706,36.1452842852348
-152.7617025165,-29.1163444200987
-152.530005274566,6.01821576170371
-152.515047096163,27.0002753231932
-152.48208888409,31.3198493089619
-152.389129429672,-31.0797320835172
-152.387958510374,9.16620442187394
-152.383094688367,-21.0628021980582
-152.293758586973,38.0545381544307
-152.263277179485,12.9287551560929
-152.160521776668,-6.33101968365934
-152.006673914096,-33.0412181993841
-151.862382058608,18.7671194481325
-151.768684451194,-18.5946438579526
-151.676288839322,39.955179341695
-151.662514628947,16.0515013697815
-151.62551130068,-25.7971452561348
-151.614336183918,-35.0007515943654
-151.48901638382,-3.09273542707192
-151.443311080139,33.0873779855377
-151.306788651764,-23.3988713495337
-151.22858327562,24.3808377489358
-151.201525519335,-36.9560877825837
-151.188438230004,21.4863833541951
-151.044820210062,35.3436614968759
-151.03891326868,-9.28187329078412
-151.036692208378,-28.388694182122
-151.036126457402,41.8482976684942
-150.875596242895,3.42335171316796
-150.743266117657,-38.9012368024679
-150.705028300826,29.8431841700559
-150.616932524954,37.7375957915467
-150.507931714907,-31.0192628739287
-150.373347741151,43.7336167825997
-150.342061516224,-12.4403970104562
-150.325345126994,-15.7248674684268
-150.238745277568,-40.834903010931
-150.033106347606,-33.7481318208777
-149.893196177177,-0.0186644383770638
-149.742792975443,40.3585532304765
-149.688251660275,-42.7559867469713
-149.688032592186,45.6108609595868
-149.540189947006,10.8992767974337
-149.517151812692,-36.227607238793
-149.456458743381,-20.6910744621086
-149.264895851178,-26.0707718600926
-149.092095326942,-44.6633941484905
-149.065848146514,26.7311520461048
-148.980264511612,47.4797551547427
-148.83635832018,42.4722472016428
-148.759054295416,-5.92403508673271
-148.708053088138,32.9346905735292
-148.688731212013,7.00736826582169
-148.513019126474,-40.9793285553321
-148.450607703322,-46.5560373243407
-148.430718821119,14.8427909817051
-148.40950197954,-38.4523089837546
-148.385836443227,-29.0595454605707
-148.273804125162,38.8483870292354
-148.250130596998,49.3400250550555
-148.226329023192,36.017702685424
-148.054112465967,44.6109532243269
-148.027394973013,-32.4228514470361
-148.005883273588,18.9566114568298
-147.796230058993,-23.3810801537595
-147.764141559582,-48.4328345320982
-147.754376241749,29.8298316086592
-147.623253581506,23.1135705266009
-147.540843970844,46.8923707495451
-147.506541157291,-17.920282235285
-147.497721538506,51.1913971312669
-147.439071747972,-43.4779096084965
-147.164573069444,-35.2815903943412
-147.033071004866,-50.2927103628521
-146.968078926924,-9.72643439401181
-146.723131614183,53.033598689977
-146.722534199984,-2.19402923983579
-146.690857431406,-46.0681468364092
-146.61276129366,41.5436734092689
-146.474915526946,-13.9015479729823
-146.395728491753,2.73942612498861
-146.277632485565,49.3296935762576
-146.257791496117,-52.1345959342869
-146.230852169016,-40.9219943441938
-145.926458684395,54.8663579257794
-145.881407501175,-48.5231150475859
-145.604930596685,44.175798797328
-145.540612234429,-26.4708187178071
-145.438719860612,-53.957429093326
-145.429617876517,47.0039417943939
-145.425288922404,-30.7793706264391
-145.396250303468,51.4830101532964
-145.247576856578,38.650737467371
-145.153055945543,-37.9311172737108
-145.107804185424,56.6894039734195
-145.056598089331,11.2065033813144
-145.013833961639,34.5111129288111
-144.756312131543,-44.1101238589484
-144.649244114499,-21.1795207045248
-144.576294331613,-55.7601546295924
-144.492814580973,54.0265579727637
-144.327807859641,-50.4107472970321
-144.319441687355,30.9121390349704
-144.2672731222,58.502466959954
-144.251425597314,26.4979670991059
-144.037647227735,-52.8905677295065
-143.84765047627,-47.1654949256865
-143.709266184344,-34.204767714077
-143.670974596479,-57.5417245009332
-143.521394919867,16.3093396644403
-143.50284651529,-5.90502871105326
-143.404974821746,60.3052764890435
-143.32362327514,6.618233628751
-143.284229324605,49.1145888508474
-143.237517820725,55.9191234192882
-143.070077646964,21.5222587313418
-143.062799570017,52.0983032480846
-142.898544425041,-41.2469521600374
-142.742715311448,-55.0377565503116
-142.72238730641,-59.3006304416291
-142.652509225589,41.9153846235623
-142.497567746928,57.9196799760875
-142.496634898544,62.085190981081
-142.459454127886,45.7986025763234
-142.230676076074,-16.5595923548482
-141.726458010755,-61.0331629965198
-141.669476928758,37.0300714978513
-141.608397017421,-52.1372476087959
-141.516901891656,63.8268781240439
-141.511668861708,-57.209470479022
-141.506722765888,-29.4809372502851
-141.479545656779,59.8142061888519
-141.419488918424,-11.06317666985
-141.237836415165,-24.8206276002779
-141.230663193437,-0.135075087955537
-141.203787277202,54.0730116425847
-141.116852012072,-48.8835287174635
-140.946549743935,-44.8398361972038
-140.68321384394,-62.7376231751233
-140.6201183718,-37.6109978331088
-140.49567755205,-59.5000365798292
-140.494033070826,61.8500438077433
-140.467563852533,65.5275448060114
-140.107681317516,50.3168152923852
-140.018881205579,56.9146361467824
-139.776431933354,31.2845379356195
-139.75537794994,-54.735952560218
-139.593427086663,-64.4127072326104
-139.390982089444,63.812132288995
-139.350566182414,67.1845381048181
-139.099065302737,46.1488488922905
-138.70926640775,59.6159803561994
-138.672382544068,-61.1145961937039
-138.628717886544,-33.2548428805605
-138.46617267694,-57.7182893802971
-138.457904724278,-66.0571310916784
-138.407088920032,12.179872258098
-138.281200513428,41.2026775527927
-138.268803597037,-20.6066983433812
-138.208004568694,-63.4648636156209
-138.167976885741,68.795362260725
-138.166962670667,25.8602847771298
-138.006140863282,65.4146792947981
-137.865761502633,-41.1407825892087
-137.853698446401,-51.2756115404964
-137.687588907992,53.9705754263559
-137.499633226672,62.1519364850623
-137.381461179879,4.93946338169881
-137.277488139179,-67.6696312738111
-136.996455676338,19.0371252652716
-136.92198641899,70.3576639460689
-136.894419832008,67.3472885208209
-136.796002474926,-46.8435466313663
-136.786866881712,-5.51591386864469
-136.648067473842,35.6994310794468
-136.409992427699,-65.3764101139445
-136.053052785139,-69.2489658488634
-136.014671577666,57.6733144760212
-135.787541946398,-54.8853589823337
-135.741553928188,-59.4198519157079
-135.72925913562,49.9313738023515
-135.669454776279,-62.7928247135536
-135.660398420366,69.316409728719
-135.614903831741,71.8692289125953
-135.342669557016,64.5607950343281
-135.189107414778,-27.8261145485711
-135.111690576416,-67.3951171446429
-135.077165114861,-13.7773349511138
-134.785507840763,-70.7939154035184
-134.485572072879,61.127890524795
-134.249138585368,73.3279961710026
-134.085330966461,67.0245930676359
-133.878382819385,44.4880873774349
-133.724206830608,-35.6156764177652
-133.649011571421,70.1362318192726
-133.484739286757,-69.0775415640552
-133.475795839082,-72.3032840289154
-133.219192594249,-65.5726071117223
-133.162700935573,72.2330973169098
-132.827187120276,74.732062860842
-132.750801568625,-42.8586349671927
-132.695994211202,54.3147273915764
-132.665708626806,-50.6053737327841
-132.366106794843,-61.8050305708538
-132.165009047813,-56.9628712481942
-132.124892270219,-73.7759003274779
-131.884369910804,-71.3057089067104
-131.875451447749,0.606848721829859
-131.599368680296,30.4830742160385
-131.371421851446,-21.053356858483
-131.351619208467,76.0796877496542
-131.314477431385,63.8655206268941
-131.269459450643,67.8384904214205
-131.188801099359,38.6483361484959
-131.185119015404,73.5590848277326
-131.051961540531,9.02098019803656
-130.882284121504,-68.4200783427604
-130.865648565939,58.8926429613864
-130.739625399333,71.1042041192012
-130.733805153936,-75.2106184386905
-130.321750670892,23.4745310337049
-130.2345952107,16.0679837164712
-129.902717021952,75.3541515589027
-129.825064251636,77.3692933751966
-129.754610555169,48.8999297718014
-129.648643965784,-73.6608791435173
-129.592581899691,-7.59465954326632
-129.489597510491,-65.1608204182765
-129.303574578843,-76.6063190832753
-129.257068912238,-71.3798591977772
-128.327064438625,73.8665225909741
-128.25019749234,78.5994670040819
-127.944847532662,-60.4801033439073
-127.894242163471,76.5455067876059
-127.877194780913,-75.3881062970649
-127.835898680686,-77.9630457097166
-127.805511913819,68.4948530377621
-127.642428893081,-46.3527817148954
-127.567957515589,-54.3360289976408
-127.540329284195,71.5042612158932
-127.509343580589,-29.1048258663537
-127.133418538435,64.7643876074524
-127.111720315531,-69.0694762717347
-126.785723048847,-13.9411281208402
-126.713611448265,-37.2873751377778
-126.63352654785,79.7742541697656
-126.347851204368,-79.2969946218323
-126.28961887296,-73.1351711914307
-126.077371772818,77.8247727531786
-126.029831955674,53.972193790171
-126.007470325922,60.2439297368928
-125.781260347845,-76.612324781628
-125.557309642863,42.972993312244
-125.50685217115,75.1879720722559
-124.995716121855,80.9194059211589
-124.935817828049,-2.41516893391716
-124.877254182995,-65.2319127750307
-124.873228590412,34.6346759631962
-124.845398492162,-80.6146906302693
-124.837990638217,-21.4778114506331
-124.767297064536,5.08884600598875
-124.522056587773,72.307471180289
-124.302052491799,78.8277928742769
-123.994485593451,-78.3652607479899
-123.709400182163,27.4126062817194
-123.409238065117,12.5351271572379
-123.339747427404,82.0381251444115
-123.328695979739,-81.9159485899159
-123.26475061137,-70.5761104888089
-123.1852338283,68.3962125703163
-123.03240419567,20.0716781982361
-122.973494460275,-74.8770469877997
-122.957543093316,76.4752922904861
-122.829368269023,80.3149369164698
-122.323484780707,-80.5680685018606
-122.058287572134,-59.4774723894465
-121.797902523455,-83.2005848993766
-121.665942412992,83.1299652978478
-121.56843774154,-50.8457269607261
-121.420166570905,-42.0819340782392
-121.142798084559,73.1733745114271
-121.107480057249,-78.1574851467752
-121.033015441492,48.3933804442587
-121.011528133911,78.7805268910941
-120.923076470642,81.6273513075018
-120.794627989911,63.7683066406692
-120.470875724026,-32.9550216801289
-120.39432983663,-8.49542084834057
-120.253180378471,-84.4684176044907
-119.974633661651,84.1944785878986
-119.860018649666,-81.0880738574311
-119.740591113154,-66.2773251366491
-119.466947268485,-25.1355219452701
-119.439367646873,39.7457306812335
-119.237762514028,-16.3071292338553
-119.150284731142,57.033909582672
-119.024344473987,75.8644043069462
-118.966780772988,-75.6217805612823
-118.962947838238,-83.0992969157272
-118.745476657619,83.1143928584322
-118.716154282198,81.1228830659837
-118.708549890024,-71.706008234473
-118.694695172474,-85.7192665018758
-118.266164662861,85.2312160775037
-118.211504870108,0.0160741782610629
-117.998999401524,69.9914194832095
-117.620766213324,78.8126034353304
-117.403744619605,31.4995741914361
-117.251325483803,-79.1405732637984
-117.175386812059,7.85687630961316
-117.136940134489,-84.7230351845673
-117.122615874951,-86.9529532422778
-116.795627983914,84.0477582694278
-116.540890092033,86.2397278033294
-116.30131822575,15.8342271113067
-116.120811966066,23.7885842772677
-116.043931248097,-82.5399406485564
-115.776546949227,81.7424409098957
-115.537037071325,-88.1693603604416
-115.490480087321,-55.2544078231693
-115.479494791638,-46.7779605337617
-115.43852531979,74.2315690309092
-115.258644709578,-38.0539560514379
-115.045214193628,-85.7350707162844
-114.799176097625,87.2195629023551
-114.737300051923,51.7302355425724
-114.635945183191,65.1010432197428
-114.629128936726,84.5129149461928
-114.436661766718,-62.7967395530813
-114.293836539072,78.0940197898818
-114.133697479346,-75.5806508682552
-113.961552418087,44.5952279550452
-113.938118506737,-89.3683212300113
-113.470936915043,-69.8943185040708
-113.408755265286,-80.5376875356437
-113.393806007235,-29.1036385343234
-113.28626870478,86.1537570457209
-113.041400595964,88.1702697484074
-112.980874251267,-87.2739984163647
-112.828440263887,-5.34390737019369
-112.803686021676,36.7679312548753
-112.802330368346,-20.7919465373057
-112.701523353463,81.4972706524919
-112.650599389301,-12.787880268154
-112.530031447943,-84.2140674772116
-112.326119613666,-90.5496005575701
-111.819351280141,58.6965445436056
-111.567172915693,84.2228841310449
-111.484940376348,71.631034200096
-111.287622972744,-88.9987529783241
-111.267953573831,89.0913960992499
-111.147907210489,87.0301495168255
-111.067904635563,2.82840737870385
-110.701222622619,-91.7130277092294
-110.23478714465,77.3883671998376
-110.001747864688,11.0458575239244
-109.99437681776,28.2015724757047
-109.657658594904,-78.5607779861087
-109.587345698815,-86.6461891442342
-109.504200159533,19.2208291075265
-109.479237398833,89.9824892548673
-109.262516744765,-42.9638815737217
-109.196680348679,88.2940458487436
-109.148264080918,-90.1301709936517
-109.087025610981,-51.3183716071713
-109.063324400365,-92.8578428456067
-108.93357109435,-34.4847011092864
-108.895926447133,-82.6958243781426
-108.88471805037,85.4757335748803
-108.868425161107,81.6534811040094
-108.023524556377,50.9972134906019
-107.978638144959,-58.920542076231
-107.683281140604,-73.6638782954368
-107.67563838807,90.8431096463759
-107.406807770258,-93.9756726926289
-107.328231788485,66.134050059911
-107.19890179419,-91.798555140147
-107.11249159215,87.946679969712
-107.109727176889,43.2250404708965
-106.74678324245,35.4464190264285
-106.698837212204,-66.3438417870087
-106.637453609972,-88.5828467894974
-106.40527330157,-25.7187051007252
-105.979337758183,84.4068944766653
-105.917107822875,89.8025308848937
-105.857512557409,91.6729756396315
-105.808670967644,74.1081619264652
-105.730257436649,-95.0631795672116
-105.556048897102,-18.0362901402337
-105.538998891968,-10.3737249041371
-105.521162996774,-2.79037640880282
-105.472381207738,-84.6185536914073
-105.146030710557,59.1584103121989
-105.004423021153,79.6298208754585
-104.787983258222,-91.4368029995424
-104.245176425571,87.4443412487109
-104.141818698203,5.65843363304663
-104.034144880932,-96.1198654982549
-104.032401138359,92.4873684814967
-103.920055857079,23.0953547779285
-103.81086860204,-93.8742257703844
-103.728728445231,-78.9527014444838
-103.693450716928,90.3548394020338
-102.908352442306,13.9048067952814
-102.80797785331,-47.5990057888948
-102.790164244346,-39.4030525730617
-102.781346376481,-88.0413167418636
-102.318805605301,-97.145321658737
-102.301587488702,84.1549355693174
-102.241965242985,-31.5468150719394
-102.2054534139,93.2976374347068
-101.993972139208,30.3923205399649
-101.749713308372,-95.8321731076839
-101.747849437721,91.4241162998498
-101.554153533343,-55.3135394289097
-101.4982039743,53.0380685611047
-101.497404874166,-91.2063747944248
-101.385596366416,88.2702794086276
-101.006000626596,-93.9840897948088
-100.921535767497,67.3985834137332
-100.746069523654,46.0798718203089
-100.584874803935,-98.1389661253256
-100.376942361733,94.1043023471679
-100.376925994093,-83.844881166251
-100.34078885458,38.3635590503539
-100.288749114433,-62.7386527689248
-100.091911231044,80.1262183517195
-100.047763901728,-71.060943284012
-99.6825212247979,92.7052386653588
-99.4985165640825,74.5189893600922
-99.2941271907291,90.1669928994662
-99.2040490723767,-96.3093698297601
-98.832862124957,-99.1003076737019
-98.6664900421846,-0.199272235218944
-98.6582910802883,85.8665419059607
-98.6358619362449,-23.2259323951422
-98.5471508561559,94.9079045997698
-98.4750811091773,61.4165137288402
-98.3972674739392,-15.3610845717957
-98.2988952796543,-7.85315694502374
-98.2146955894488,-93.0281293855652
-98.0727141408958,19.3362719569707
-97.9037937142156,-88.7552607306445
-97.4339499464805,-97.9180650054624
-97.3933191861584,92.6152590419813
-97.0632903302264,-100.028857980153
-96.975231092136,7.73203016552581
-96.7163703577629,95.7090066825311
-96.641317563893,89.282548935248
-96.6098164779148,-77.73401931591
-96.3274848894845,-44.2211923921713
-96.1340762813441,-95.823427520894
-96.0494369997793,26.7710463056494
-95.8776025538967,94.1775611169441
-95.7246446975248,82.3558039043153
-95.6147162804785,-29.875621439801
-95.4630454662916,-36.9983914386721
-95.3112944733964,-51.6137421707165
-95.2766955407744,-100.924131838639
-95.2493965660035,55.3275021408862
-95.169614372668,-98.7423543503054
-94.8848993751909,96.5081914678284
-94.7052946102143,-92.7310854476613
-94.4854425477833,-83.8645041350993
-94.3717761050128,91.5773329281056
-94.2268977352003,33.6955245613456
-93.9950392311089,41.4845852191888
-93.9806464210484,13.6409529016042
-93.8781120914273,86.842872849467
-93.8695779620342,48.5139727185218
-93.6872562182396,94.681501272283
-93.6831590111444,68.696486781634
-93.4735773058101,-101.785670788321
-93.4571415870179,-65.5257213193087
-93.3889055390969,-58.3164679633995
-93.1371240879234,77.0511334337598
-93.0789967266844,-96.74203920038
-93.0529753454745,97.3060900272519
-92.9590139297259,-99.7127022155005
-92.5287757036863,-89.1127447538346
-91.6543932454627,-102.61304010832
-91.6380723364725,95.7596220819769
-91.5588647209929,-71.4660540744262
-91.5156969879927,2.5031540354034
-91.3956006136937,-19.3871102621112
-91.3509488937262,-4.4827989622412
-91.2623306009483,89.414688794685
-91.2384389979954,92.904967154889
-91.2202172110894,98.1036217953306
-90.9946520743736,61.7061005303417
-90.9807367355925,-100.950239878374
-90.8967881722388,22.1476164249494
-90.8453098754975,-12.1859761049682
-90.8121002511939,-94.1534359706926
-90.0422749992526,-98.3684377243155
-90.0027111426051,83.2687895830908
-89.8410226162486,-26.6517575473521
-89.8198656296605,-103.405693998708
-89.6499286918344,96.9908953795236
-89.3876749590269,98.9011005539069
-89.0939401878988,-48.5563052155518
-88.8460622547046,-101.64392525696
-88.8302259195582,-41.7552249605888
-88.7386371116199,94.7438899612765
-88.2497124995901,53.8506839799772
-88.1579826335293,-33.9343822622013
-88.1325677198671,-77.4806711724965
-87.9696366519033,-104.160657621626
-87.8962958753235,29.5083237198033
-87.8958382530624,-84.2511211154691
-87.8144188986365,38.126734552201
-87.6762490069592,8.0226019551948
-87.5556681584167,99.6991717027631
-87.4859746978105,87.7123293114776
-87.3875090441205,-90.670576169794
-87.3827151328565,72.8355592970464
-87.376498210008,91.7530610095551
-87.3358610047711,16.0673506827866
-87.255385716716,97.2477129157424
-87.1828250422709,-95.9071374647528
-87.1018518465699,45.6904721676151
-86.9720051737544,-99.820987764331
-86.5911624140847,-102.78674452925
-86.5796862290538,-55.1298592540481
-86.1933023174274,-62.8911693358122
-86.102320701463,-104.872417300641
-85.7243451319383,100.498564806638
-85.5295364132569,98.5972212079753
-85.4535451118556,66.6351698059509
-85.238330915686,94.5550274146656
-84.9747615533604,79.2417883123025
-84.5150304580786,-7.67952359096695
-84.4394561059617,-101.983260230588
-84.2188256889129,-105.540237873655
-84.0810850191539,-22.9622862243498
-83.9473214830494,-98.1377034872254
-83.9187766597708,0.173130479981999
-83.8914747852011,101.295371298387
-83.8534210178985,-70.4392394121076
-83.8414676022982,96.9106296168882
-83.7243683587322,59.2638353093801
-83.3895447421243,99.8624852181929
-83.2898303893681,22.5702432103118
-83.2047914332198,85.3597375594733
-83.1824784653341,-16.0233248689704
-82.9316669713608,-93.2875179472127
-82.8465961742394,-103.884585436634
-82.7937922979942,90.7913104788448
-82.3323739653748,-39.1284358288306
-82.3200791806228,-106.163564913104
-82.3194069175665,35.6083216880283
-82.0507867696989,102.07351042798
-81.8438895792886,-47.8026397405718
-81.7901745720392,-86.6374689511607
-81.7511412690657,51.0047013524405
-81.6323599127909,98.4127075340583
-81.5591872693871,-100.528205923815
-81.5311017514427,12.6866661696544
-81.4425539913557,-30.295652563744
-81.0722544016636,94.7656817512226
-80.8071828372721,100.68808056196
-80.6104480894089,-78.6369790188858
-80.4403112675953,-104.998403368049
-80.4071550857572,-106.741818128549
-80.4020085735809,43.3584765340143
-80.2019278262602,102.831586157776
-80.1664685963923,-102.685726309194
-79.989772505723,29.0000242299527
-79.5540475282959,72.9515046062615
-79.5478674583582,-96.8266707365352
-79.4736898755902,-56.3303919069821
-79.2401568174657,5.79010713929731
-79.1079527958908,97.9683900803679
-78.7854077568184,-63.5835459466609
-78.6093232275515,101.214215743846
-78.5513545185504,65.2483952123552
-78.4810669202073,-107.274462841446
-78.3446008531567,103.569725864354
-78.0656712710169,-105.747309287647
-77.763531484871,-11.1220465906619
-77.6931023583048,92.0736966588467
-77.6542478025048,18.3185029363848
-77.6446975541732,-103.558251182454
-77.5890049678283,86.9424187794762
-77.3157846579343,80.1566960782655
-77.2406718675842,-100.155226073357
-77.1837636376839,-91.5924072230765
-77.1477722395494,-23.065756683863
-77.0895454050533,-4.10462848713141
-77.0655642833316,57.2435644240615
-76.5907794897304,-71.8039710586225
-76.5428493495817,-107.760980808814
-76.4846475811598,99.4795699153078
-76.479611784987,104.287618321579
-76.4602641872685,102.439983570006
-76.4298230585968,95.796468759618
-75.819266630458,-42.8547641575688
-75.7900986552959,-35.3972587769041
-75.7820028891276,36.5396645126499
-75.6375030121402,-105.956519818551
-74.909118257298,-103.252694018182
-74.7813475429182,50.629426016264
-74.6120006000893,-84.4201093182361
-74.6070125904895,104.985262558753
-74.5934329891403,-108.200897724064
-74.4524705777238,24.3907720033542
-74.3853532509018,-50.8157201834799
-74.2470457835903,101.172078380852
-74.2394724828082,-96.2298672058437
-74.0104794998611,103.55298249506
-73.8248239480832,-17.0365462844745
-73.6263194318219,11.7151198724339
-73.4437971429736,1.77297143341788
-73.3875365171287,-106.381614256539
-73.3722043392119,43.6006694640419
-73.0578884260291,98.1985792093223
-72.7906841399744,-100.157793953295
-72.7267580080041,105.662688469547
-72.6541462382595,-29.1023848572808
-72.6339908142511,-108.593703223975
-72.5656429819106,69.0889209280304
-72.1928075152797,89.5750850764254
-72.1866449032772,-65.4217367136984
-72.1770781086141,94.3017558713747
-72.1446685702337,-104.003637216766
-72.0883304286821,-77.999872565615
-71.9913753511932,30.9312698624574
-71.9320967724696,61.1519996517029
-71.6634117572469,101.870133135394
-71.5993047100295,76.0716894453149
-71.50732542456,104.230498124878
-71.125912049495,-58.0778075743299
-71.0732559546151,-107.052730438004
-70.8395541614234,106.3196607223
-70.6656462897242,-108.938927102561
-70.2920637664859,-91.2904926957957
-69.9955944792313,-10.4413650982675
-69.8528369621008,83.4424284002833
-69.7937880274558,99.140092140004
-69.5878062399182,-105.014304925958
-69.5107015073254,18.5995312211744
-69.2591518698483,-44.4712349760597
-69.202942255283,104.923784401259
-69.1486467427981,-101.465244251568
-68.9554824076897,6.58591587107655
-68.9451392283073,106.956291556088
-68.8398848491031,-4.39994012858075
-68.8126315149058,102.543870627369
-68.6895202835175,-109.236124792496
-68.5211949288951,-107.541320426658
-68.5160993785561,-37.035874807407
-68.4827719027941,-22.4852226895147
-68.4542413772356,-96.7459454910101
-68.4283909630371,38.4065585465547
-68.2311895599494,55.1416690070019
-68.1818998390288,-71.6369572437752
-67.7685289281353,47.8304774440361
-67.6412861683136,95.5969224669392
-67.0440733789452,107.572413080071
-67.0355692079736,105.584345600151
-66.9216592477103,-104.958188205622
-66.721583566168,-84.5551530601278
-66.7070392322654,-109.489403830909
-66.3745906020387,-51.3759733668529
-66.3349281116648,25.232730651365
-66.25617499481,64.0957899357565
-66.1403384130077,103.354749562288
-66.1049147733635,90.8340226850228
-66.0915454620527,-107.560375225433
-66.0156133922087,99.8943097745766
-65.4231138474385,-101.513035762523
-65.2606899835292,71.3977047671513
-65.1365168556484,108.167819200364
-65.1312937403825,13.3183060885243
-64.9623640394531,-64.0748127293264
-64.9457865205614,-29.9545208627692
-64.9416014294635,106.509412593384
-64.8421049594944,-15.5948774272998
-64.7496583805499,32.1921997175453
-64.7215975568687,-109.718325542903
-64.3303865974578,0.0909244560976166
-63.9495743993779,78.3258424511637
-63.9370912140028,-104.858616948025
-63.8712602993389,-107.724997093752
-63.8654381319336,-78.039207581647
-63.7489180976575,104.571041191106
-63.5163917043506,42.5823803082614
-63.5072091611897,-97.4764786516619
-63.2192568607388,108.731683201879
-62.8932665122525,-91.4384603479428
-62.7339623648725,-109.925174068674
-62.6984028761954,101.43297764651
-62.5768403956492,107.126696238048
-62.5249600516806,96.7769559235724
-62.3211825659133,-43.8146013499029
-62.2033457699921,-57.2472943607414
-61.9030172056137,84.957093650669
-61.8557309097098,58.4436376732457
-61.7105530509883,-108.200142480185
-61.2997108016472,-105.595157626982
-61.291243307284,109.257094932286
-61.1868687768478,-8.22032059896165
-61.1627022272107,6.71852802977396
-61.0575849199864,50.3378985932093
-61.0086146465522,-101.657437372791
-60.9561282426848,20.2975673839714
-60.9474946805449,104.797031253992
-60.744400806955,-110.109930166676
-60.6946137745059,-23.3450625042729
-60.6500343526198,-36.827953676004
-60.5513657091276,-70.7255655292138
-60.2308107702658,107.480716431427
-59.7108757759516,36.1816103767984
-59.5482613334989,92.2272826948906
-59.4337727190377,-108.019887264925
-59.3550875396139,66.0979754261041
-59.3528978343686,109.743738885907
-59.2255143379246,101.216953835834
-58.7522933228474,-110.272650394749
-58.6281444759559,-84.6692093807851
-58.4605683494965,-104.881123211179
-58.444717992745,27.7152993401632
-58.22972398144,-96.3687040564895
-58.1479609460868,-50.3205799226092
-58.1237029796996,104.892794323729
-58.0976013725944,107.903403620845
-57.7415543265432,73.1364237522192
-57.4053261012381,110.191134996219
-57.3879555322108,-17.2468742664798
-57.334925615005,13.7178933691315
-57.3151808416062,-108.236699547645
-57.1210756767593,-63.2457188099211
-57.0493191365948,-1.00290761889944
-56.8822830036334,97.7651453895301
-56.7637222025109,-30.1291951796663
-56.7588154681877,-110.413243667232
-56.7124731651038,-101.021718313258
-56.6790977448518,43.4790058349847
-56.3238804881229,-77.6849303092667
-55.9606183250451,108.679165657229
-55.9451923965961,79.7478699781833
-55.7996921754556,-105.676992694163
-55.6304856962048,54.6021816158517
-55.5543781087069,106.158657978314
-55.4488702766719,110.598996732304
-55.0411598524004,102.486101747119
-55.0147401869222,-108.591758488573
-54.7642010210649,-110.531718799978
-54.4998256552869,-90.7391319002729
-54.4799506259795,-43.4232128428759
-54.1849013329058,86.3612623530134
-54.1391704124698,-11.5617643454604
-54.0612248079684,61.4628584595399
-54.0023943892484,6.29363925716747
-53.7347243184891,108.845559136581
-53.6070708058655,-56.110854341431
-53.5496061946937,35.4138280554857
-53.5466640394465,-102.801677055521
-53.4847042867947,110.966867016169
-53.0968715318772,-69.9367508543396
-53.043033565666,20.7631801651362
-52.9171146363502,-106.491702600247
-52.8402086862216,106.219857052643
-52.8116428898638,-36.8806134988832
-52.7829995498951,93.4679638976056
-52.7677892781002,-110.628130216914
-52.6436357358556,-108.987057728824
-52.3932858577577,48.6626585739113
-52.2919012445371,-97.0052766192343
-52.0658375591912,-24.6137485986079
-51.6816900350585,68.2712627486717
-51.6681607358578,28.5965803749585
-51.642051214612,109.474463479983
-51.5132403436618,111.294453025671
-51.4776264249662,99.1683490346052
-51.4164544452929,-5.66668985939534
-50.9859704673707,103.389745146869
-50.7708509314268,-110.702439132888
-50.3574255956724,-108.502491787957
-50.3330078110227,107.481246380713
-50.2042327312269,-105.530760093155
-50.1552068470032,-84.0460985090081
-50.0873331158348,-101.608440908875
-49.9337111005013,13.5308921521136
-49.7477969197498,74.9102293596683
-49.5356157403702,111.581344556192
-49.5158924023921,-48.8520922715202
-49.4444046262344,41.2738842841878
-49.3384210711696,-18.4706288035525
-49.2944702304086,-76.7801959291078
-49.2302593108409,-62.7272783487098
-49.2070902581848,109.969092212656
-48.7731141783302,-110.75469232965
-48.3954073747544,56.2830807772462
-48.3598327256921,0.395038743298183
-48.2735192784384,-109.026708443163
-48.1344180095312,-31.9654181883692
-48.0907176739325,105.115172138405
-47.8742878577981,81.3506704754824
-47.5523135373883,111.827245799517
-47.4457063365624,-106.64759037957
-47.3402125108578,108.126038064557
-46.7792267170409,88.1350672401533
-46.7748378472225,-110.784917206604
-46.7479310966578,-97.8548563767642
-46.6736360329571,-91.3612604800665
-46.6392908833849,-103.352561164665
-46.6202798802942,110.298219848316
-46.5531910336279,95.5087583885488
-46.4737114322443,101.010661097232
-46.4163620379236,6.86922234070727
-46.1719961839412,24.6715280220713
-46.1226368653298,63.0365788638624
-46.0576126221909,33.9188438998857
-45.9865744796878,-11.6385968050824
-45.9069485725049,-41.0472806674653
-45.8464446794355,-108.790902058901
-45.7441818775406,49.421920150769
-45.5644782239508,112.031822705946
-45.4524387506592,-55.6719339919282
-45.390062091709,-69.6306187649712
-44.7766683343336,-110.785784448982
-44.757913459123,105.269621488517
-44.4766154219853,108.346794247351
-44.3496410221752,17.8221819159365
-44.175704428058,110.536926644363
-44.1392162461224,-106.114057105243
-43.8347658074036,69.8167474145401
-43.6322745520406,-108.84766572682
-43.5739559053876,112.212266094006
-43.38597432425,-26.1649394844394
-43.2253605847146,-101.64435767813
-43.1949574309898,42.8833566820476
-42.7785023159579,-110.747291654267
-42.6491929424986,-5.13707265628352
-42.4471440682857,-77.1165135984313
-42.3115184789128,-19.1751631990589
-42.1393533622417,-84.2388440016317
-41.9684454833026,110.182792086455
-41.8919320397405,102.841143439224
-41.6633723702152,107.113100619725
-41.5980098279327,76.4412426919773
-41.5831329788835,112.38309604216
-41.546047774142,-108.392466497594
-41.5372038838875,-48.5214507157369
-41.3323798637047,10.5958859295607
-41.2928546842103,97.8105072842959
-41.276337564472,-62.7066259342735
-41.220460405912,-104.87357894428
-41.2131614092583,-96.5692890012205
-41.1564041742129,55.8476326644548
-40.8216769556844,-34.4721002806128
-40.7817962814233,-110.669124459432
-40.6797806761101,28.7343565645744
-40.2483456267931,83.433582253404
-40.0753173625879,90.7063710359289
-39.90088966646,37.2289079888265
-39.8249250462253,1.75132441589171
-39.7571112673013,111.005579655687
-39.5909807077077,112.544792848736
-39.3499187121026,108.77540449097
-39.2556599095951,-107.009240352611
-39.0545290973885,62.1782792685377
-38.9834143095528,-109.128338098278
-38.7867076621313,-110.550989834382
-38.6932087055825,-101.125218990207
-38.5255311437385,-90.9510138739816
-38.3988928445232,-12.8839976767116
-38.3966229015561,105.384952060963
-38.2099474627252,49.1355655467856
-37.8744501514447,22.1905053089582
-37.7914688764125,-69.9843969237118
-37.5985489021081,112.697664949211
-37.4717535079126,-42.0329574445227
-37.4132818229189,-55.8287484776715
-37.4109358262926,110.870034713625
-37.3726771175092,-104.902077046197
-37.1636713717422,101.466384306483
-36.9228275038883,68.4122157774331
-36.794770972482,-110.392674269128
-36.6326411190803,-108.191325997738
-36.5260134974865,108.209957461065
-36.0798365087903,15.2189019273889
-35.6052806016513,112.842151874683
-35.5949808603509,-21.1378560990979
-35.2864425546198,-77.3776353381236
-35.2778462626937,111.187345702461
-35.2524268830682,-28.3911459001665
-35.1838108516138,95.7792386971861
-35.0958885110975,42.9296128967057
-35.0059607983296,32.5446880764137
-34.9942998720226,-6.55227515502639
-34.8540612081321,-97.1645411459109
-34.8060865737992,-110.193872844857
-34.7032412572626,74.5128966693521
-34.5153495608737,-102.175828124519
-34.4567085627413,-105.904438332858
-34.4172793879067,7.1436886265785
-34.3388794066146,-108.403187963239
-34.1466799143136,105.304709287097
-34.0487865928497,109.025726705657
-33.9798251572374,-84.2469104176233
-33.6181003934464,80.7936417134223
-33.6114828924816,112.978624310835
-33.5421831795121,55.3623998341435
-33.2819864374704,-63.0762032519348
-33.1744091197856,87.8852404675124
-33.0834486406844,-49.3335872128108
-32.822245801705,-109.95442367612
-32.81622280128,111.250715402885
-32.6590460081211,-35.8045242259468
-32.3292313258808,100.94565168223
-32.0433358624742,-107.820702901302
-31.8971998877315,-0.595031322282778
-31.7318174010788,26.8928394675279
-31.7228360753988,61.5311605106193
-31.6174250763147,113.107455882235
-31.5451593286283,-104.934148227117
-31.5069029304356,108.319899243664
-31.2122497937561,-91.6433006024887
-31.0306429246537,-14.5700067179221
-30.8434443521913,-109.674022523455
-30.7912340886621,37.3899454187277
-30.7548264061274,-101.076011488632
-30.641419603886,111.123091784165
-30.2998517651805,49.288213559514
-30.0468498913956,-70.5999106759954
-29.9543440134632,105.293414649421
-29.8465060197752,19.9807519969556
-29.7144453077538,-107.39340801118
-29.6225047844418,113.229068993297
-29.1986568567239,68.2481795283018
-29.1344766111892,-56.1835806862835
-28.9988138703863,95.0022678251852
-28.9971420331238,-43.2338734379509
-28.8711783468146,-109.352542275794
-28.7384977106075,12.7577350705959
-28.7077292520818,-97.0418805679756
-28.6232489950523,109.087359001189
-28.4486042612807,-104.414039302631
-28.4154389628803,111.717268603219
-28.2929103421916,-22.3891387283196
-27.6736268510505,101.417707609344
-27.6273842354739,113.343797967789
-27.4979974240402,-77.8155366413796
-27.3910669019461,-107.056535393831
-27.1196361365264,74.4223951347208
-26.9957673016219,-29.8664953369205
-26.980712820051,42.9724995018255
-26.9243755171977,-8.47433027978581
-26.9058612640575,-108.989704955764
-26.8388569250857,81.4919542400451
-26.8269883876243,5.20320451639538
-26.5856184818654,106.862243185978
-26.413404774041,110.814299898299
-26.3262852923987,-85.0651921925013
-26.3163322785584,-101.249277882235
-26.1415080828821,88.508490224733
-26.055796044049,32.5169574356776
-25.6319646549173,113.450431318394
-25.3112032394026,55.4399209679716
-25.2685414111764,-104.518131525306
-25.2669780116852,-64.118732299037
-25.1193581588529,-106.980562643268
-24.945155857751,-108.602242808183
-24.6680353428682,-37.5964467797986
-24.5606799425634,111.719032486697
-24.5119130498568,62.5459998911327
-24.331608195998,-92.5715194430847
-24.2788739609647,103.877343588228
-24.2023608351156,108.717834115472
-24.1091800496543,-2.38867498745169
-23.9738548503396,-49.0869671077179
-23.8777650738487,25.4278421838178
-23.6353543371221,113.538068466133
-23.509769746056,97.5303076842364
-23.3488147509376,-98.0515178836589
-23.1415307601341,-16.0268528050126
-22.9855625420488,-108.211099112307
-22.8500568285958,-105.967969786109
-22.5272367104978,48.1858527920083
-22.4968830456131,111.454743144507
-22.4927907815724,-102.549128384267
-22.1077060564732,18.7236624657822
-21.8748746901212,38.8953625373231
-21.8646988534348,-71.5834121792014
-21.6825914629845,-57.2185840094717
-21.6380196812378,113.604578425834
-21.5437920056296,11.6876483601907
-21.3804819945515,106.082742851393
-21.1463374125747,109.234889651084
-21.0260703644022,-107.817160570378
-20.7474502039096,-105.498526252024
-20.6869198172603,-24.069347143673
-20.6422853432189,68.6929950836783
-20.3364039238426,112.12525319411
-20.3196944143882,76.2981929648662
-20.2609208725551,91.7403938660065
-19.917209268622,101.153123465083
-19.7974100018704,83.7980652812099
-19.7123374989325,-79.7927751163331
-19.6401771272981,113.65001384054
-19.4389193021958,-99.4602743573007
-19.3174542471969,4.43853292749933
-19.2319120023766,-102.953557780413
-19.0673187044989,-107.421650231212
-19.0412618643224,-32.306104049952
-18.9487483961945,-87.3660533041945
-18.8228036278382,110.728443306125
-18.6581025800762,-94.4485814296511
-18.5682638082937,30.8088115146665
-18.4077054251273,-105.404491611354
-18.3350371010601,-9.85399663485262
-18.1072152760225,-41.0997359742614
-18.0827416333797,60.3671070278655
-17.9199812030404,107.929758942723
-17.641898323886,113.674430261656
-17.4595802443439,112.158307425726
-17.3795270052832,53.2071366527771
-17.2782143842181,104.33901923837
-17.10877052091,-107.025600536921
-16.9778410627485,-2.20978422309287
-16.9598662138801,-64.8254271728799
-16.446212277448,44.8753948003258
-16.3046795384124,-104.857954655173
-16.2801082589346,-102.298024085661
-16.1123262155409,-48.5127861106011
-15.954476683082,97.0767337258962
-15.8304907174009,109.813559492546
-15.6434219596075,113.677879475649
-15.5472128537138,24.244108518044
-15.4961889581256,-99.0157618111509
-15.3500611220141,-17.7982600288787
-15.2836026712287,36.9808482376055
-15.1496123878877,-106.630028288868
-15.0612959018663,-55.83449217554
-15.0183632137863,111.983502601102
-14.6516820179445,16.9178137362443
-14.5011706589347,-74.3191361938914
-14.1788572406823,9.7201394366079
-14.0539806123772,106.432903074114
-13.9819695616395,88.5966057389497
-13.9801287512589,-104.375287834579
-13.7301872287272,72.819495476321
-13.645082444488,113.660417088026
-13.5294635956291,-95.6264378428002
-13.5118528344788,80.3546943771173
-13.4243015592256,-26.6209448299616
-13.3695464909874,101.527350797343
-13.2688841723675,-90.2125273858918
-13.1903020666638,-106.236241709223
-13.09222931619,109.426826072547
-13.0684468713397,65.334244312487
-12.9697776539302,-101.736340516271
-12.7143933987851,111.786489104704
-11.6470822724482,113.62210175945
-11.6333538255182,-82.4524350881898
-11.6249043074073,-35.1695448935874
-11.5535537479559,-104.228628607572
-11.2305121813857,-105.84541584116
-11.0768651181978,-5.81801680680679
-10.885889547521,-99.1904251339633
-10.8215407559091,2.79090480145395
-10.7606077300739,57.2848601958981
-10.5461799377464,109.080622318205
-10.5003926039411,105.806381842168
-10.465892997899,111.664806350688
-10.4584622979938,49.5244114130388
-10.339167484375,31.7181773888299
-9.95978990460642,-60.2720922794174
-9.90539035874234,-102.698500391647
-9.89464378189887,94.7563921468029
-9.87795316258455,-69.056901397806
-9.87359581478174,40.8385843429205
-9.8388589809957,-43.0753633084897
-9.64951942679372,113.562989070484
-9.3430866990424,-12.3628708459655
-9.26993156042703,-105.45874479806
-8.81341661199139,-94.4943641432498
-8.68414710483113,101.580409714682
-8.34693582586784,24.8631761418674
-8.2142321516094,-20.934860705781
-8.10864229118132,111.752481073613
-8.030346717408,109.431284669568
-7.95433974934087,-51.2841957731413
-7.93693401265194,85.8736765716866
-7.65253298764817,113.484747084253
-7.63684939813783,18.0068976690418
-7.54086961283827,-103.600612341105
-7.52778661136898,-101.165256402129
-7.45905859106168,10.9029314127257
-7.30442715166388,-105.098001015098
-7.25440718251042,-98.1312457091396
-7.09931494059746,-89.2993598957805
-6.9338416491716,78.098887320865
-6.84485935385999,106.386207698386
-6.84103833231784,70.3263725282382
-6.40663556229544,-76.9513490514777
-5.92829384739103,-29.0829998442689
-5.73338618270717,62.3418002010085
-5.71763333450044,111.832669782952
-5.65551175437937,113.410287502793
-5.36373938881639,109.651525026585
-5.32729099233452,-104.808460085567
-5.06486180587205,-102.777030934823
-4.93631216348722,-2.88635037718817
-4.58874790741484,45.0674716067947
-4.58161074191831,98.5179479725087
-4.29357702098358,-99.9245323329345
-4.1023576839921,36.3080478292577
-4.05718248661149,-64.874640726248
-3.99332042190358,104.120988986841
-3.85451705277775,-95.6229001150031
-3.67410996896603,53.8612638113626
-3.65812395115153,113.347393030929
-3.4219813095721,-37.0401442117723
-3.34026372755504,-104.596747644785
-3.33028088459354,4.9244497274103
-3.15221216623463,90.8883241577206
-3.13084678008265,111.448573167243
-3.12861127241127,108.31865354935
-2.5566857010754,-102.316023550066
-2.53277226644468,-84.2695958068339
-2.48330645089786,-15.8608404690118
-2.27407376448943,-57.7110542083682
-2.17171232895777,28.9097348231196
-1.92840273009065,-44.2731330969905
-1.83535734342278,-91.6090700497551
-1.66039052980718,113.296438087009
-1.34619539697985,-104.467171244494
-1.28855264031371,-98.9560652400697
-1.18993227733423,-71.3212991038725
-0.857222286452382,110.683087477631
-0.737974740400018,83.6725088936174
-0.736518020030967,21.1682731953125
-0.722580785884954,-9.01518510019879
-0.534781180323222,106.825731159398
-0.528277253396082,75.6956345558923
-0.280694032715198,-23.1113120280496
-0.27364942967605,-102.157482206164
-0.252173960722663,13.4492888416279
-0.0238582565034459,67.6780778407049
0.0605516754369419,101.977613041354
0.33403044534757,-51.3788733356308
0.337676675276922,113.257679647951
0.651547505216193,-104.422429187264
1.24301156029359,96.3373017438306
1.30498746152868,48.0461971003066
1.32123884888435,59.6838933110936
1.33455357427395,111.429687980861
1.37919675467833,-95.9318985692178
1.77678351572653,-31.2992782310355
1.85203280313104,108.762968662873
1.86162862050128,-99.9217091197207
2.08197274812012,40.3278457817517
2.13354837856482,-102.601050495928
2.20636419408306,-77.9257232908743
2.33591076040988,113.231254313171
2.37361840286077,-1.04926031930075
2.64934328590459,-104.463346601791
2.98167588997862,104.647533188679
3.00242383244116,-90.3518443753715
3.3997452142073,-63.9463373628692
3.49510619074579,7.06639473407293
3.75227406467599,111.156077274561
3.86654727825744,32.9680540763103
4.33426165065678,113.217169863942
4.4293055104257,-102.332351533586
4.64361044718562,-104.588795538475
4.74074567032251,-99.2552250198404
4.84981216811395,89.65736024579
4.90560301544053,108.29457881999
5.19025337412417,-15.859144952858
5.29124759978202,53.4081123809739
5.450386244258,25.1774709717979
5.52570207136909,-38.9753143007726
5.65990775201387,98.8708218243931
5.68465182226537,81.1291129120072
5.81341662137742,73.0945012241223
5.85257051232608,-95.4078846798144
5.94514591606796,-46.7000622692354
6.02549894744025,-84.3709937866589
6.15953677056578,111.251666484974
6.33268390153041,113.215308520562
6.44927366257734,-56.6150855778648
6.47457807009088,104.417642038909
6.59548855065567,17.2334872076324
6.63109620948276,-104.795815460223
6.81150083893248,-102.639918733458
6.85276555091923,-24.6277402641814
6.92728765478861,-71.0394658031183
6.95026263859488,64.9987764472381
7.08213994855513,-7.36984161278272
7.86069939549705,108.734377277401
7.86832727067319,-99.791244086759
8.26527916328815,45.4681657829846
8.33113801136049,113.225429448171
8.61029016001716,-105.072990021068
8.72498559837553,111.238497962775
9.047013492813,-90.7201787669678
9.27366944667918,-103.010382868082
9.32074884004782,10.0869525786958
9.42772385735625,1.31819274715305
9.44478686611942,-31.8242901106907
9.74514957982686,105.964647208168
9.79923990286359,37.9623951484573
9.98735844123763,58.6588848826371
10.0991556606484,-96.4040160972558
10.1898254714403,100.99593529824
10.3294112226556,113.245858347034
10.5864367228452,-105.371027958533
10.6301651422748,-77.8589517285541
10.9981535577317,111.472581290578
11.0273846288407,-100.551640883139
11.0780152325188,-63.7435147236231
11.1008710302853,94.2101924657915
11.2960017704133,109.046310572292
11.3530266987893,30.1462835111181
11.4101153502784,85.8055203243301
11.7039954105763,-51.2438864060546
11.7437614290019,-103.533026332098
12.2084650484336,-20.6538181897671
12.2648568984377,70.1091728076134
12.3277190392034,113.26333955168
12.3656484078699,77.6458809636521
12.5608709721615,-105.680155676408
12.9274895179881,-13.3735072405128
13.0371089003962,22.5748716212032
13.1411190080211,50.9490868996614
13.1784475020378,105.414174140199
13.4010212365633,111.281273723388
13.4193011275513,-43.6360920054178
13.9271292763407,-92.7207578505909
13.9449335494,-98.0450636349827
14.0183949729796,-101.750778353634
14.1678141039968,-85.0239073022158
14.2201321381479,-104.219906340857
14.326118535603,113.274349627333
14.5335373608849,-105.998930993507
14.5773484771376,108.731078936
14.6710242454577,-6.26183485094954
14.6881752623802,-36.7103419880752
14.7444184586714,100.756259755462
14.7766863590415,15.6081520509743
15.0389177118849,-70.6425323376647
15.4516616101041,-57.3963347345658
15.6983653872966,43.1213514741281
15.7507841069804,64.1766488108718
15.8724452952858,111.315979804335
15.8831966676142,-27.4501710306946
15.9899248199043,7.5628909385333
16.3246176909932,113.27863389363
16.3357234458045,0.198165284285231
16.5048753960383,-106.325967653247
16.5115337905697,-103.953786835323
16.9234654742439,-100.794428228678
16.9655716849644,105.451439352763
17.126528393085,34.9123025186187
17.381131666099,56.8291655475335
17.6748772892278,88.6847342502806
17.7793967603528,108.89832679815
17.8568688739957,-96.3785706570804
18.051030525366,96.302531528922
18.2871272237376,111.493662475922
18.3230156540518,113.275916058844
18.4007888129468,80.7836840216359
18.4751676198595,-106.659852595207
18.4802474066213,-77.3257869780235
18.6101590974344,-105.110843832773
18.9758049484616,72.2179967814193
19.173796557516,-90.5958340667394
19.2183075574305,27.2837156768087
19.3872754572807,-19.0184323827906
19.437906940034,-64.0378628141314
19.4598206088969,-49.77948369752
19.4692876852555,-102.906844831317
20.0155826911561,101.94900697828
20.3213394054799,113.265901465147
20.4447408471724,-106.99919376884
20.4579239442714,-99.7781887370871
20.6115385215709,111.638805477947
20.7183322304126,109.428568170252
20.8152439296738,106.2974035691
20.8910118220065,48.6075323764125
21.0411246578187,-11.3995841878759
21.0456155639959,-105.228533463741
21.2717623951903,-33.1756168686906
21.455711021936,19.9406379105749
21.8286248885902,-42.1556963198566
22.0346065692565,-83.4776840459809
22.0445851008725,12.4671120234412
22.3197154456656,113.24827678422
22.4135363455944,-107.34255870418
22.5277283571895,39.8240855979344
22.6699199165991,-102.84952724781
22.7662475466761,-95.6232943414676
22.8445729071922,3.65817948308457
22.9823333390146,63.7361133349146
23.0499179635295,-4.16048908281471
23.0673618778809,111.353226246364
23.3497886196059,-105.497268722536
23.5497941130669,-56.8459352795472
23.5852789072338,-70.6788081349752
23.7013482967853,108.695110312456
23.7336156758964,-24.6868261694609
23.820369853495,55.7797517758087
24.2033871121554,93.2126220824766
24.3181243648643,113.222714036236
24.3712217918191,-99.7519149630314
24.3814811523116,-107.688548619691
24.4410036433663,104.759768439269
24.5191557778654,99.7216518014136
24.804764528004,85.4397335327226
25.0489505434236,32.1900732180323
25.2131496393395,77.7749809556272
25.4352128164743,-106.070936896213
25.5315422085628,111.07864068687
25.6681461021325,70.5294226643442
25.6901153137535,-90.7880911367538
25.7711478405708,-103.53096655851
26.3160946077706,113.188881700017
26.3500798254572,-108.033945103815
26.6507927694112,107.89447764154
26.9161125726674,-77.0183347701976
27.1640019771633,-16.2384037119693
27.3603638182825,24.4087760718719
27.4034317099768,-49.395294633909
27.4823697711198,-63.9048961619748
27.5315898339509,-106.093488335244
27.7085404321031,44.3318243682078
27.7878033517937,-100.929476912207
27.843842872315,8.19702953211685
27.850721702278,-37.1464549834777
27.8566474451759,110.976789520483
28.246752091699,-96.5360329238759
28.3141390462666,113.14575458793
28.3204295220529,-108.36774709278
28.6411314170461,103.552266507466
28.7940050085518,-29.8594994969809
29.1898814858581,-104.073814428684
29.2144087283156,50.7407746306251
29.3537008033989,-8.64901161323533
29.41138236449,108.06187328614
29.4524781898273,16.2686712138464
29.5179959878382,-106.936943662351
29.5307163305529,-84.285201458843
30.0645074232568,-0.136127302367281
30.0814045719435,59.0097284108292
30.1260500251766,97.6506611867676
30.2270917979015,111.154575098088
30.2928619100832,-108.688183249966
30.3114734282461,113.076782280177
30.7229754323691,37.6042572523679
30.8834356017231,-43.2754099321316
30.9156886940462,89.9783162299293
31.2175667392529,66.2280131534578
31.2807034832979,-100.807538045778
31.350107658111,-106.355473583384
31.5039513511301,-56.0352111582595
31.5307839881193,-21.6460680602143
31.8455085341928,81.5689171571205
32.0112768445827,-92.2030162644636
32.255631327717,105.678663877383
32.2679080804232,-108.994883411438
32.3002237158027,109.022704415445
32.3071825783626,112.975061623732
32.4321154829897,-71.025720459068
32.4964017094004,-104.01356151682
32.6646273584196,74.0446585521614
32.7436197881753,111.222555799955
32.8977158159433,30.0075328240544
32.9270528218246,-107.44685134876
33.6559909944589,101.404164826574
33.7922905087776,-97.78209996901
33.9821871503958,8.37131751276606
34.2445078332551,-109.287258467965
34.3011001515433,112.84071504496
34.6340615373014,-78.7351975000151
34.6440620857481,-105.689897559014
34.6698936415981,-63.1554476154857
34.9867009488461,110.941676632796
35.0425861491575,22.2165153370857
35.2774567674965,108.457023314353
35.3555491238109,-107.782994231349
35.4634359854731,-101.993340901257
35.5804959308207,44.5864222880003
35.6726347703712,53.0791856143936
35.701408511772,-35.3346205385898
35.7142711166778,-14.1159372951355
35.715620047635,-27.9537652211781
36.147675256196,105.421930455927
36.2238629817838,-109.565085395269
36.2925913739147,112.673892564666
36.6301093965951,-86.5655542553387
36.6769576279113,-49.1722723662636
36.6981657384974,-6.23044208123783
36.7303865051641,95.2786541246685
36.9444071038319,86.4473272333564
37.0946846179958,1.23322671879867
37.1858921270845,-104.838881392444
37.2728154209499,61.466112811251
37.3327747789139,110.547886494048
37.3907186420101,-107.596811105924
37.7265691825526,14.8967583622629
37.9104245047983,-94.5975076861766
38.0881707507689,36.3240944717306
38.204620795866,-109.82779972454
38.2809810043119,112.474764144507
38.3678885463658,-41.8420613616443
38.472548168004,100.941305974615
38.6886924453439,69.0408094456147
38.6990490411069,-100.275572009944
38.8297722926584,108.365394990923
39.2563066992999,77.6946125782679
39.3685741086002,-107.618861172237
39.4974254004651,-55.7609565444483
39.5663589371177,-21.3852957005348
39.6627004995299,105.310605038042
39.7416438841746,-104.601812981656
39.845626051328,110.589798309986
40.1878442790594,-110.075194361797
40.2660527695361,112.243461024073
40.3050166423194,-68.9010063248983
40.4981876338578,28.2204764399204
40.730412784,-75.582468678105
41.1337315288541,-108.216436016674
41.4727968711025,7.39638342172532
41.977736517177,110.11274246917
42.0605699181725,-61.9258529674023
42.1727534382873,-110.306842721833
42.1877425865956,107.557814723035
42.2469877675517,111.98018824667
42.4307822247138,49.1767607080502
42.4353592475013,-105.8019927601
42.4437845862557,56.4744754343342
42.4817201886765,-82.6197324322872
42.5571913263449,-102.098778835671
42.6349766114629,-29.5156866743334
42.8085216913856,103.395375247795
42.8492676316071,91.1241510161444
42.9685983075336,-97.3297361984858
43.129398359393,-90.6736487439253
43.1398279330048,98.2809784848318
43.1499337573263,20.7201587461825
43.1881996670189,-108.538482798747
43.2694698945081,41.974720536984
43.3900004227078,83.6595394822197
43.8934416412318,-15.3443328187661
44.1234099523349,-1.10632412684851
44.1246041277846,-8.32057394921188
44.1593746017735,-110.522448501894
44.2235006450803,111.685095428394
44.3486788799449,-36.288146031294
44.4021535237131,109.681430401995
44.8344594216222,-44.5383050347134
45.0177962984668,72.0666051347698
45.1059313027184,106.805058010726
45.1385793346321,63.4076920866491
45.1583500741462,-106.145253971263
45.204497527391,-108.72531400407
45.6107534965319,33.9220523617892
45.7188217987594,-51.2166989989163
45.8992996086967,-103.052748735686
45.9334638785265,13.4214603902243
46.1486557407472,-110.717996812082
46.1950759905973,111.358366153158
46.4012179742739,103.251679400366
46.7775907904297,109.267658745193
47.1477578459049,-108.716320449409
47.2126725100431,-23.4351298879755
47.4388268460358,-99.1391402514587
47.8983644517409,-72.3703140763708
48.1409032945,-110.873243297073
48.1508863337635,78.4159473283818
48.1616313387115,111.003645501479
48.1790570455214,106.76031933768
48.1933291303897,-106.057899632425
48.268583799045,94.2543958263201
48.2855010221416,5.12914003047188
48.3429800807881,-65.1582422683715
48.4879606783807,-57.682097379909
48.5475773337384,99.9295652086001
48.6133250462733,26.2944821475003
49.0541102599224,-78.7932207815237
49.0726745752253,-94.1177092346733
49.1079458376866,-108.938597845486
49.2247065372983,55.369793430941
49.2323519201485,109.0935026067
49.2647058662215,-86.409693931559
49.8512278403325,48.0971444996899
50.1104598797556,-102.619369861396
50.1252690351345,110.631357394576
50.1346808623997,104.503123780065
50.1361266298282,-110.985570813158
50.2969502257742,86.0506945449752
50.3320454912577,40.0342504854979
50.8265744023267,67.5777815189636
50.8732328710344,-30.2547991287305
51.0147386497078,-108.883345013506
51.0514820801057,-106.208960506619
51.1184872262901,-39.2940892290739
51.1441729908496,107.922620776312
51.1895764426512,-17.3317358179233
51.4580333217208,19.146474235197
51.650323950628,-10.3859738076972
51.8598781846953,-3.09367300308608
52.0852472231674,110.242268324221
52.1334505970255,-111.055260741357
52.8628070200365,102.083229980185
52.871706534366,-46.6152319103776
52.8832651250996,-109.195193363138
53.1534098438745,105.747805968214
53.1852289524583,-98.4571606092168
53.2903865331308,97.5872112920743
53.3535852545903,32.0624898534297
53.4352085165758,11.3304320416293
53.4986872990748,108.339421809166
53.6672582833903,60.9705105633758
53.715214108778,-106.689951353774
53.8546042135387,-103.146530436625
53.8641540220761,73.7998709717743
54.0421617100372,109.836126358259
54.131569352688,-111.082601041365
54.3817111761925,91.8315333774303
54.6120551446762,-68.6878746076821
54.6410301247073,-53.4710073816109
55.0080976452336,-109.212044632337
55.0934817813252,3.54727436835287
55.305251418674,-91.719695572323
55.5250921599482,-83.2285830062783
55.5721391288045,107.282300186826
55.7658810746661,-23.0773228326598
55.8982807437016,-61.2240594720222
55.9928048575137,104.186104656193
55.99508090597,109.412993032163
56.1298801617629,-111.067912682096
56.1414976877992,80.6628401689021
56.3978936112924,-34.5593404271305
56.4117957751862,-106.385454636615
56.4935130633514,-75.6092633592653
56.5492073741863,45.8747929717145
56.9654888201488,100.140131810766
57.0544856811782,-109.026572734508
57.124348308105,24.7197368318286
57.2107290990322,53.8666900800482
57.3653335620855,-102.636444631562
57.5332958440792,39.0033046642962
57.6415373121326,107.211933924578
57.9445833748659,108.972613441392
58.0902315230207,-98.2339030280051
58.1275800100893,-111.011512189356
58.6907566514686,67.4467588347887
58.7240837848943,-15.2502340055351
58.8298506077768,105.108279764901
58.9274251981232,95.150955241125
58.9857732560855,-108.828578187549
59.105911491078,16.4751503510515
59.1385836640764,86.8915057836347
59.1444458859587,-106.156391801621
59.1792794096041,-7.25037456929459
59.4873054308871,-41.7913725366331
59.5444201998582,102.616748967555
59.8897184780285,108.515075672277
60.0272599625048,-28.0999038095878
60.1235986762707,-110.913738128389
60.1680616835058,106.883221652203
60.8712127540136,-0.176592942053379
60.9389943941648,33.0027790537697
60.9488310214689,-109.097172690302
60.9934470340852,8.29156651322494
61.2152042536242,-102.909719601635
61.3124129677627,-48.4116395907273
61.3946319662273,-68.6693400616522
61.4232518232975,-87.3605577155462
61.4466337629029,98.9970833843515
61.6843852316337,74.5550792846612
61.6893197193022,60.7473918089747
61.7053325230497,-106.744889495102
61.8311275711506,108.040104339376
61.9085979664389,105.580162231476
62.1170906477217,-110.774940735187
62.1260355276489,-94.2459357242311
62.340530872858,-55.5599596900105
62.4347755319623,102.929178137063
62.7777195738721,-80.2080850428292
62.8837399636513,48.5228835962181
63.2084582057801,-108.925726236311
63.4164159107751,92.2707306410171
63.425873182237,-62.5696305412634
63.5457018954819,-99.3670525930856
63.6810363760548,-35.5661157611223
63.7677280147592,107.547844109972
64.0793413387658,-105.68231840537
64.1074425852159,-110.595459272945
64.1723599972829,105.760605600646
64.2475579009118,27.1659898844118
64.3484307024208,-20.4124876486207
64.5725454341764,81.1988152366624
64.6482873875589,41.1359863528501
65.0798752533557,-108.210918854461
65.1132916177553,103.799668115169
65.1283269895304,100.678276396925
65.1297989542471,96.5617455431479
65.1987451137784,20.3096905492254
65.2865102518191,-73.6935423621534
65.6623625440929,-103.012028039865
65.7001721037829,107.038013229899
65.7259164667557,-11.4641793343241
66.0938450541182,-110.375651405494
66.3207820656492,55.0069756086853
66.3760252129703,68.1719666943363
66.8446696314854,12.5610550460683
66.9298508961043,105.043487179775
67.147089982771,-108.567445869969
67.2850137908549,87.9716950127923
67.357788864827,-27.894946949756
67.3808183591322,-106.086604357159
67.5332826537961,-3.61655561715167
67.6278491397805,106.511416184089
67.8208753191477,-94.1350293877552
67.8324116840117,102.31627363393
67.9946643315105,4.21614427832158
68.0688572855024,-87.1357858344141
68.0748988283884,-110.112842898674
68.1699111108336,-43.3305692843977
68.401852456168,-99.330645756556
68.6190419428672,98.7839579455405
68.6228056392615,34.0759824091494
68.9979697600431,-50.7608963516583
69.2514440552393,104.250179552324
69.3801009770395,-108.069456818499
69.3944355582261,-103.284642672195
69.5515435410102,105.97007033309
69.5948113090231,94.2642283791007
69.7662425834161,61.7798461919663
69.7984474793794,75.3456144640015
69.9049425758522,-58.9227619473188
70.0482786202519,-109.797758712869
70.0744744346495,-35.9553718275153
70.0889116984582,-66.7224924958544
70.1605346229586,47.9970525594395
70.3100756729587,-80.3449605431246
70.6407866464249,-105.811210018394
70.6820839352334,101.405562617882
71.337700410757,-15.4214479201442
71.4251050648493,26.1570581795554
71.4712268848965,105.413962316441
71.5065269715381,103.73193131327
71.7957748505405,-107.863396165085
72.0125608618285,-109.430104621921
72.2607158838232,98.2804589786002
72.5151445238983,40.625806187116
72.6244963936314,-102.009953833439
72.6478705107554,17.7707851827708
72.7467732748742,-73.8885619560389
72.7551801491438,-22.0617768881138
72.7842459848798,82.4743129827926
72.8177445825609,89.940833574929
72.8984666656129,-97.7419304478213
73.2335524569132,-105.041649884132
73.2845414588542,102.120487990524
73.3861531603093,104.843124203711
73.6350430887842,-7.31163132739433
73.9451748344625,-92.3246611372542
73.966385717388,-109.010328564628
73.9970995733437,-107.201298910041
74.0640655268108,9.34391553177313
74.4283819650163,69.1868680884935
74.517680991901,-30.5048799991011
74.7567908229976,95.0350259424434
74.7633623856672,54.8729336431228
74.971533087211,99.5681964000858
75.2968684475269,104.257212945293
75.35295445949,102.455628430839
75.4401754994716,0.899816191597904
75.585799167962,-54.4443326795341
75.6703479637463,-85.3661298383045
75.9083630850303,-108.538922069076
75.9717828817003,-104.054767225574
76.0286422354638,-39.3055090925863
76.044130663098,32.5311632243367
76.153776686492,-106.558462271623
76.4169044661226,-100.683916181938
76.496577291335,-46.7489725062606
76.9369634799788,62.0925314455679
77.2028600636956,103.656206472377
77.32446402424,101.420366223721
77.3555970634724,-62.1196412449998
77.4465161187068,89.7832616252294
77.4930847301276,47.2114963638547
77.5052044040206,98.176886031767
77.8372143050819,-108.016386142713
77.8492715722973,76.3302112314262
77.856758395295,-69.3870330890434
77.9684667330936,-96.4662936139103
78.0435013986761,23.5991529910586
78.3111796717477,-13.7418155496051
78.4127507465305,-105.837014305406
78.6541408719016,-78.5170365156452
79.0092931062292,94.6923967305992
79.0116230175035,-103.11734093453
79.1037345222475,103.040062882503
79.2058861996669,-24.6727689085351
79.3385005124591,100.659429514474
79.5648369849897,84.6211652063524
79.7192309775657,39.0189565031792
79.7516585076239,-107.443253259535
79.9840564117601,15.3461675705725
80.2509741478755,-91.4709868988439
80.4816090596349,-99.8284333123314
80.7041482671289,97.8576603617108
80.7641575799637,-105.179410342627
80.9998222836829,102.40851152076
81.2965590885268,-5.87964663303086
81.3975644013245,-32.7956587030474
81.4843995725714,7.77772873485495
81.5171477269427,100.401337370786
81.6504228780279,-106.820086266794
81.8399184466225,91.5229061020752
82.1037385038318,-53.9851065934329
82.1152632204613,-102.550118528938
82.3443619293346,68.4170639875351
82.5157298368983,29.6879360422469
82.7546356228507,52.951445850579
82.8908598490515,101.761477280553
82.9779990333595,-96.2600484838588
83.0529855968364,-85.2240084069413
83.0977313506922,-104.674165806947
83.1190146634977,-40.6239665442847
83.1636425430518,95.900722584845
83.2745851521378,60.4180794496056
83.3310098763025,-18.6959902469692
83.3881532727989,99.2098282250387
83.5291135567616,0.690227719122212
83.5322147578668,-106.147489861797
83.8553138769016,-74.0855700497598
84.3011889886,-100.074179214603
84.4973309403181,-60.4490322526622
84.6140267284184,44.8390792385016
84.7589972734709,-47.838998014816
84.7760382773859,101.099090307643
84.8127031904592,88.0558295663566
84.8734323070976,74.9773994022568
84.9640385144624,-103.17468994983
85.0952998412423,-67.3367430905652
85.1392397579137,21.2527946870753
85.1772930512055,81.6644229055082
85.3817820578554,98.6226846282995
85.3958315099288,-105.426071819812
85.7074461785067,93.0608933411194
85.8093726527166,-91.545475913851
86.3066414766489,-11.5267420781198
86.5116309979774,-25.929004675858
86.5217839585998,36.4179718426098
86.5616660202854,96.2259853566964
86.6558936807214,100.421021011188
86.9488008404552,-102.624510032584
87.0526274349088,-96.2387771103763
87.0581230197949,-99.7989224476651
87.2400868291166,-104.656463932035
87.5624879820911,-79.5812930100857
87.8434811473699,98.2581191273903
88.0405785912416,13.3896029858715
88.527599334444,99.7202575720063
88.5479102344257,-33.8214061799527
88.8944480422485,90.8003940714769
89.0200085812563,-101.577202469843
89.0662485868621,-103.84506505707
89.1783524510498,94.6245552989549
89.3387146448809,5.3130964046749
89.5223205443215,28.5269273678339
89.5563136504764,-86.9901807993515
89.7592930355393,85.8320702476138
89.7723051779628,97.1945609812255
89.7896528094189,64.7894645126378
89.8500017864926,57.0754851892494
89.871114062699,-98.137297149016
90.1344456061031,-3.76842892392482
90.2246274571543,-55.429270570695
90.3721170024087,-93.0333895021016
90.3875865615706,98.9889993090587
90.491547984605,49.4465883724885
90.5847785618452,-41.3094810229978
90.7941366459814,71.7368401628602
90.8707460107891,-100.827745449072
90.8865210242565,-103.020183030352
91.3833590864951,-18.8759946633127
91.5730077938889,-64.0033641137254
91.7225746555502,-72.6261797631082
91.90083164791,42.1740474645089
91.9045015619544,96.225165397764
91.9477225323674,93.3142805646452
91.991019051023,79.9332644864581
92.0522486989718,-48.3290579981786
92.235161554566,98.2277174810994
92.3072222271532,-96.5236915622984
92.3476359999626,21.6268280868176
92.6485201764657,-99.7551552450582
92.702141634184,-102.185592979023
92.7404911023362,89.6901399703846
93.2881480966883,-11.0677420158536
93.4477942606579,-27.3643141183835
93.9491820950076,-88.4426529166136
94.0702672694456,97.4366424893563
94.0836759254694,95.2717948037613
94.2306437176995,34.3167598734381
94.3333563875376,-81.1385538207664
94.4051969511052,-92.9371762883523
94.5132439481791,-101.3409714624
94.5390558602363,-99.0090778800359
94.6822134987541,85.617535724873
94.9939297991931,92.4761081326956
95.3614941791322,-96.254373656575
95.4281419344766,15.7488711677991
95.8924895657342,96.6161478311134
95.9526833483414,-35.6897997021675
96.0508476193774,1.22917019511153
96.0595531767977,8.89015458627454
96.3196574827508,-100.486137743383
96.3783819352206,94.5744180465704
96.5569737384663,53.2737845397371
96.5887096522624,89.6732840960518
96.7256749409409,-98.3416269778341
96.9697211119146,60.6239352105728
97.1831275153925,-59.0751579734308
97.3316148487504,75.484405101851
97.5875281683663,67.5844939558739
97.7014239134462,95.766609211589
97.7570929751957,27.6062358143156
97.8623201173656,-94.6937545802247
97.9359774006175,81.9544564750741
97.9696909740757,92.9395851158398
97.9778324170447,-67.3624728435689
98.0823738675654,-91.0060928248337
98.1212097925199,-99.6209184986495
98.190057059049,-51.7223569356301
98.2032425412162,-86.1839093449027
98.5021982965222,-43.3239145354146
98.5829118789513,-97.2069387952806
98.844403300681,-21.7355348267311
98.8895639413185,39.7190160592684
99.0545272046013,-6.35243137461723
99.108014028693,86.5260223947351
99.1557802759446,-74.2144734706096
99.1952931320426,46.7557223829554
99.4966764630861,94.8884038402642
99.5255633776722,90.2549792797913
99.5751805668687,-14.7066321004292
99.9177271266663,-98.7451480641914
100.225092291717,92.7039258363154
100.611673297459,-29.5281606700244
100.62434495216,-93.5417815263118
100.703255451466,-96.2696056667773
100.97441384321,-80.9093541635769
101.040806299531,21.2384910060225
101.277623593904,93.9820349104957
101.708739746182,-97.8588158642772
101.787838997662,-89.7402058171733
101.981716138119,88.329667142062
102.128875840336,91.3763522554906
102.191303293419,78.8964058814389
102.573620937593,84.107903042984
102.973865591935,-95.2912227604117
102.998539888963,33.0178114626508
103.044126246432,93.0477704368368
103.059720838946,13.8560891126793
103.148193981511,-85.6598406629876
103.227714280945,0.407411067988629
103.238297267493,54.8724451801221
103.286710748125,-92.6328935726584
103.494322185882,-96.9616527131455
103.600165211545,71.6355930318089
103.74194973078,-35.9937451097225
103.742620432876,6.68163876206163
103.896701329659,-63.3356069142962
104.07500353096,90.3331229785089
104.443882202358,62.7723832178855
104.529992902034,87.2451623441618
104.795845649872,92.0859780809693
104.858171294611,-56.4851200067237
105.044656675615,-49.1221530430947
105.27438168242,-96.0534761891791
105.33633026639,-94.0871069667708
105.653215302562,-91.1421409395812
105.741136537766,-88.2143535341803
105.828777954337,40.0236877929897
105.899331141669,-42.2917482592857
106.052857296808,89.2804941952623
106.147368929269,-77.2261305345503
106.156614561623,81.942208093291
106.247973673017,-25.2845626564946
106.27387458908,-69.7666319337204
106.432884698115,-11.1798822569732
106.530610629362,77.0590676092396
106.532428358215,91.0970386101889
106.568869798095,26.4844576256386
106.624691589912,85.5404051999163
106.695704617573,47.617060198681
106.837807763954,-82.8248972963224
106.960528426964,-18.742742644745
107.048748205422,-95.134150178483
107.435123708699,-4.47708647681951
107.516203308897,-92.7608245306336
107.838143006295,88.0039748064961
108.254220771839,90.0826466337899
108.633676515962,-86.3962796249226
108.777108170462,-89.8776717376659
108.817347500931,-94.2034963715617
108.851723051189,18.7119135264283
109.240177193096,83.9712026465992
109.473641754876,68.8875535848362
109.674921039467,-31.1256066741365
109.715319733618,86.771228243805
109.73424912827,-91.9169765224973
109.965051888714,89.0496184936817
110.017825747943,55.4052525859045
110.022919498179,80.0641919404866
110.210108012003,74.5534289175336
110.523852871231,10.3879227263247
110.572882904673,-93.2480436981526
111.176600882272,-80.5632622588389
111.236872571077,-62.0398922409554
111.396389628023,32.7402617637265
111.521386759058,-88.0059479595709
111.586802079605,2.31682664542373
111.665217696213,87.9990807267888
111.686935281636,-90.5200448670499
111.73482856935,-84.4093727008472
111.735921946362,-75.0577252972737
111.78354821767,-53.8125312675078
111.831885641759,85.7493736649742
111.862801338651,83.112980169176
112.118242509282,61.8377750541284
112.224012774201,-38.2808584610885
112.304433368463,-92.2503812110416
112.362008241381,40.7704953794471
112.599186328688,-46.1563090236548
113.304041355593,77.9437958958544
113.35437425295,86.931256110726
113.536184737475,-15.1511972334389
113.865009994414,-89.1314678828663
113.871376321644,81.3518722202156
114.004026846941,-6.42113109854368
114.011259312559,-91.2109836916957
114.049200245269,-69.0517152017353
114.054106984901,48.8396270954186
114.060245193387,84.4824814098107
114.113337066303,24.4105192511392
114.273908313632,-23.9606234093907
114.359722473235,-86.3374461721157
114.669652366566,73.4514617984603
115.032467842075,85.8461924507011
115.362202124317,-79.4149718434696
115.367820010577,-83.2786108319132
115.490967695393,68.4800352102137
115.692433003964,-90.1305850141677
115.880859921248,15.8784017741132
115.917345353296,83.0260700310892
116.047923035371,-87.9638793846425
116.460936887678,79.9719996701001
116.699379261021,84.7439794804943
117.095256128771,-32.3562117734648
117.104053652312,-74.6589854138931
117.129522951104,77.0083373301013
117.347048742479,-89.0099347612619
117.461504638117,-86.2393215638327
117.885131761571,7.51666611434835
117.967289574311,81.9028008211285
117.970220206353,-57.5187469099831
117.981593224943,55.30429017448
118.347193133187,-83.9199201828417
118.354934816005,83.624746125317
118.859717341349,35.5522785081575
118.874483000864,62.8842774066365
118.906356054626,73.0907554864276
118.957270562888,43.1904339307385
118.961270064589,-81.4664446500669
118.974222795243,-87.8497975198676
119.002701581773,-49.5357312624541
119.154825965656,-41.273110418123
119.162255539262,-64.7888342830846
119.192386337534,-0.682362454844689
119.345853040533,80.0002952661573
119.369391376951,-78.1926425955606
119.575866182696,29.0079646730041
119.773838146231,-10.4072461815445
119.998964300731,82.4886241335103
120.014870269089,-85.2051596624781
120.069409251723,76.9436142881346
120.27195197365,-71.1389124339885
120.339116852511,-18.8929706099412
120.573093312369,-86.6509522077289
120.579076375129,68.3256382008432
121.400278146676,79.2850387966191
121.492987365761,-83.1198334456676
121.540099489526,20.7984999749295
121.631301060143,81.3357478990675
122.065201631579,-75.9473611917098
122.14282022604,-85.4141914313379
122.155097655848,-79.9747282663318
122.165559377705,-27.1784336684823
122.331432660474,75.2288835217171
122.618585115436,71.8139440900914
122.644431871369,48.6961530244907
123.100478019993,77.8817410827398
123.251782043763,80.1662542847454
123.27012708355,13.2545101542049
123.682585135307,-84.1403208745292
123.711146308453,-81.9705001724584
123.851857251006,-35.8222614915624
124.045131446147,-67.4164192139255
124.188619996019,60.1459104979873
124.447276217174,-72.7010466057677
124.554699886611,65.3820059902794
124.76901735173,-60.8542659544702
124.860247848957,78.9802824463221
124.88423924922,-79.8046229658456
124.924024113058,-76.889903462291
124.931652773631,76.5177955972428
125.038262439228,-53.797660150807
125.119009563859,73.6355581191245
125.190248117583,-5.15404613772928
125.191591178732,-82.8301587172573
125.197230721079,39.8237312892296
125.288962383802,4.6800130000655
125.445438565066,69.3843379531184
125.733409750009,-45.4383981204875
126.238922004515,54.8578762117497
126.456542754481,77.7779736585192
126.458543779068,25.9774025228289
126.529937257753,-13.4348320244045
126.669059177433,-81.4845385530496
126.910612379046,75.3152595337498
127.001032086961,-78.8505982105257
127.222729256052,72.0817923036696
127.256834228432,-75.8843720613845
127.445839342877,-21.8584621398424
127.490013829106,32.9097945092125
127.634283295469,-69.8929662652596
127.723109438774,-73.5146382384883
128.03886278277,76.5566310119294
128.114237868431,-80.1042995577812
128.134028578806,-65.2958033042053
128.608962951803,73.9869125824701
128.774303939691,66.4503653487661
128.874344258846,-77.1552190813931
129.020923395488,69.725710732619
129.058751808972,62.797127179952
129.52375404785,-78.6876487297447
129.589067044618,75.2955257905234
129.599553473949,-30.6938399710454
129.755430489403,45.0535329397978
129.829037551422,11.1920385469747
129.926596981077,19.0999343098286
130.082392864485,-57.1423463835804
130.156371048181,72.2870853645927
130.182721717164,-72.1160316945037
130.23390904997,-39.2018842855165
130.273166492257,-75.0283587537711
130.285815341079,58.7601002605076
130.364703474709,-61.915221975367
130.463381929035,-0.373320232048768
130.80445418863,-68.0826910113381
130.832904884716,51.0414316606732
130.889754364796,-51.3875018674685
130.889764721745,-77.2290370326587
131.102440938087,73.9904510808787
131.647756484457,68.1084979012479
131.786418966194,70.7940399654755
131.949136407926,-70.290248028454
132.210655413984,-75.7294462919811
132.218425219261,-73.2781228253735
132.577720934126,72.6424635629999
132.688752764887,65.5953043873266
132.824886712108,-65.9084763396367
132.844153511158,-46.2411088800919
133.05128835746,-7.98787374327728
133.187313137089,55.34948773979
133.190389690991,62.7501667311991
133.243222194504,38.71180993658
133.292739462463,-15.8963444881092
133.485169693421,-74.1902485324265
133.594685498512,26.2900358101523
133.632286608228,69.2508107734102
133.818349719902,-71.2817317220341
133.937266358623,-62.4491176749843
134.013675533374,71.252659046822
134.171674672443,-24.0773979957877
134.268902331562,-58.7606633253817
134.433774656086,6.26711237020309
134.454481257318,-68.826463371102
134.712095286447,-72.6128575241243
134.799921483517,59.5028573769617
134.881765343131,67.5103696821915
135.126255429767,-54.778316055581
135.409106424422,69.8221711927043
135.687021830508,-64.9442519440264
135.759856622956,47.283322729827
135.879562767928,65.6018899583539
135.890265472334,-70.9987270906123
136.068435104342,-42.3158138376513
136.070492814684,32.9951188778356
136.104646220534,-67.2648418587272
136.213377552025,-36.6120248853113
136.299733381532,62.7868512251455
136.370747752064,15.1520753809779
136.40089346475,-50.42426449159
136.696633757955,52.1371780683007
136.762849578087,68.352170214309
136.91561182549,-61.8608571277952
137.018560411586,-69.3493493854549
137.178596501672,-30.4466107060378
137.3180929949,56.3615816381969
137.469450427811,42.675603034874
137.570544656437,-58.8095951329118
137.797972780191,-64.9407854572681
137.888025864214,-0.853584164355314
137.980645239793,60.0905093831216
137.988093584857,64.535343683853
138.073776279891,66.8438615676523
138.09590840894,-67.6662531398421
138.752292472592,-56.3350319214141
138.788758307792,-46.58042906384
138.94012576082,-62.7933970884767
139.079195436472,21.6310494908381
139.12128711268,-65.951001883124
139.189358224816,62.5422772373202
139.315965339181,-53.4886964078794
139.340794103126,65.2984846297285
139.700361812942,-19.410292448112
139.747524113771,-60.4805973757048
140.003681532416,57.7276117603187
140.093724651838,-64.205192137866
140.139296613303,50.297843170288
140.277323802696,-41.7154119877178
140.291652821306,38.0436072666667
140.332572843915,27.8241202454952
140.343484416477,-12.2162094954803
140.46692627057,54.4003249924529
140.547299967959,-50.5737106490375
140.562847825073,63.7173113697197
140.571629961738,60.5792888774049
140.816198884366,10.3225076818877
140.843473490693,-58.2723562600824
140.955514269159,46.644384523645
140.998642250719,-34.2309139164573
141.012300712795,-62.4304515906502
141.021136042676,-25.6570579728288
141.167740459961,-5.89845560950028
141.738920289022,62.1016450154059
141.754523412524,-55.8344922323826
141.87614755661,-60.6284372395197
142.05221919007,4.70115722563864
142.084951898504,58.7478332711861
142.124872565951,32.9640945042828
142.188382093312,-38.2632937170586
142.424445747898,42.7903364822751
142.44763550279,-48.253174355957
142.514684037784,-53.4880509247559
142.691988115844,-58.8041625889538
142.693039158112,56.5399755124512
142.696577270271,-45.2072285946571
142.770493447404,16.5274567169634
142.784066523948,52.4179336192255
142.868033214877,60.4528187170066
143.493408713408,-56.97346409575
143.529977659773,-30.0518558759665
143.555926683259,-51.3372535245894
143.875246847259,49.5447446573914
143.949251619831,58.7721883393293
143.96103146035,54.83261310036
144.103090713371,-42.4325240032854
144.284475854687,-55.1382644061827
144.370995910971,-16.7307736603761
144.539386077767,0.0178599735830527
144.687548479608,46.4268908008946
144.712670008749,25.1571298627194
144.771136983953,36.6803748459938
144.826683721876,-49.2661134294575
144.86509789641,-22.2993436924906
144.980312944631,57.0603336558016
144.999751812767,-34.250688630317
145.065146491207,-53.2986140748722
145.094702737032,40.4139644137954
145.209883092764,21.0899035172115
145.283845996724,52.7321234593263
145.393748765872,-46.8932908379627
145.464449642392,29.4308921104841
145.536304801396,-40.0411844647148
145.735880106359,-8.3671688525446
145.795462409482,12.4231787563824
145.835374162943,-51.4545627321658
145.95864607745,55.3178202558816
146.196670008462,43.7346119420703
146.199135211182,50.7591324921862
146.217706544212,-44.6377545456755
146.31564036636,-37.3177177309978
146.39948240258,-26.7637373884669
146.595102490452,-49.6061752879544
146.608283541033,8.01226461687808
146.668108449208,-12.4555753072901
146.803155392263,33.2025577927834
146.875951080143,48.5571389642865
146.883312107904,53.5462444528535
146.906329684232,-3.44978819934765
147.319605832881,-42.3820234343987
147.344279205901,-47.7534985601159
147.597795985497,17.3799169523851
147.630016471453,-31.200690077126
147.744910841932,46.4029410821528
147.753421881952,51.7472456727736
147.879105819792,4.15904015071023
147.884863833139,39.0430953452844
148.08285236307,-45.8965697376252
148.104554576513,-19.4764929245735
148.164949870432,-34.5291287720405
148.323247205464,-39.9535204856144
148.402410502537,36.0522645691129
148.568140029193,49.922493176854
148.603665155092,41.9998092940054
148.810762831897,-44.0354353213659
148.871256356575,44.323240789469
148.917382433057,24.2315586310319
148.949484851629,27.3847020670109
149.009785447681,-23.4632212367981
149.062594038841,-15.6042834487189
149.092527048307,30.6814670447886
149.100108743649,13.821589633225
149.120384709184,-37.5874156267949
149.326685992618,48.0736840285298
149.370823615226,-28.7855229425038
149.527948459259,-42.1701414550044
149.529975544671,21.2374325771376
149.5706804893,0.751672562992483
149.743844430675,-5.88731163701654
150.028334984334,46.2025410341675
150.16385707779,40.3137579196196
150.169073683593,10.0125797864332
150.20942465907,-9.68752225397153
150.23434418379,-40.3007340484734
150.26306241613,-35.4923809597109
150.331375966561,33.5684933475587
150.366676436599,-26.0368514139109
150.494762492678,-32.9520321692371
150.513215352793,37.9547415467166
150.672418868076,44.310810659093
150.929882162814,-38.4272588972194
150.954107692895,18.625343808884
151.108441057575,35.6423430836552
151.166176983061,-1.90288019292881
151.22891559128,-30.8435912211617
151.252537758582,6.88097673711625
151.258326969174,42.4002609203682
151.271206439116,-21.2086932044916
151.406800629581,-12.5024182238414
151.469382547287,15.7932965143472
151.576312036344,-18.2252619718842
151.612284598998,-36.5488584901953
151.639280172626,29.5762899759214
151.768122021935,31.9227254098737
151.785506812448,40.4726792575362
151.94366946792,3.66396055180343
152.00832228956,25.5007338372357
152.074299542343,27.540375633623
152.078435232022,12.5198986818503
152.19321544703,-28.4950094144296
152.253464788301,38.5298703823723
152.257218069687,-34.6573850862472
152.323830763877,-15.3385040435712
152.344809416499,23.4012735688356
152.619957779791,-7.35006589617109
152.65045931096,-23.7919320786981
152.661766747045,36.5736541085502
152.743151953363,-4.09457604326207
152.768430957663,21.3343674080215
152.829698246,-26.1310433922749
152.857868515559,-32.7513864241514
153.018106592063,34.6072049039385
153.356115926747,32.637571920196
153.390820129369,0.91387220943349
153.413948114874,-30.8319103916845
153.430323142825,19.2407052976465
153.613183524327,9.73205366640097
153.679553275073,30.6654934656492
153.699687023405,-21.5494869264121
153.711690977896,16.9830790531524
153.859603021697,-10.0635244327915
153.893512084213,-19.234345422999
153.925189427679,-28.9000082595702
153.980943262616,14.535758370226
153.988411287313,28.691078837861
154.258582369095,7.63613192109859
154.282682143871,26.7144370238316
154.327126984339,5.33948327412226
154.362501357056,-16.8738122129672
154.36732529403,12.0167245046469
154.391345304567,-26.9567345107006
154.419161529928,-14.2375842342151
154.424825343177,-12.0781813658892
154.465707285524,-1.10057344185381
154.562357519624,24.7356767313677
154.812188808834,-25.0031466787556
154.827428552636,22.7549064228766
154.832642022821,-5.66830685212924
154.879584325969,2.85369100916463
155.005749176964,-8.0986338515077
155.042656044574,-3.19030944610834
155.077885817482,20.7722343513053
155.187513152414,-23.0403051950914
155.313719303344,18.7877685979253
155.517131645923,-21.0692732427686
155.534918397049,16.8016171116452
155.741471815434,14.81388830585
155.8008776631,-19.0911166165981
155.933367511698,12.8246922597751
156.038604619887,-17.1069035880813
156.110215038192,10.8341021752804
156.230185968371,-15.117704774119
156.265349956523,8.84170759554226
156.375529229009,-13.1245873673138
156.396320535608,6.84757877507282
156.486413277595,-11.1292327342625
156.503111751735,4.85200899111467
156.573150049748,-9.13269031877339
156.585712316708,2.85529158696927
156.635721530801,-7.13524460114648
156.644114676449,0.85771992033013
156.6741129437,-5.13718794486487
156.678315008804,-1.1404126883205
156.688313220565,-3.13881300724013
