-177.444992137494,1.99753032443934
-177.444494337908,3.99586878466034
-177.387667166441,4.34474477607196e-14
-177.386167856389,5.99335188640551
-177.300215420196,-1.99651473919942
-177.270061611697,7.98831663562228
-177.210327445551,-3.99288371497764
-177.11803157737,-5.98912439548454
-177.096280218664,9.97909363904502
-177.023345758494,-7.9852534924272
-176.926277642085,-9.98128319269722
-176.864988060978,11.9639872252113
-176.826826665903,-11.9771797441048
-176.724979884945,-13.9729496511426
-176.620713479366,-15.9686076177602
-176.576399398187,13.9413663519896
-176.513993261823,-17.9641681290066
-176.404778484829,-19.9595793596723
-176.293019268813,-21.9547794985392
-176.230783614529,15.9095929778721
-176.178647444411,-23.9498601744474
-176.061589523098,-25.9448353660072
-175.941743392698,-27.9397352055543
-175.828463508298,17.8670409113081
-175.804228149028,-29.9333531667471
-175.636212440675,-31.9246393202643
-175.631483725515,5.06861291752995
-175.521138012672,-2.10061973774044
-175.489677567551,-5.75576942730877
-175.437771603766,-33.9131451075043
-175.369829707387,19.8120381675223
-175.246584941428,2.69265835926207
-175.222532256023,0.391902630269384
-175.208987357921,-35.8984070706177
-175.158916363313,7.36791149347747
-175.155138936348,9.70083691989769
-175.022884670706,-8.20629045552154
-174.994950303198,-12.8183212180658
-174.973317952852,12.2558773597051
-174.949951273566,-37.8799310505644
-174.855320716439,21.7429701208827
-174.842397607712,-10.5960385663349
-174.737205929012,-19.754715455823
-174.660757944519,-39.8572528670053
-174.510952617063,-15.2486986766138
-174.386117784848,-23.9217059913027
-174.341498717918,-41.8299623864651
-174.300362009791,-17.4693615513036
-174.285408504419,23.6583053335133
-174.046575190552,-31.0383697484897
-174.039499418616,-3.890030583053
-173.992275933195,-43.7976046035353
-173.826205873014,16.8263777449027
-173.825520801885,14.3184875493773
-173.807741709046,-26.0754035615843
-173.791010950082,-28.4716487487027
-173.760786815099,-21.7921841577708
-173.759530963179,19.3426273635746
-173.66062553228,25.5564871070779
-173.613198433755,-45.7597200756763
-173.470178379217,-33.3229336531676
-173.20438851095,-47.7158151863766
-173.042995363381,4.90301212742372
-173.022056239795,-35.6972729342785
-172.98155392353,27.435982854233
-172.76595264178,-49.6655001517343
-172.728302880941,21.6723605188429
-172.706014910101,-38.0270040127127
-172.69808918829,-6.6059277983108
-172.587800136466,10.9850146059258
-172.561907429198,-40.2550736331776
-172.554239908092,-13.2025369297155
-172.478725996653,-1.1705950404902
-172.298013334149,-51.6083283996352
-172.283661253085,-9.93459448794918
-172.25099579964,29.2959582692287
-172.166999114586,7.93483128178828
-172.055188024666,1.81261259432663
-171.913280547096,-42.4217596703712
-171.880855924252,23.9858021035308
-171.841227697264,-19.5620952162166
-171.809404194846,-30.4813738322561
-171.800698191839,-53.5438554659477
-171.49405951492,-44.6288274083384
-171.471442515794,31.1359561648495
-171.298769162785,18.9350380265716
-171.274925943044,-23.5454451136567
-171.274149250044,-55.4716057435468
-171.221445618851,-16.3803862185962
-171.199437686602,26.3748427789636
-171.164145366051,-46.9500912189784
-171.112406467233,-49.3077772015191
-170.918662183416,-26.9148928450126
-170.705688967357,-57.3874124764469
-170.690153284811,15.867327468618
-170.664106685447,28.7628338410895
-170.643464202998,32.9547116122668
-170.612738520152,-33.4427592495149
-170.323353487596,-3.82152237333098
-170.263542359088,12.790772914809
-170.107787440765,-51.5198397967242
-170.078070731008,-59.2846169488689
-169.813977410951,-36.716066105865
-169.767667328137,34.750973551289
-169.729917406613,-39.8081466771506
-169.610461018743,21.6338697248995
-169.39176702781,-61.1614009953587
-169.387362322582,-12.4799238574424
-169.351321357881,-53.6308500068799
-169.304694891678,4.73594076057303
-169.303462765972,-7.91352499651142
-169.293846620192,-55.9818326315303
-169.27492170407,30.8838012426336
-168.844739304882,36.523423213775
-168.817912465612,-29.7687266526092
-168.764232278201,-20.5975858212348
-168.720119287199,24.7274090769734
-168.647452962194,-63.0159404396023
-168.554810053474,-42.5850471868348
-168.52678429029,-48.8899407170012
-168.361699301015,9.04822187323436
-168.339125513316,-58.0839969283703
-168.336907376205,27.8934597299304
-168.282819242761,-45.5876653713261
-168.181751078582,33.0842608996341
-168.029517536241,0.0247943737668616
-167.875360954066,38.2708534791662
-167.845877197453,-64.846437908078
-167.620183253265,-60.3400498576667
-167.460521817266,18.180355404435
-167.425480716905,35.7725700542125
-167.182028684313,-24.9467893268749
-167.15064973368,-15.9588613806234
-166.987838634362,-66.6511712638821
-166.956285223251,-62.5189705236642
-166.860207426979,39.9921422244859
-166.800854116138,-34.0045575829713
-166.799199596117,-55.2720641363274
-166.718012220007,-51.5186030925056
-166.240842041885,30.3394086356783
-166.074204505933,-68.4284442749992
-165.956008639365,13.7918586148722
-165.81201502711,-4.72449720768494
-165.800018862431,41.6861247227075
-165.797829480045,-38.6881139301677
-165.715358425574,-64.3965527681808
-165.699684481872,34.1526876087412
-165.580527868098,-10.3835179262359
-165.517967945346,37.4541423818931
-165.488616429929,-58.2427916907135
-165.423643466098,22.1427468381185
-165.105938833323,-70.1765397186909
-165.036043756418,-47.3232280630523
-165.022966463909,26.3585886091422
-165.015613296931,-29.5288018117733
-164.822733443373,39.7799230134889
-164.695608189016,43.3515992744436
-164.671015043532,-66.4547985735247
-164.612909945989,-61.3233951424018
-164.569208701946,4.16352672198137
-164.26398597068,-42.5738641168236
-164.234404179816,-19.7996041551973
-164.084076996182,-71.8937801732625
-163.928310787934,-68.4387067772943
-163.799628160904,-54.0869459572632
-163.547842551104,44.9873694577731
-163.357729790337,31.8211990536239
-163.231441407657,41.7192884700126
-163.191292789779,9.04268325610241
-163.009635308295,-73.5786661773858
-162.736431654884,-64.2533819469658
-162.653502483537,35.543487092325
-162.569809431812,-70.1078053785304
-162.357474500816,46.5924719693426
-162.339474255718,38.7729053992365
-162.169561516897,-50.3962822751961
-162.161558288235,17.8359276623356
-162.144597051853,-57.4659196944271
-161.964272090946,-35.4329532563831
-161.883722729017,-75.2296755015648
-161.746318217831,-72.222643287896
-161.717711676627,-0.776575775688513
-161.616454866998,43.4662971818079
-161.56973124602,-13.9353380184958
-161.560857560171,-24.2629657437155
-161.370416527359,-67.2169212083342
-161.273256114777,28.0568575286644
-161.200227768898,-60.7785223289076
-161.125365350277,48.1658461378742
-160.820841272775,45.460954238639
-160.70755791515,-76.8452595658581
-160.405874649257,-73.86101823371
-160.185950174696,-7.46826042583503
-160.045884493215,23.0414826851199
-160.033359445555,-30.0542258281562
-160.009272663503,-45.0871212383193
-159.880488989511,40.860600624027
-159.852454422595,49.7063999685679
-159.67689672665,-70.4814202926548
-159.482448410977,-78.4238914195547
-159.260758008727,-75.8104161635604
-159.059551364386,46.69526276751
-158.906827437565,32.2028348629116
-158.801986066687,12.7698549041481
-158.772392095908,36.6615888830547
-158.711922240311,-63.8837017430192
-158.539767644355,51.2130156376668
-158.438741681887,-54.6029754061313
-158.209557223668,-79.9643493894375
-158.191102758313,48.6616756874527
-158.019636584009,-39.6739145740138
-157.936208451915,43.5802784282528
-157.910203077711,-72.8957678450747
-157.77962429839,-67.7130121409621
-157.728197749654,-77.7745018052652
-157.318430921691,-18.2866870188896
-157.192495605035,52.6893443163927
-156.894871419318,-81.4696488531863
-156.791065299501,4.78573664401663
-156.581037015621,49.9864962754466
-156.570345965025,-75.6336127104127
-156.50298541179,-59.2051480239658
-156.428813580787,-49.3069691042868
-156.171543980739,-79.4416455638722
-155.819858592758,54.1416153433264
-155.799641045685,46.4496814079909
-155.777073759223,39.3208394064221
-155.553216459891,-82.9506683239269
-155.241307844821,51.7684852111723
-155.182033544585,-70.3012296989941
-154.969043260707,27.0330574432904
-154.713871456563,-81.1229684566087
-154.461841609932,-77.7575069645764
-154.422046804328,55.5697030505155
-154.390260896817,18.7171846347512
-154.185608753758,-84.4078414165747
-154.085721387587,-33.0871234312103
-154.008373160616,-73.7722641397563
-153.895869202447,53.5722602687497
-153.87980890019,-2.80766037452407
-153.835022391854,-25.3605870574156
-153.772763707463,-64.7173835589969
-153.748373420647,48.9981987571374
-153.671442965849,33.3391479235
-153.482566865788,42.8344989514699
-153.128214995654,-11.0965867911092
-152.999273511706,56.9731339258961
-152.932404420125,-83.0180729025236
-152.792473194654,-85.8405616131704
-152.448635765023,-80.4748758817464
-152.15194723439,51.7223852077799
-152.146394889644,54.8966725320779
-151.715460107394,-44.2110874184182
-151.597742436576,-84.7717867646041
-151.552017116646,58.3511847097775
-151.433391756745,-77.2938245945136
-151.374172879515,-87.2483048203465
-151.299457625787,10.5295843861075
-151.276950878255,-53.3950433993069
-151.168679594307,46.182014336634
-150.763378704737,-68.5699145054363
-150.48712910697,56.4049279973524
-150.457099344899,-59.823216070975
-150.280915088731,37.6570480424516
-150.256340985851,-73.6063659745371
-150.080607256213,59.7032987398611
-149.931014503493,-88.6306114446803
-149.820343908335,-82.2860787784479
-149.687361766026,-19.1687933684457
-149.625745750642,-86.7863678612571
-149.471929808556,49.7644012217682
-149.469745686783,53.6645848866232
-149.321495852099,-84.7991920498341
-149.119918855461,57.9898706776852
-149.067064001133,-36.8552720185897
-148.76279046895,-79.4701010909416
-148.585348870022,61.028951142572
-148.463364382585,-89.9869703174263
-148.435287263891,3.02799947286767
-148.247354213317,23.2865786134165
-147.593938547941,-87.4918247738442
-147.425586259608,59.2726733919094
-147.36309658032,42.3918148395933
-147.100621348784,55.9998893475955
-147.066425420683,62.3277247384489
-146.971690149824,-91.3167910470906
-146.857181881115,-27.9649429861959
-146.695473357016,-84.4390065929643
-146.623069684115,-4.78699261739483
-146.537548006851,30.0221008335873
-146.413237494929,16.0970507101929
-146.195839508517,-88.9087856120888
-146.141540069957,-76.3909955551921
-145.984068698072,52.2391710439985
-145.890778365843,60.9341695657845
-145.67049337425,-12.5373964062002
-145.581341507972,47.2683855663282
-145.574056490004,-63.9277088210426
-145.524408123993,63.5988782957534
-145.481339763623,-49.3100950856612
-145.456395544952,-92.619558113829
-145.354325752435,-71.0763367220913
-145.333506506561,-81.2624157418517
-144.987248214979,-90.557236774896
-144.702070788549,58.1878632158795
-144.263879946156,-86.1285464374743
-144.203618147267,62.5763197193923
-143.959678176871,64.8418541524656
-143.917837188997,-93.8948054962112
-143.802840825027,-42.154454703835
-143.231127556736,-91.7633668637843
-143.078019895119,8.66682740831882
-143.017299801145,55.0006209909299
-142.937988917036,60.6211605717786
-142.874784051736,-88.6608351333292
-142.833844082709,36.2215554275536
-142.753254935079,-56.0602190586596
-142.583944511768,-20.4978458653211
-142.372630187939,66.0560950641607
-142.356394336557,-95.1420536908529
-142.115257955369,63.6372177857029
-141.948784468356,-34.0818607670982
-141.874738498358,-82.7815328720101
-141.653219121804,-93.2074392802616
-141.235600005649,-76.8724168608159
-141.143924577856,50.1969861685882
-140.788356339963,22.6495774364116
-140.772598233414,-96.360714465031
-140.763508469024,67.2411629087693
-140.579276743286,58.3267497454134
-140.499642485993,-90.4094145835877
-140.268746477608,65.0086707329864
-140.233646485767,1.04511607367184
-140.132350445868,43.3437379997964
-140.064744070799,-94.9061184835118
-139.890193829497,61.7521872457057
-139.664751384676,-86.3647446781717
-139.369130510539,-69.2086231282906
-139.259936318512,-6.98221361788749
-139.166895703172,-97.5502832048457
-139.132820608158,68.3964291113517
-138.824967525959,-92.8766679875257
-138.791002729983,15.3015558112349
-138.627512875562,-26.5217956679207
-138.495925419586,66.4885174039218
-138.220545347238,29.0110283732531
-138.103042968724,-95.8517093219121
-138.083178537779,-13.8145495264741
-138.051461716831,54.7956314717231
-138.006198596579,-48.2713476781069
-137.770691755756,-61.7316497925532
-137.592745637684,63.4802386613305
-137.539726227627,-98.7102714715681
-137.481075819054,69.5212845367906
-136.99390957246,-89.5354099159924
-136.946487518431,-81.2033759754971
-136.711699487067,-40.5896857156978
-136.573882840455,68.1759457477953
-136.223015257009,59.4587360496865
-136.217100947926,-96.6050754340913
-136.078722615531,-93.1648701256197
-135.89228458882,-99.8418224129983
-135.812340920491,70.6214654978061
-135.808036230574,66.0358037639464
-135.295980617916,35.9032517994179
-135.197966682751,7.1823254503574
-135.127165404749,-98.5470262381953
-135.064436569759,49.108296533797
-134.590822207337,-74.9009817987764
-134.564137740299,-54.3219740787527
-134.553137398758,69.1686995567763
-134.42178152269,-85.500651319917
-134.321143582933,-32.7937253817593
-134.23182827345,-100.953909753622
-134.138257369758,71.7120871407401
-134.073949527286,-19.2959522201822
-133.987060443867,63.2595651351596
-133.70215037328,-94.5220752491216
-133.320575188985,-3.3334761218633
-133.167431574985,-97.2929305193423
-133.119204975999,67.0538186184537
-132.867734579762,-99.7471220220305
-132.679723678763,21.5970589894573
-132.647474848181,-90.0548946768052
-132.632627164254,70.3556317133859
-132.559683014453,-102.048115547249
-132.458509763538,72.7948771869393
-132.452695937113,54.8860548614241
-132.248895858523,42.2892085588376
-132.05870784129,-67.5664324469979
-131.895775985734,13.831797506371
-131.181125775525,60.1534235511506
-130.875994404813,-103.124269864399
-130.780765176591,-101.283681550763
-130.773574301981,73.869877366305
-130.68704153585,71.7247702284763
-130.663798263997,-10.884556309128
-130.492389528527,68.7364347283696
-130.448244854786,-25.4723865708299
-130.39288975804,28.8086650067737
-130.355380095322,-99.263948418166
-130.245019356569,-96.6197390521405
-130.211289760273,-93.2410898111057
-130.204097464313,-46.6342138000294
-130.174761526486,65.0098046489729
-129.82505985379,-60.3032213699158
-129.639964986438,-39.3368530328454
-129.580798246032,2.63017068793404
-129.459451013493,-80.7144611198968
-129.180708128586,-104.182328007147
-129.083910562695,74.9371676443674
-128.812243095001,-102.305104152696
-128.625783695456,73.2166568291122
-128.237059681924,-86.4122655710478
-128.186225229023,70.8638373559301
-127.776567045405,-99.6554686988437
-127.473961458433,-105.222119937944
-127.389691038154,75.9970338422718
-127.337816663802,35.3214724520215
-127.068373665909,48.7118898774935
-126.990635024691,67.6627097145303
-126.949609260787,-73.9870009805071
-126.672370072768,-91.29650044084
-126.59647524571,-104.059498964262
-126.582532817551,-32.0326231894577
-126.570071001436,73.8687888132487
-126.525073806999,-96.3677367937851
-126.476264712354,62.3401756282523
-126.444024083636,-102.170256023731
-126.443870621416,-53.2039033737173
-126.431235432708,-17.7097635982608
-126.243526292253,56.2204298793781
-125.810317721612,8.8267370088071
-125.756142695238,-106.243329586671
-125.691100366237,77.0497745879034
-125.340269443737,-4.16537092874005
-125.286344970802,71.2006517260994
-125.18426830745,16.2109206948924
-124.965466625807,75.5628146386063
-124.721903999487,42.1133659036003
-124.687276865347,-66.6492349943287
-124.473749427513,23.5408545766256
-124.450411742482,-105.041558867875
-124.38377741738,-99.7230226491413
-124.027410576933,-107.245788157709
-123.988335556407,78.0957019542238
-123.639817128922,-102.820750590144
-123.410473354418,73.7176773427964
-123.351737735035,65.6342106357521
-123.024432247412,76.8251917600311
-122.772503584668,-39.5252069215883
-122.66905453846,-24.7026008363459
-122.539821597511,-93.9280267088465
-122.377257104499,69.519090334183
-122.287927111232,-108.229327159735
-122.281606124407,79.1351420678468
-122.225397285651,-105.559061492786
-121.98972772359,-10.9555315919875
-121.979832510865,-46.5322879906503
-121.805854755442,-59.6372974424966
-121.537045653212,-97.9843222012333
-121.5340441705,-87.4746473213778
-121.516467485029,29.9519647962787
-121.335673800486,-80.5616832785234
-121.164282070699,75.9677426386528
-120.972732220225,2.86327276733084
-120.830499467315,-102.24510118542
-120.660348295291,59.3801619979999
-120.596746358536,-107.090355195263
-120.571134122274,80.1684356746428
-120.537857618269,-109.193778473039
-120.48521320439,72.562004428108
-120.484916989889,78.2410186866835
-120.038264288095,50.9184489270144
-119.787263810851,-73.3228331868431
-119.297733503383,-32.2647395045666
-119.239347885589,-104.776869744569
-119.008192253772,36.6956771873408
-118.857154050206,81.1959386473999
-118.777101221173,-110.139117238675
-118.557407540082,-107.959902585275
-118.453066444433,17.9494759149735
-118.43194673713,65.0807661417556
-118.398469758837,74.832634180736
-118.194645101723,-17.8556111770561
-118.150178478476,79.8021071652865
-118.13588785094,77.5836439817573
-118.086277816681,44.4364614296641
-118.009024349729,-53.3212874666429
-117.826672440372,-99.0660164402218
-117.600751541361,10.5001700211123
-117.548218861787,69.6192970593385
-117.182499842983,-4.07345684187343
-117.163286499732,-93.0143068450663
-117.139912636758,82.2180224187735
-117.116442268008,-66.1533478608769
-117.0060501021,-111.065051416136
-116.646933277834,-109.291432490847
-116.510832353904,-106.218134985363
-116.327474354399,-102.55776783111
-115.963039259705,81.0895938924408
-115.506835332718,24.768310421181
-115.44761222346,72.9817364011148
-115.420610946147,79.1276294368845
-115.419668614517,83.2350742382369
-115.412283602726,-39.95072321777
-115.224946809712,-111.971378806594
-114.945894848291,-25.3251676337285
-114.918653773091,76.5101754320798
-114.415002853979,54.5365972360136
-114.34942827084,-108.452488943487
-114.316582708054,-110.600188790475
-114.1503224075,-86.2154917983718
-113.877739447452,82.0283880738634
-113.861729251646,-46.7740122866525
-113.696575282435,84.2472781736365
-113.618663856915,-78.8933215709606
-113.541319527978,-11.1052827281675
-113.433977831796,-112.857930660137
-113.3350941331,-60.0396545150043
-113.286991769537,-96.9781004006336
-113.112665179413,-105.584654471157
-113.103828340127,61.6630426101075
-112.915468368569,31.5745494069192
-112.890864289703,3.10057252136477
-112.797040502354,79.9760226134328
-112.255740200584,67.9541161044841
-112.245797038563,-72.23216798809
-112.20218643788,-101.900154861155
-112.135332376288,-111.117555731555
-112.041550170297,-33.090138863876
-111.97351842497,83.1808668795939
-111.970552446926,85.2544768643593
-111.673422235157,39.2219446039344
-111.630579493412,-113.718244633254
-111.619990713018,77.0951280443519
-111.408478411707,47.0399993836398
-111.375291590319,17.6595750969548
-111.274211788789,72.9007880010792
-111.271554460478,-108.539874461026
-110.536514447313,81.2913821343326
-110.287841331129,-112.286914621345
-110.24186437462,86.2570324720336
-110.241306098495,-18.6344137594596
-109.921028217807,84.2555704279457
-109.808411888188,-114.538687873458
-109.753269327015,-53.9786466011932
-109.539369909669,9.98057732354352
-109.098243024691,-4.18375506350781
-108.958818706319,-91.8583512724728
-108.826347996061,-105.336339009837
-108.7816324363,-109.987105874221
-108.659185916179,-66.232594404986
-108.512271529648,78.7640985140272
-108.510791562115,87.2553582659408
-108.044421181263,-112.897702972558
-107.977922787637,85.3770156309031
-107.968348840522,-115.318158445877
-107.855878599941,82.430237983685
-107.794373597684,-99.4590649377257
-107.663593129741,54.2849635860247
-107.390248642224,-82.6720711269562
-107.295210974199,-26.3138013053967
-107.224457730963,-40.37718797743
-107.220081001218,74.1121626026033
-107.114557575442,25.5000138208043
-106.777621165047,88.2498825629415
-106.434612705609,-47.5681704701104
-106.330808336088,61.3500490536533
-106.111263522548,-116.056155180045
-106.098349942492,68.0368247592327
-106.061370462063,86.8082277211003
-106.032097948169,-114.157582716562
-106.012087506807,-108.367997341188
-105.537517330074,-12.4029060445982
-105.396433245948,84.525876497481
-105.375757555943,-111.629312912036
-105.355203942215,-74.4253569782011
-105.335391927145,33.3113928308946
-105.042645708398,89.2410482328292
-104.871535207702,81.4235174825648
-104.781298390675,-33.5301452154841
-104.646094617845,40.9996701240114
-104.460145629134,-59.6805162472466
-104.36603737691,17.4655904502454
-104.360500765897,2.73339530080558
-104.358800010522,77.8034673407318
-104.238025185603,-116.752199213889
-104.133878722786,-104.068279167853
-104.113173082115,87.6708608184905
-103.867332412206,48.4912409299163
-103.853090460753,-114.755993657053
-103.305667472545,90.2295927407722
-102.993969694265,-88.5716351723383
-102.980032366862,85.388762770018
-102.446724396039,-112.444027520425
-102.395501119736,-97.6169956591438
-102.391824159018,-20.7794149408297
-102.349566644462,-117.405809603286
-102.152928379734,88.5862164255979
-102.106940039935,10.7807285140369
-102.045812424485,-108.885438815492
-101.677409193558,-5.9783417988792
-101.659946932387,72.3639897282146
-101.652632438014,82.3720846983804
-101.567359486197,91.2157712270918
-101.532025111718,-115.562582705334
-101.339391811166,-66.6600628792374
-101.102532449009,-52.9087436243962
-100.642434246176,90.0100466077138
-100.611415685075,57.1908807150387
-100.446809965382,-118.016532907379
-100.417912462879,86.4112091878332
-100.292171151489,-80.5810131297229
-99.8281272090833,92.2000050066328
-99.719380331628,77.8779352080888
-99.7144701577003,-44.5091415947794
-99.7112476415087,22.8576798100173
-99.6461531194065,-112.933708161207
-99.1758360908213,-116.136562078371
-99.0220884986046,-28.6377693808363
-99.0024674428489,-104.419904062355
-98.9761925749758,89.1181631360333
-98.7070405905657,64.3244091583205
-98.5306921319115,-118.583933193726
-98.4777933873172,-36.9110135545957
-98.4555809744632,29.7186370853185
-98.1384052507042,91.3789942217862
-98.0969044755492,-15.0240321522775
-98.0882779511874,93.182780801758
-98.0617884003412,82.8785019071941
-97.8301828533505,-109.333162836366
-97.4592302800812,43.965642115957
-97.4067862230032,36.4896451748921
-97.3463388030708,-92.6267320382105
-97.3089221180747,-73.537619965981
-97.2273556411212,51.7787751840848
-97.2038040327318,86.7745567761694
-96.8765906726585,-116.865299313083
-96.7446749001027,-113.849999154242
-96.7026332989018,-0.537201315191938
-96.602164878993,-119.107592651918
-96.5202719173705,7.29728656927284
-96.3479678061989,94.1646770896325
-96.1512296174205,89.9620393945967
-96.0866436209564,-58.8616669866279
-95.6895616286599,92.4147344446658
-95.6668405389677,16.4107844986129
-95.6227912267967,71.3734980584315
-95.109702196319,-85.7095844255518
-94.9889559005515,-99.8148768700945
-94.6621944999735,-119.58711222256
-94.6582229620822,78.4235034375729
-94.6137937780248,-117.733202909019
-94.6070163927439,95.146218641895
-94.4458399105254,-23.2674127182701
-94.3092695676144,-8.94257358911478
-94.2205374106722,-110.85757806391
-94.2097623569251,-66.5879208191945
-94.0452954011727,84.0602194312268
-94.0215914233221,-50.1447151125924
-94.0100391779993,-115.294569186131
-93.7858619465087,93.8144830398629
-93.6602858874318,88.0809803137246
-93.063995425428,91.0205282589442
-92.8626346319135,96.1212762542942
-92.7939644830218,58.3257093053056
-92.733123784836,-105.912735983897
-92.7117616247046,-120.022112240757
-92.5045566628298,-41.4874445128964
-92.3197484734507,-118.261900296966
-92.1832799230132,24.8304767496952
-91.9458283646439,-78.7654434596984
-91.5722830721627,-32.2589017318538
-91.5639779104316,93.2777816640394
-91.3292337871862,-113.050701241221
-91.2550792249187,48.9172743357693
-91.2526606344972,95.2713018424816
-91.1133012248344,97.0869903315353
-91.0195090147465,65.3542296133862
-90.8526127535073,-116.284826927066
-90.7518609669086,-120.412233093072
-90.6720450528175,40.4641122216441
-90.3246512215657,-16.7233071961279
-90.2856663176216,-92.9574546846176
-90.1000986904906,87.0820773054857
-89.888112252344,11.6534484042448
-89.8311213092701,81.6842844775108
-89.7314386616788,3.65056707447449
-89.6921827062967,90.5056680688346
-89.6591552959189,-118.825361446935
-89.6457630239942,32.4615716708765
-89.3587243523234,98.0437983433714
-89.118819913926,74.0079214498574
-88.9718493170087,96.1359028816614
-88.9466262143764,-3.85794778972572
-88.9317535236618,-109.183447250209
-88.7834917841131,-120.757137398657
-88.7195035641887,93.6623998556415
-88.6185820100749,-71.6605895644784
-88.579210227115,-62.4651826144751
-88.1673630586472,-55.0811531907829
-87.8229625161696,-116.947104511444
-87.6609297015739,-113.812410169419
-87.6090024409814,-85.9478727936168
-87.5993885539487,98.9917113838848
-87.5976700267402,-100.436143010145
-87.4932808917821,19.0821186680678
-87.1904594691149,-24.8882620423677
-87.0435569860809,54.5832738941595
-86.9146557733474,97.0839164468487
-86.8196914657312,-119.124539765744
-86.8078912414806,-121.059363760164
-86.6746525108409,-47.0287080341853
-86.0802120055219,90.7672769523465
-86.0066721906006,94.5122830020695
-85.8953539279871,-38.7423763110561
-85.865185784736,86.079981846408
-85.8356182748783,99.9308340233037
-85.7731982797837,-10.6992430150405
-85.1038430260746,98.5689946660225
-84.8543998681886,46.1025942575009
-84.8283873780448,-121.334067949737
-84.7234366230359,68.8632093675242
-84.6008332463023,-116.247000407465
-84.5956859527869,-106.092131560123
-84.4426105710671,-119.264201183379
-84.3497853762107,79.2072572967176
-84.2749892754318,-78.895755613281
-84.2423622436826,-111.788684004025
-84.2207593446532,61.102876943574
-84.0890238186726,26.0844522196163
-84.0670955872475,100.861610190076
-83.7655033100115,96.7055532474954
-83.4248018555686,38.534397126481
-83.1806466098766,-31.3649737150122
-83.106488535908,-93.5278727247083
-83.0719312828121,7.32886186585415
-82.8455681242907,-121.583414930995
-82.643400998879,99.2083647906659
-82.6229347810601,93.6871315842454
-82.5416957237559,-66.4935290792203
-82.4642192989908,-18.4300037897935
-82.2943172637921,101.784049005683
-82.2885027615819,-0.196479999886973
-82.1170262798767,-119.930467884027
-81.8071073035708,13.8250280391005
-81.7802659839027,89.6739096761246
-81.6602792227968,-117.534183347449
-80.8863907806738,-114.136226675041
-80.8597322473796,-121.807220763592
-80.841656342669,100.420371613254
-80.8183104589673,-59.3958000393759
-80.5175279245099,102.698293636756
-80.503130555221,52.7239407942384
-80.4853609931499,96.8360834681278
-80.443278579587,32.1910688123822
-80.4419619116243,83.813919584758
-80.2973119889425,-52.1964765549824
-80.2501268559841,-86.2668427423287
-80.1887636072917,-72.7184195491722
-79.8681182529596,74.096974663119
-79.6158584771477,-108.943992476302
-79.5605628615234,-119.852138444348
-79.5039052029448,-6.34308660054963
-79.4462203328251,-100.38711445011
-79.1753286687816,-44.666881035785
-78.8711855106385,-122.005302617449
-78.8225457628555,99.0487162534868
-78.7363688323732,103.60479031826
-78.6645039938694,19.9314347248343
-78.6142826576126,101.752592137392
-78.5756680578607,-25.0045579208023
-78.3835369254519,93.3879722789804
-78.3211063743435,-117.161026273922
-78.3155265349062,-37.7626982861468
-77.8237799083686,66.3005233557765
-77.6441671427491,45.1708713844998
-77.3352886086407,-13.0812220436267
-76.9822853618902,-120.067804487167
-76.9515378993688,104.503439434948
-76.8802408176914,-122.17747893952
-76.716320985959,-113.3751325334
-76.6949376477971,58.9800744324545
-76.5332868712927,87.9542381984629
-76.2819812993321,5.37727214296211
-76.2461478435092,100.761390280498
-76.2414258174806,103.051005840478
-76.2182425738272,-79.9067323178524
-76.1800616282544,97.2592014419692
-75.5356071906006,-92.7703654678355
-75.2627560142308,25.8904835539042
-75.1877528327374,38.6430763809295
-75.1602595287479,105.389203742926
-75.1441399248853,-105.649858112721
-75.0737541916728,-117.383418361181
-75.0374499262735,79.2665275584763
-74.8872183561806,-122.323569628767
-74.6449878344508,-65.2610377496197
-74.4895465598857,-32.2644711607234
-74.3637061802146,-120.227393358914
-74.1629743573259,12.4878601717377
-73.9491512247352,103.285043644875
-73.8635346005095,93.6526267818758
-73.5139693149502,-1.34113870975877
-73.5073073151805,100.133873754103
-73.3512155482182,106.238223001162
-73.2766819791496,-57.204027868313
-73.248639388105,-18.8400938346568
-73.095524418526,-73.0455345586464
-73.0176858515439,51.6958966710071
-73.0019713766072,-110.362786510543
-72.8924457408333,-122.443396219585
-72.6162091080813,-49.2558862214117
-72.4191664085905,71.8587662071674
-72.3007551266272,-114.830789594557
-72.0297927761663,104.410248803881
-72.0265319271351,-86.1556562159839
-71.9592118246061,-120.660991457064
-71.9149253840377,31.9995002853877
-71.6001645359715,-118.235190526895
-71.5239182489807,107.047102506239
-71.3095883480347,96.7485032226824
-71.2898694376895,-98.2561259375272
-71.196151650108,-41.0962561723734
-71.0363352238234,89.5859891439704
-70.966028004175,-8.43601764143235
-70.8962581556055,-122.53678207394
-70.7270006392784,101.491970955419
-70.5524868127919,-26.1202357032971
-70.4007181081657,64.367483376061
-70.2339242467513,105.687349917053
-70.2230058878932,19.1119976371913
-69.8578386205851,83.3907682916494
-69.6790908566379,107.815362768391
-69.5122834764456,45.3730320032974
-69.4433757698205,-120.761359077052
-68.8989984946226,-122.603552582462
-68.754149970648,103.650312753004
-68.6972231142381,5.85537225818621
-68.6453638369201,57.582875726332
-68.4335220497711,-115.453681389161
-68.376730750572,-118.617512964744
-68.288985403294,-104.563365725295
-68.2266710603176,-110.985477242208
-67.9244291073961,106.386828723722
-67.8984680194102,-78.8285094393146
-67.8916306566627,98.3276430526719
-67.8177484691869,108.542418864893
-67.2610371699973,-69.6701739618073
-67.2070547115979,38.4450152787114
-67.1588772182409,-34.4512144611521
-66.9906417153786,-14.3188683580046
-66.9571424192862,76.7149527352176
-66.9010175016123,-122.643535374754
-66.8540989377786,-62.2050788403184
-66.8061938682979,25.3164934957257
-66.7845099989176,92.293911921574
-66.6553088865647,-92.2297216226873
-66.5782500669128,-120.631275409251
-66.2086552297561,101.574358204251
-65.9405550694196,109.227842881926
-65.7998389796592,12.9801858015555
-65.7901506464282,-1.45243566254071
-65.7822148766345,-54.2304721876569
-65.748768876211,107.402172875889
-65.5462547033729,104.812763731524
-65.1472213812317,-117.529718717803
-65.0737737324998,-46.6381766779612
-64.9026739075108,-122.656560539157
-64.7718201940415,69.0538574206418
-64.6463376968529,-21.0912061004651
-64.4544886039512,51.7098706887904
-64.3694049624172,-85.3947869534075
-64.2214438497163,-113.405496119889
-64.1101528010873,-120.639705500371
-64.0485785459504,109.871070664213
-63.9851591472021,32.0426564259682
-63.6123042006329,107.696089252612
-63.3878411514034,96.5807511501054
-63.2735839837691,-107.396183885734
-63.1895276092876,84.5308879203171
-63.1418733875651,-28.4952666655981
-62.904314264609,-122.642460570635
-62.6943825427051,104.772899442154
-62.6307490222486,-98.1565118827743
-62.4517728987201,101.295220008563
-62.343146675964,-40.1561855842387
-62.3071417123064,-8.25067294032951
-62.2756818974826,-118.551186941063
-62.2076035875515,61.4220543490776
-62.1425881649991,110.471663525248
-61.746828866194,-74.8782662179438
-61.6399070247034,43.460931189212
-61.5880368757541,108.881391796591
-61.3279847132233,-120.767366044203
-61.0727728234125,-115.628010045991
-60.9847154433043,19.9440941562565
-60.9251567778813,5.76045225387493
-60.9058093987782,-122.609342965498
-60.5520028872745,106.584240785679
-60.2314107612875,76.1681993312561
-60.2235621845193,111.029128406929
-59.8954992102693,-67.3440197792002
-59.56422741084,-58.9354161972201
-59.5197271968213,91.099635746747
-59.4587554111625,-111.09604394674
-59.1809037597576,109.391791596431
-58.9406554822405,-120.857583334927
-58.9282307280401,-118.382962869976
-58.9077225758252,-122.57523189771
-58.7336716029617,-15.9769520260617
-58.6868048794358,-81.4769377251181
-58.5967699671087,103.229061477932
-58.4721652276506,27.541935117134
-58.4462762157323,36.678342618356
-58.3557650699858,98.1590616291814
-58.2924230888028,111.54300928237
-58.2242175882161,-50.2950147848908
-58.189031906185,12.9581330041116
-58.0743505034851,-90.0565182108047
-57.9387707395367,-33.3364700156698
-57.9133641899502,-104.315174385342
-57.8641589989797,-1.16463614485731
-57.7403005378572,55.5883437331613
-57.725436954736,106.964078761778
-57.5663876334979,68.6031058356444
-57.2329835652323,48.2191581850951
-57.0089437223508,-114.834030065486
-56.9096794887512,-122.541597842945
-56.9038901701962,-24.1641986921049
-56.6334805604557,109.481330532445
-56.5373386906987,-120.578234232587
-56.5083358852453,82.5375531159839
-56.350545729216,112.01601254688
-55.7375223210225,-118.006673546233
-55.3415100221596,-42.0455691844628
-54.9773362808774,105.827738750898
-54.9117091121955,-122.509392430878
-54.8780884862974,-97.0073361591098
-54.757988353829,110.552726978504
-54.7273754951211,-9.22634427144739
-54.4089551045413,112.488253719337
-54.3661391588914,-110.126202279236
-54.1777769908183,101.854364457034
-54.1155668195784,-74.3658444970708
-54.0287862204712,-120.664604202699
-53.7903391552172,62.5983641440581
-53.5288237567248,-65.0159134022549
-53.458622589284,108.27739537925
-53.3931487389086,95.9369915126142
-52.9829758855101,-114.763962757947
-52.9138483824267,-122.479613456189
-52.8230997298874,23.0307244869497
-52.8202471775229,-118.346447293369
-52.7891961054307,74.875616798421
-52.7410078753107,6.58587396041471
-52.5574401538204,41.2475966124179
-52.5097984404364,-56.8034337605444
-52.4711399412351,32.1377496064396
-52.47016247156,112.973217742145
-52.4339722323345,110.986013358997
-52.4331415794566,88.5410433031711
-51.8586435773381,15.1993566558028
-51.8562772836673,-83.1175920144205
-51.3169972580697,-120.489566957147
-51.2976924343473,-17.6847774697461
-51.1518819905036,-104.944889312486
-51.1018104555129,-34.3726526513481
-50.9156217747971,-122.453296893487
-50.897335250834,-1.42760162016528
-50.730752992582,105.164621134653
-50.7019326561455,49.2765520769091
-50.674023620877,-48.5690821373337
-50.5525560086191,-26.7814660407024
-50.5350909006772,113.471635104459
-50.3702723282213,108.795263386978
-50.2003995492946,111.586636745605
-50.1383076852188,56.2422225457343
-50.0134363652315,-117.093220522753
-49.8464486595962,-90.518879926899
-49.4127707800834,-111.991492688665
-49.0820180773311,100.289735871559
-49.0032047240715,-120.147209736233
-48.9629174869759,68.486850853391
-48.9170353510047,-122.431530434379
-48.9131790583052,81.5400913298899
-48.6035385992901,113.984445139395
-48.0509745100618,112.538207354167
-48.0445529886818,-70.4807406823344
-47.7441036130381,-9.23712089071453
-47.4445142245364,110.444464263086
-47.4105497935628,-98.1745580698082
-47.3690864814483,-40.4861246736271
-47.2364393312413,-116.551009135177
-47.0436549414839,107.618376729052
-46.9186545634383,-122.415445848157
-46.7241843397359,-119.90528051273
-46.6761959466493,114.512265442907
-46.4946341806387,93.9863719043922
-46.1298755328091,-63.2479187612146
-46.1056228445405,36.5729219394657
-46.0192220995287,-77.894797034244
-45.9591580180931,28.3343490993952
-45.9125023330661,104.061763812475
-45.855766272046,-107.174090805069
-45.6610898104793,112.973884522548
-45.587317592289,20.0523936331966
-45.4589657476747,-55.2718602487214
-45.2560041658,11.7577641546533
-45.0442177896632,61.3052423487007
-45.0300238836649,-113.15206220322
-45.0128924999038,4.41793564053258
-44.9205551474058,-122.406201323209
-44.858709449327,44.965653522905
-44.7531528649623,115.055767954856
-44.7147997718384,76.2269729485794
-44.5580205225443,87.0957092154469
-44.5008701718556,-22.6732116855832
-44.4976208913583,-120.45141358623
-44.4920213957353,110.855676092075
-44.1378805212578,-117.551191626459
-44.0880524832114,-14.7472013007744
-43.6705873392032,-31.6112127780959
-43.6082010784444,-85.387144420123
-43.524053974082,-3.11033083067359
-43.2114024880994,-47.3195252782699
-43.1918542506014,113.519967092218
-43.1910797699753,52.6956854485965
-43.0957490392988,108.150195958574
-42.9222552528808,-122.404983112419
-42.8347501364228,115.615439321904
-42.6364611506809,99.312135408414
-42.1786840698997,-120.438882257004
-41.741815804805,-92.9761822783079
-41.7225271548104,69.4886174825588
-41.2395949813415,111.570816574295
-41.154471756212,-114.664615234504
-41.0711902191604,-118.111086993547
-41.0604654536361,-109.55664496088
-40.9933357630594,-101.769330686087
-40.9601239456311,104.582758006189
-40.9236110061102,-122.413005900639
-40.921306593982,116.191640605833
-40.7731875507672,-71.2963859279964
-40.6726106339461,114.15348611748
-40.1786698237179,-39.0157998132631
-39.5776909018838,82.8490884898701
-39.5298921857768,-120.495352746635
-39.4583941749308,-62.0250893702092
-39.3977121092716,40.5671531132173
-39.300252622202,24.4777481025427
-39.0129324307137,116.78465655832
-39.0066844498332,109.172723785912
-38.925598108581,-122.429207690777
-38.6735522478483,92.1594051053383
-38.5763779473258,-8.27717528028408
-38.5661024080986,115.051966837958
-38.5105977778653,32.9642383421334
-38.4763441349517,16.3631623020008
-38.4106645805903,-54.2806536281951
-38.184703703684,63.3510229382144
-38.0611497808987,-117.678034741747
-37.8981213784966,-79.6075693424289
-37.7912065075926,-25.2504817406205
-37.7529343476611,-16.8967350949107
-37.7485026506203,8.45182627714528
-37.744208010381,112.477147449155
-37.3530225885583,0.798652955053619
-37.3009471232775,56.3168360812878
-37.2158460413128,-113.94992163625
-37.1080991279323,117.388866066652
-37.0375935117829,-120.372444869235
-36.937685370941,75.8373347750536
-36.9272421409319,-122.435788357537
-36.3833007321857,-108.758282674579
-36.3803904436943,47.9284678318968
-36.3565613980683,105.480213926513
-36.347549250478,115.48321125517
-36.316244564597,99.6797032666613
-36.1270432305667,-45.8108381201309
-35.5182829769346,-87.1877040418486
-35.5087999523154,-32.5689644001297
-35.1957544763725,117.968901284803
-34.9287490010543,-122.428887053198
-34.8686196356534,-117.530355247833
-34.8658198603344,-67.6192958034529
-34.7905097041526,-95.4607470763242
-34.7069221404131,-120.454920240556
-34.6031044140709,109.535469377564
-34.4950474423284,113.164899011056
-34.1028412511561,116.136738726732
-34.0066712069449,-102.913391009547
-33.6032567371164,88.4793523810382
-33.2744524894205,118.51853199168
-33.2634004806534,69.1205441363033
-33.0269858243203,-113.351568723673
-32.9307184663903,-122.40873112104
-32.7794629218041,27.5197471790398
-32.5179962835877,40.0160539528717
-32.5002363124961,-75.0720131609541
-32.4091364579902,-120.146009972273
-31.9910375673463,116.959144468668
-31.9071302084364,-52.3039763776239
-31.8499569740461,-39.1120731951303
-31.7416677049217,-11.1888159189656
-31.7096402281067,-117.161128231155
-31.6692875197103,20.1775799305834
-31.6311682207761,-60.1011656972669
-31.513488491649,81.8728075456571
-31.4966512527144,114.299485877305
-31.4088354083675,-3.23623476428294
-31.3923329911739,-19.5575825032535
-31.344674003566,119.037619047889
-31.3297067203387,104.488438393836
-30.9657458152909,12.4924461004227
-30.9323785920376,-122.375538959929
-30.8652057389059,110.676002289183
-30.7399404675505,61.7759881161193
-30.4670576703601,-108.378173968132
-30.394950593225,96.0975898025898
-30.2685065354204,53.6722780259671
-30.1243629265152,4.8433889441272
-30.0170560666966,-120.280352070868
-29.934905174314,-26.8399822732953
-29.7789071416688,117.094258549502
-29.506740299192,33.3291199755067
-29.4069038643989,119.526030582383
-28.942476718108,-82.608556205967
-28.9396981658682,75.1704100214146
-28.9346251213705,-122.329554934271
-28.7963416559746,-117.666113391434
-28.6725525117913,-113.768334500813
-28.501172762508,-91.3663400506021
-28.2495734840497,114.130555546208
-28.0893711982457,46.3628160960698
-28.0508957738639,-45.7781004002123
-27.9443918981875,-67.8316922857155
-27.6337977536336,-100.277970364824
-27.6195737437502,117.441598779949
-27.4860862799512,108.389614931334
-27.4616315206858,119.983642015777
-27.4268606808764,-120.299918243456
-26.9370471095737,-122.27100531904
-26.7002711010418,-33.093199896572
-26.5972962270486,89.426268897724
-25.9044731691917,-117.383473641392
-25.757527878456,-108.791036455166
-25.6628797169066,118.475721937987
-25.5093427562587,120.410338013467
-25.5002291905485,102.19302897835
-25.2855413896015,112.063809755019
-25.2721979112746,-54.0015784548462
-25.2523596671548,68.0562102480671
-25.1985093351382,25.2315994486129
-25.106617350918,-14.3034881931047
-24.9613418561625,-120.221897929784
-24.939928439497,-122.200133830783
-24.7946361938507,115.727142580854
-24.7935093108685,-75.2814317741837
-24.6977500834107,-6.24773258855058
-24.4834914993519,-113.918650278512
-24.2154055890778,16.908507495824
-24.186685316211,39.3911118392631
-24.1530077195556,59.382896573722
-23.9813666003372,82.4477931489213
-23.8219132025322,-21.325614358127
-23.7419689494115,-61.052735782642
-23.5505321070949,120.806009618309
-23.4850645191988,1.11001333931954
-23.4470399358689,-39.434275789953
-23.4375134102867,118.688062399795
-23.1232845795015,9.61119854097775
-22.9432896926707,-122.117179614742
-22.8225639627735,-117.793614714787
-22.5519540676774,-120.346874060561
-22.2908004177867,52.0682561136367
-22.1466416084574,107.446466819718
-22.003158045586,-87.5777549048396
-21.9328135734975,95.5073218919687
-21.8624555155357,-95.9656198699744
-21.8434284350683,75.5920338716676
-21.8173966952043,-104.864404561245
-21.7104604003199,32.3529547743305
-21.5856903696469,121.17055704297
-21.5302562108792,116.355130744365
-21.3909622697258,112.729875704523
-21.2608522583362,-27.219607391021
-21.1565539993242,119.289389619438
-20.9471298939471,-122.022380607232
-20.8748571929679,-47.3028891915823
-20.6381194189229,-111.196880539224
-20.6370841252741,-115.561577891756
-20.629584417523,-68.3052089419204
-20.2503335747959,-119.631451012886
-20.0873900006275,-80.8180660910209
-19.6153128720941,121.503887896383
-19.5725777324592,44.7809371757528
-18.9906068664999,88.3261184755015
-18.9516175758847,-121.915933884911
-18.9175473601273,119.904342079764
-18.8186828030367,64.9093921777301
-18.679087555032,-10.6372957832034
-18.5808476214725,117.462949509607
-18.3779969252868,-117.4408140239
-18.1382220727591,20.1207256730174
-18.0135084370865,-33.151039141935
-17.8627782746831,-54.1180528391599
-17.750839480668,114.280039105867
-17.7203247599024,-120.028678315541
-17.6456219308137,101.996011812186
-17.6393704852983,121.802382527996
-17.3829505373585,109.21628626834
-17.1013216211501,26.9453924766182
-17.079928484047,-17.95731479643
-16.9635956771819,5.46772795756763
-16.9568236621172,-121.796129276221
-16.6532905638246,71.7541242487324
-16.6403053008384,-113.835648639578
-16.547236691259,119.735646923766
-16.4905484561854,-3.44113216064324
-16.2801939735596,-41.2350987336717
-16.255509716298,-108.382166811105
-16.2547782394712,58.1868702328022
-16.1750637618026,-60.9804548675177
-16.0864180101156,-101.200358505069
-16.0692568753147,-74.5076758619093
-15.7798406759993,80.871430367119
-15.6575582613639,122.059043233808
-15.6490954608068,36.9658418393522
-15.6472817526039,-92.1301989333899
-15.6076698086568,-117.646324444239
-15.2599594541784,-120.021539217862
-15.1793512717258,13.5489611555248
-15.1391947127857,116.984194236816
-14.9629222837056,-121.662151439581
-14.3998712327428,50.987005333284
-14.3312749236816,120.18862755373
-14.319943700601,-24.5327910303651
-13.9443687672374,95.0010157537537
-13.8450269452339,112.470212387076
-13.670749648581,122.273569365655
-13.4610073457253,-84.6168259317611
-13.2653618316435,-116.204469170786
-13.1452073604335,-67.5417146970512
-12.9912533234794,-119.491666215007
-12.9700807048549,-121.514179854522
-12.7157474244544,-47.5904138914218
-12.5892559087343,-111.864605202106
-12.2919507594072,106.225815046763
-12.2271346236119,118.58082379253
-11.9692617392763,43.329697304844
-11.914116160119,87.9861549362525
-11.7872096971578,120.786023520473
-11.6921455481892,-11.08591470639
-11.6798241580324,122.445855518613
-11.6650522758617,115.520326249968
-11.5896196791513,30.4392701608286
-11.269515921921,65.9722240160062
-11.1244706633496,-36.4077539807068
-10.9781852719034,-121.35237116262
-10.9260988280755,-118.784663949376
-10.9027707494791,1.19608841821838
-10.7472692433802,75.4531657814688
-10.6116323920273,-106.339299170193
-10.4685432976711,-97.5551649629828
-10.412550418398,-78.3508395018772
-10.3882600266252,21.4647732564839
-10.3178657520298,-115.532368486664
-10.3140631956883,-54.6870785725372
-10.1882251802119,-29.819277413021
-9.68569499660459,122.575807940961
-9.58371977765588,120.813007556158
-9.24625152990806,110.753513471994
-9.21606693022926,118.377957584762
-9.07310178944375,58.3435864937274
-9.02756088612819,99.830117295225
-8.98766453482007,-121.176924149596
-8.98598960846795,8.18278035951076
-8.9329271491773,-18.0799970739839
-8.89082673523316,-119.420725185932
-8.26912017611986,-112.102300205935
-8.12742922080356,-61.6223951054488
-8.06515103038687,-116.85704409057
-8.04160136895085,114.833855969165
-7.99962045715144,-89.6761955469443
-7.68925288505969,122.663349790639
-7.54592518606537,-5.23286872554553
-7.37296903046349,-70.6173545805379
-7.32535637768231,-41.5918729414097
-7.28403394840178,83.1362386678861
-7.20433538029892,120.652531056631
-7.14731553776355,50.8237995223495
-6.99809398728068,-120.987960358092
-6.62572094686599,36.1796303206439
-6.51049849690629,-119.019572476987
-6.27751476984148,14.729982033081
-6.09790395507918,117.702695005532
-5.80508192108555,-115.569255064141
-5.69139585980827,122.708418190064
-5.58696721081812,91.8347269076746
-5.36485672313049,-24.700755834177
-5.28598324276646,70.6951369268259
-5.21251778491717,107.129631377567
-5.03964942393272,43.5421448971914
-5.01270826764115,-108.766428052171
-5.01004276857956,-120.785688493415
-4.95733726837469,27.6438412892178
-4.91456549908461,120.519176108137
-4.88415011646328,-48.4712399197776
-4.87671392448704,-103.084295385128
-4.47188970457287,-118.460290749158
-4.36002847508359,113.265241477963
-3.99149365820758,-83.2111617474908
-3.69304960766024,122.710965016909
-3.63892830679475,-112.846635100718
-3.39483740486359,-33.6344313793715
-3.3251974812156,-11.6966557868851
-3.29204206317947,-95.8436853501643
-3.27034906471773,63.8836201137353
-3.26741102625226,117.578160041739
-3.213103429819,1.53816297605527
-3.04247899250831,-75.8753999601433
-3.02328187604156,-120.570236857821
-2.96072328744172,77.6430028175005
-2.74220808957686,120.839066726858
-2.59413098279297,-55.5309835813976
-2.54787183717623,-116.16947536771
-2.32834763293579,99.1385676998668
-2.2074981062243,-64.8952761370716
-2.19874994221353,-118.735744388332
-1.72729478088877,20.4460400089174
-1.69507443068298,122.670956827645
-1.3277182800776,56.3643866415115
-1.03797713218405,-120.341767131164
-0.938045160319057,119.613301392002
-0.620824923433766,8.42869818083096
-0.576661971745911,-18.3586438397259
-0.449172309079493,115.879101741871
-0.374544253568005,111.604352473154
-0.220187219163381,-41.326822688899
-0.100357756710475,-111.828359199742
-0.0381738942509366,-118.123978818043
0.166606745028778,-115.242740770035
0.203596238784024,85.9873085246526
0.27276972028126,-107.554125498303
0.300708659342547,-89.4297511637472
0.301613357722313,122.588915516875
0.666972477553617,48.782340543416
0.774052130119965,105.993593150689
0.784899344765903,120.87663278481
0.946364567481444,-120.106204396017
1.03328065995177,-5.07928526761539
1.07596917708681,33.0488409885171
1.30183175795602,40.5151588867408
1.34218669296389,-27.0652224878195
1.78435748527656,118.065533874379
1.91059220043978,-70.1119290277995
2.13431469141937,-118.010896457851
2.24675223201481,-59.9644373340639
2.27699898253013,-102.324192005229
2.29777819705876,122.494590265443
2.30093854747282,93.8637586380913
2.38709237077979,70.6538588230452
2.54152440878869,-49.0197166668279
2.93439083007746,-119.90202831809
2.94820785683875,-115.3969530543
3.03676125822045,26.3451492818905
3.09312709541546,14.4878793960202
3.13066845993365,120.494206770263
3.41201267869611,78.9005617960904
3.51028344577115,-78.2038331211397
3.62135450259878,-112.145403845667
3.65228431965853,114.52963878004
4.00160058430492,62.4663847807039
4.13156863584259,-34.7507581337117
4.29414563555723,122.405129808069
4.4338551781609,-95.8785845280016
4.47672037982266,-117.948588337059
4.69961169908444,109.760875304177
4.82795119984963,117.990262374834
4.85543252274635,2.07389124749434
4.92586700995579,-119.737174070724
5.11568392853146,-84.733479361209
5.18032454924774,-11.759986642728
5.47485561531863,120.54831081938
5.53175630171699,-108.352849764811
5.67221752816081,101.072633001037
5.89735049014306,-115.514138202472
6.04748925548204,-20.7120175491607
6.19920567041221,54.1305016939655
6.29073600612924,122.320594203561
6.63109526262515,-55.0966082199853
6.91411569536548,-117.853296857223
6.92027357223476,-119.612233276592
7.08653455365988,-42.5055985530239
7.31961632697438,-64.2535898757334
7.36869755757498,20.5976535536478
7.48491070170293,116.659714796769
7.4940575873774,-112.726755530593
7.53387013309047,89.5600341497518
7.5421622900249,45.5643891668271
7.56428046236132,119.911480201105
7.88166325299486,36.8454667712233
8.15213629137181,112.999926269546
8.28750609334825,122.240982115481
8.4029450010105,8.66698313020451
8.43877185042068,-104.147126077259
8.91675986123957,-119.527406089912
8.95336520226052,-28.4210161490736
8.96511157104161,106.930004057319
9.00928349081252,-72.2502834256163
9.10346477512518,-115.649590572186
9.11326411819386,83.2743095892808
9.28890077492376,-117.904629021732
9.32082430632815,-91.2026009991495
9.36105000944641,-4.37849169286506
9.63889956129785,75.1940195820943
9.75757622667081,67.8969742028909
9.77571045971442,120.485945414034
10.1066020868288,28.7514355066393
10.1654434540654,118.006882031652
10.2842732799921,-110.161040652897
10.2845121898798,122.166224205819
10.8272973707555,96.3662988205926
10.8501953016433,-49.3878962635038
10.9145834524082,-119.482460019298
11.1384626141056,59.8053240720875
11.4227212366336,-15.579276601203
11.4905547003706,-79.4191458899912
11.5268684304709,-113.834109689324
11.6381146552678,114.942393695701
11.6562257797512,-99.045420224953
11.6616912507226,-36.0922705734317
11.6726702264897,-117.316842748741
12.1300405343817,120.235454034154
12.2816269509265,122.096194866152
12.377448616498,14.8336855284317
12.7842401925713,110.607956539615
12.8919383316286,-58.2188096292117
12.9129532834351,-119.476750610828
13.3004833177522,51.1352783371308
13.3133548992333,-106.991211004503
13.4073017718092,117.67676698096
13.4516127912188,2.68181936106123
13.5949733019581,-85.9101158575968
13.887753427334,-115.40824842711
14.0132510083632,-22.6607861641186
14.1375709192287,42.3795528428694
14.1923420739206,103.586598207465
14.222751067511,-117.747439957425
14.2548784154052,-66.3922186126622
14.2789293343156,122.030699546922
14.4923739968829,120.221337602378
14.5972690528465,-9.42800554241382
14.879206583295,34.8249292536899
14.910868631048,-119.509236264992
14.9279788173833,-43.2316695111508
14.9969051405015,-111.591542048502
15.2563073435877,22.2032877543289
15.2587561397494,89.7160655264045
15.8148584141195,114.239929771102
16.0111833347494,81.448694169604
16.2453863982815,117.651773944452
16.2764011178377,121.96948861278
16.5999530565244,-117.600723392592
16.6012749652601,-115.048929486394
16.6733497337812,66.7384272543322
16.6925764964785,74.3763061631349
16.7798775653487,-30.4164299641085
16.8314871145176,120.068348715392
16.8369966718055,-74.0818693399079
16.869026997523,-94.4192792402934
16.9082098518649,-119.578541687838
17.1415833807054,-103.54672012401
17.4587978947576,-51.8072330557306
17.5353672171228,109.215968226522
17.6518041797208,9.06439114495476
17.854356962098,58.8949058876941
18.2738899821474,121.912260590839
18.4301022908941,-2.61267840492466
18.4469799107996,97.0726867950474
18.9036221310079,-119.682950132322
18.9037921072733,-108.730739025572
18.9390754886336,-118.115935221119
18.9710889277531,117.204057245733
18.9828451551209,119.876113084173
19.0440190809164,28.8800439299768
19.2578685455785,-112.820867576018
19.4708701692581,-16.3923863373724
19.5240880467572,-116.00676839447
19.7232265496966,-60.4265509722284
19.8458572298905,113.665575659893
19.8541575348428,-37.4018694995718
20.0146520757782,-89.014348211963
20.0993197130664,-81.0532401363366
20.1802246510703,45.2803526428695
20.2716101570363,121.85549412985
20.5280979307786,52.5626877479441
20.8985145973623,-119.803728709505
20.9087213564011,16.0054673778517
21.167634797852,119.768554701293
21.3537967353329,-24.5830153044687
21.4054737210164,104.149394319189
21.5400856478455,-117.956724553535
21.5636252439743,-68.1156442711857
21.659843718804,37.0655530601396
21.6896216538631,86.3313223091558
21.8773574655574,-99.6883358240722
21.9004294724168,-45.3910882166872
22.009337667482,117.044296186448
22.2684271443884,121.77877076806
22.4994587823803,-115.172482134016
22.8270412520573,3.57788069946117
22.8459714628341,-8.62803737454831
22.8934141307183,-119.921127214214
22.9694151099959,109.990554620639
23.1755448319529,-111.489418697414
23.2986970396971,71.9477038275138
23.4429380861749,119.761415168335
23.6967633207887,63.7268107958503
23.7168775146865,93.0858428468281
23.7402323842468,22.951913349236
23.8438052448106,-106.423560566801
23.9658982058101,-117.859088493314
24.0264389862905,-54.0776420924384
24.2040912145753,114.183778399019
24.2104247562897,79.5941672255911
24.2643788794431,121.678483393839
24.8885652396016,-120.034643560583
24.9521350155548,-75.5686243791109
25.1337474492358,117.540643227161
25.2715016604642,-31.7117030534287
25.7253717127956,-115.062055718954
25.8550004807833,119.952601815179
26.1452356168226,-86.1257418750451
26.2588288569363,121.554663498873
26.3233087195152,-93.8940041115346
26.3368835402823,-117.877267826729
26.563751547044,57.0165752780339
26.7508259488988,10.4739339040864
26.8839687864744,-120.143768115831
26.893689727258,31.2520482460333
27.1259817204868,99.8424115894505
27.1561489399317,-62.0501536868204
27.1909249039578,41.167240550357
27.1917844758525,-20.4690539044451
27.2398585928941,-13.9183112478855
27.2820781810337,-111.508551830572
27.3882801417099,48.8999576904367
27.4753881642025,-38.9335746399107
27.6313426938337,-2.60341648590723
27.655819181031,107.177893754682
27.7815872514843,116.035562544476
27.8743039215426,119.141864511285
27.9741862348004,112.120452786927
28.2518387321819,121.407307710609
28.4418274917898,-118.288848030194
28.6173516859308,-47.0143650593633
28.8685732192199,-69.5949404162721
28.879643408183,-120.247990171644
29.0680691348861,-115.450459782638
29.1051886356506,87.1212359312203
29.1291091719204,-101.424205341915
29.496067117338,67.4438186845306
29.5878722071254,-107.405971816953
29.6930719300399,-80.6289880098794
29.7698848042875,17.0817526928636
29.9808467855794,-26.5864263953585
30.0098735305792,119.599507006866
30.2428328345666,121.236458967451
30.4559601400442,117.126497395008
30.6765121755731,75.1378366935255
30.6879866594361,-118.078964464758
30.8755195154319,-120.346795618748
31.0366445141795,-54.3981013371907
31.0510824950798,24.9504108882353
31.4625722663594,4.7615032224557
31.5123948935966,113.96390264369
31.5134981261194,94.3588857579333
31.5509890150381,-112.64594938936
32.2318011449595,121.042119740894
32.3169838178211,119.279739601049
32.385918088871,-9.32251754286738
32.6526409461998,60.8572244078753
32.6885562366789,81.7108614850827
32.7376078091962,35.947028735233
32.8719107871064,-120.439692185194
32.8821440507772,110.001299568964
32.895138610509,-118.623235769337
32.8992627784995,-115.818024812097
33.0008570592468,104.190277046269
33.0148369820639,-88.57342381533
33.522459442384,116.96552334098
33.564628695973,52.4848516651647
34.162895605528,-33.4564371331397
34.1838148560243,-108.918634722942
34.1958606322219,44.0495684887249
34.218217710047,120.824343444128
34.3096762490757,-74.9757372232082
34.3230460317684,-95.3804016279561
34.4360021139007,-60.027219992426
34.4772593995805,-41.341312467151
34.7824279249682,119.115875954147
34.8259918178547,-17.5435926015644
34.86819393451,-120.526150660559
35.0609636058951,-118.645363467183
35.1188366120786,-66.7663907829308
35.2419319751283,114.561273798491
35.9280937738224,-103.124528434364
35.955778514773,-2.08409158629234
35.9738340251713,-116.271354706103
36.2020517595933,120.583136297615
36.202490198219,69.3672084315534
36.2355392877579,-49.2284200136585
36.2510297484585,-112.989892506859
36.263822208644,11.8434672554029
36.4506824889416,-25.2308763265476
36.5594794515931,117.878300434925
36.7169929550558,29.5172467992461
36.8376180184007,98.6178803971316
36.8652636612066,-120.605716394923
37.0174461196659,89.6751898164652
37.2579726473431,111.426580680082
37.3133867734917,20.3998669917733
37.5030533017107,-82.3440629698386
37.5580852994739,-118.67944180777
38.1723564951978,106.775377055261
38.1827710998437,120.318566857919
38.5131292491004,115.347246434229
38.6589377393941,118.32106143862
38.8621257661749,-120.677867021986
38.998893428085,75.7392245275291
39.1494219526689,-115.944816462735
39.2534134483087,-108.647986685177
39.4493207819993,4.27895464669129
39.5642411516676,56.107956800986
39.6555624498051,63.6635581874853
39.6632469575567,83.0261759033648
39.9347286221754,-118.570500617386
40.1380854275725,-8.14010732199885
40.1605248141473,120.031619344573
40.3388600141386,47.5758037205184
40.3432685720254,-55.1035501227142
40.3658997472916,38.5819555998072
40.777607960894,117.95035257774
40.8481004808743,-112.899260710212
40.849151455002,-88.8606424515049
40.8592136176105,-120.745910279645
41.1587143916236,111.898845283377
41.2319478750469,-70.5077805132305
41.381843780585,115.398204948092
41.4762064658756,-96.3327090949536
41.6987371255296,-44.6877396056295
41.7404640880074,-37.4328911372356
41.8151325492539,-15.0054421759218
42.0440811155937,-62.2697053769608
42.0789271528517,-118.860301117986
42.1354433324956,119.727014462293
42.371036350116,-30.2134220072154
42.4672532564125,-77.231580749458
42.600608320327,-116.283844396691
42.6636969364618,102.819763854646
42.8567523540283,-120.816270282265
42.8929978791539,94.4224428992846
42.9506389554673,-103.492850920562
42.9702485660811,-22.1719547972282
43.1592640034268,117.621285933628
43.4616141947952,108.320722546817
43.6412151159158,31.7105726443003
43.9319110959044,15.8061552774897
44.0072739442539,24.2477105585989
44.1079134414253,119.405231747196
44.2101025091769,114.579652019224
44.3945067420901,-118.8764146648
44.5187225886968,-109.390462391694
44.62173006303,69.8519885678494
44.853538506023,-120.888133515701
45.013212718441,8.03239980413705
45.1829064992091,-113.698295714661
45.2444081848055,-1.49526979104518
45.3343080230221,87.1003531019246
45.3661547097135,117.099781455742
45.7352541860467,-50.4227753353741
45.8078897920679,111.57223624611
46.0559327170745,52.7885488467736
46.0771752968158,119.066313191351
46.1089377896407,-116.840152228703
46.1100541733087,78.5972415680906
46.2003021392079,61.1396292124705
46.6075825951991,-82.8196089686506
46.7427990385442,43.8027566283339
46.8504386688526,-120.960611793765
46.8932044550042,-119.325114979233
47.4809021757257,114.588640455945
47.5934272770118,117.069845567388
47.7678536088903,-66.8176453265128
47.966972270737,-91.1511957182339
48.0436686650178,118.710100937039
48.065615620092,-9.64472298839067
48.2104031689254,106.575731587009
48.3822221343342,100.208110491549
48.7933122220676,-58.0989980007207
48.8476483546252,-121.032824118583
49.0161351644324,-118.467725860142
49.0491643041391,-115.378728384511
49.0805768540407,-42.3494148278943
49.1655173425115,-111.380746555147
49.1805244269373,-105.658993333732
49.2635211935158,36.3290323593267
49.3135591288892,-97.950351097554
49.3508706494508,110.881858182238
49.4443411694627,-73.9690248372361
49.4585252313842,-34.2130271612321
49.6554012647771,-17.7985388618789
49.817307142169,116.542970666026
49.8545140094173,-26.0796134627402
50.0067462791619,118.336628576637
50.3658153849426,92.3399485555262
50.4244312259752,113.874560762558
50.8451295116802,-121.103913558861
50.9733343263199,20.3175510731131
51.0065925649457,-119.455183860429
51.0853862513127,73.8311901602865
51.4495569311185,28.637724925268
51.7233031745893,3.42425737596289
51.7737102539377,12.1176060407739
51.8182782209564,65.8950163502821
51.8296004176654,83.4590542246324
51.9665530590834,117.945787575068
52.0304456470136,-116.929430723125
52.1617082737125,116.009607083746
52.3116567388288,49.4173004258327
52.7470528180886,57.5586588135539
52.7604169702185,109.761065280092
52.8421407497567,-121.173033797547
52.8871020334432,-50.8184098714424
52.9493399047936,-113.748894145938
53.1403819843414,105.014905397935
53.2581776925,113.092412819535
53.2708991877293,-87.0210214140284
53.493104222759,-119.088975948346
53.7718207338038,-4.58663725893251
53.8873186230531,-109.044944274114
53.9228534796942,117.537541185538
54.0662984129263,-64.4671551413917
54.2226807384407,-79.4166993679658
54.4207369081212,115.394637913142
54.748558851565,41.2389329776413
54.8391776538895,-121.239418995439
54.8842362275494,98.7620189655513
55.4282296835067,-102.258537209946
55.6331919677924,-119.365632999995
55.6532739486297,-116.526740102818
55.8358771772074,-12.9085163720396
55.8752662288835,117.111889964061
56.210164506029,112.320735865551
56.2886842604566,-44.4675035320526
56.5105569687503,114.945368564547
56.5385561969724,108.687251310506
56.5878503819157,-37.2140383607794
56.5919404086855,-94.1799828560261
56.7179123831185,90.0859896222101
56.8364594205192,-121.302329152061
56.8891570162849,-29.3486558292954
56.9851854821817,-21.1308403389308
57.0403940601546,77.2556542957059
57.1300740034432,-112.886936470994
57.1682590811474,-71.3517159315975
57.2893560726315,-57.0844219200058
57.7598879853696,-119.026643115914
57.8240330628477,116.668700392921
57.9708334772311,33.9404391400847
58.1657921043402,24.661079197971
58.3732108738047,69.6798240390645
58.4124025467969,16.8095482658076
58.4742148386938,103.792044554731
58.6833557027227,7.84951143546643
58.6850182652133,114.415941561952
58.8339537154471,-121.361052332754
59.1392899207793,47.3567155245751
59.1680996758592,-107.515576651206
59.2192889287932,62.2251348684046
59.3115234130261,-116.371222266508
59.3685113336126,111.643158646531
59.6061041710651,83.2588503839673
59.6104742792649,54.4980814091153
59.768504782531,116.208219842673
59.9216358737828,0.226964627914826
59.9484727817435,-119.335810134885
59.9871419650417,-85.9095813475021
60.2686957476501,108.16702632966
60.8316295158345,-121.414913484392
60.8561792195608,96.4422273336699
60.9809071168183,113.871550245268
61.2431721196647,-112.592700049692
61.6140997129266,-49.985083888808
61.70973733837,115.733858393622
61.728886603493,-63.6133429021281
61.7506016503901,-77.9857938272606
61.859237300183,-8.35197091424439
62.0003083803991,-119.191612796879
62.6423764580214,111.006382414014
62.6950108025837,-100.217691531636
62.723088846997,-116.388346836412
62.8297931096048,-121.461110562077
63.1266452764134,113.578320632008
63.1327592175309,102.416916009277
63.1783812424249,41.2435432240938
63.4783685530254,106.960457881527
63.6481033584336,115.246854127148
63.8135534956454,-41.9875945069805
63.8492636186751,-16.2727232149256
63.9024262334047,-33.600666400593
63.9870309196344,28.6544581221854
64.0383566877144,-25.0039602262635
64.267462445857,-92.2287575226228
64.2780599407299,-119.355894417736
64.3136299995787,-107.799027016326
64.3630086895308,74.019558299637
64.4970143257069,89.1115686538363
64.5659572815379,12.4686325182927
64.8280515245689,-121.484971674237
65.1711464545866,112.890044797459
65.3434672774881,-70.3744877531539
65.3832545758415,-113.031649525126
65.5828025311373,114.747219483738
65.6695008742203,110.060270381911
65.816254061374,-55.9999337139145
65.906807198643,66.1329116139752
65.983148702992,81.1848855423124
66.0037772731778,-116.786873715084
66.2706129200652,20.5353588221141
66.3156209618877,57.8728345260939
66.3214975796769,49.2873199489406
66.6350965972845,-119.583727844519
66.826446404414,-121.483976610026
66.8951866711177,35.5411466386027
67.051940188878,106.556821216026
67.0682237233875,-3.38628703816342
67.1950861472808,-84.327677105097
67.1969220390649,97.1003117480289
67.3121731937881,4.74885901825721
67.3265291374519,112.28086397479
67.5143021026417,114.234647684385
68.1756407355049,102.532444347031
68.8246668603428,-121.45824793817
68.9035117044744,109.623455370674
68.9770520480018,-119.907710001481
69.0317640074012,-117.654293691281
69.2891302428822,-104.494346744766
69.2908133944983,-114.550416491983
69.4425046139726,113.708973928882
69.4876116419673,-110.33807294303
69.4919529319634,-76.7367190332872
69.4926534535927,111.911454132062
69.6761419798671,-63.105293001458
69.7934627870939,-47.7672988715163
70.1803458631675,-96.926155377512
70.6519275983911,-38.4805461200755
70.6785528813829,106.734264532166
70.7165033021131,-11.0734538677767
70.7659445148567,-20.3884006750549
70.7830670338429,-29.5364641195601
70.8224086340902,-121.407911530189
71.0782580746338,90.9011345631283
71.3618225914872,27.5832093702353
71.3667741675385,113.170188622689
71.4299857387029,-119.384158077643
71.5441846748974,12.8389649577744
71.5657836039502,75.2636113406993
71.6291599066042,111.255075354349
71.6650002988266,43.2387883132111
72.0577893046092,83.7155654726495
72.20825136818,-116.669078794044
72.243879574846,109.187648278908
72.4770090346682,68.0594328252726
72.4841211246886,-89.8499028990954
72.5742675257659,103.453710920123
72.7535712274166,52.2738336207475
72.8193740471836,-121.333096292396
72.8417443917028,98.5195181073722
73.0501599135486,60.4627615088387
73.287260318006,112.61807243827
73.469534309543,-113.123981262109
73.7104936995736,-56.2296214203478
73.8416735243041,-119.396934779956
73.8599474569782,-69.33044810138
73.8769305232619,-2.10112879301282
74.1221723645614,34.953307735177
74.2291297508258,110.461980207081
74.382730669858,107.1185141136
74.6099891943128,-108.400176066861
74.664721278642,20.0091645138504
74.8152719415442,-121.233933907475
75.0388626670393,-82.6679067763531
75.1750076681148,-117.061829977075
75.2039917214204,112.052438080513
75.4170643352921,5.76498793851532
76.0585746985113,-102.125199875508
76.2326556496921,109.719814734105
76.3376510689467,103.460656244289
76.4615378029161,-119.255022685523
76.8098176121335,-121.110558585596
76.8991276586879,-114.578333631735
77.1168085756501,111.473155680452
77.1204068111238,107.132246712729
77.1728529803136,93.6175823080445
77.2111530518318,-75.4039014230793
77.3019454575703,-42.2768690225978
77.3207877847957,-49.8032536372424
77.5249145645344,-25.3591822308118
77.5366343998088,-16.4481444181649
77.7381266860601,-33.939572051046
77.9149075361822,99.4265434061704
78.1516156368142,78.491277024992
78.3058357019954,-94.8474425320089
78.4640811325267,-63.1335301592119
78.5874307454657,-111.361438405325
78.5902237004083,86.38385661662
78.6001124360251,109.253908547162
78.7191943794891,-117.089936799975
78.8027327323134,-120.963106825032
78.8149689327556,-119.403487652173
78.9356680524438,-8.13079289217289
79.0250264165757,110.880266120003
79.0585845224839,47.9817678443401
79.1188978388596,26.2652306645884
79.133313290927,70.9848324447938
79.4230955675355,106.023421471168
79.5694584342689,13.4644980365414
79.6401446436581,40.538605871829
79.9743257028398,55.7245067767892
80.0074710834295,63.5621513660027
80.5579299639149,102.954513069158
80.68756542788,108.314766303046
80.7320029895679,-106.756507923559
80.79374527256,-120.791717182207
80.8365555409782,-87.6121151843386
80.9292004913533,110.274992868705
81.0364058375051,-114.751139236688
81.1745045432121,-118.549056826789
81.248365077532,32.6137611775998
81.9157356617156,-0.261371095598955
82.340800734577,95.5179657470313
82.4244827195726,105.679702081909
82.5287281319859,-55.6038072923558
82.7825894131362,-120.596530051086
82.8350579059155,109.674015035163
82.9460232113771,-79.8517926749439
82.9835266244043,100.125689353042
82.9884973645149,107.895338035435
83.1441280603811,-70.9235745878932
83.1499995930248,-116.644176472919
83.3973351833821,6.78852240702969
83.4856655207989,-111.247390915827
83.7152336436214,-118.905387893642
83.7646966488477,-100.526582321634
83.7762904040981,19.9707335695564
84.2965398552697,-21.578247808751
84.6178747815141,103.927697417541
84.6226286305938,-46.7590442613384
84.7249409820108,90.1241599684333
84.7437088443302,109.081473341169
84.7690054513022,-120.377687451788
84.8654692768616,81.9715402593412
84.9102410080743,-38.4026877105235
84.9332476459051,-30.0100254005536
85.0953535699528,-12.9727570978724
85.1879651110021,106.805570263941
85.2807968228539,-114.701734968392
85.5073871464275,74.4009315288763
85.936807695742,-117.938449457098
86.2716661145456,-63.6569400443818
86.3309586659973,-93.3332339777998
86.5861858060679,44.4539241420687
86.6547480799726,108.496332226748
86.6583366546418,-106.508629770571
86.7036287832822,100.694900342851
86.7527814108629,-120.135327482886
86.8591089781295,67.1022710575063
86.99160951409,59.2024286200807
87.0911338830701,36.0744567565327
87.1373648052693,51.4037455175131
87.3227995340455,96.4200653394687
87.3535642055871,106.289903675262
87.5972819193018,-4.90832991612996
87.6105275038087,103.930886632877
87.835950285281,27.2354459229127
87.9747336488113,-111.478393204708
88.2108169724476,-118.120905097098
88.2220150828103,12.4612910660463
88.2310922492711,-115.452936660455
88.5676936833508,107.917600291261
88.602004559523,-85.5461728871748
88.7327332394333,-119.862958674818
89.6941324995405,-77.3716719513049
89.9060500191178,105.956886855047
90.0444399534004,-56.9447087635208
90.1242668167752,100.693178743925
90.2791358665765,103.794350248176
90.4818723922723,107.344369557418
90.4919830866129,-117.710479537465
90.5735653469569,3.70839809986548
90.7056219584441,-119.544919466577
90.863416723974,92.158160872181
91.0802449346462,-114.853154672412
91.1705531269089,-50.0397166334643
91.1732423576052,85.7076736267126
91.1837825524885,-100.135608480475
91.3308747247842,-18.1113644734034
91.4775442574502,-69.9673475643277
91.638386224468,-106.819116134387
91.7146207518298,-111.569472164464
91.8513433360833,19.303579651243
91.9259661748343,77.959869613911
91.9359808305948,97.30697278778
92.0217196124218,-25.770566043076
92.3238054775183,-41.9484001496827
92.3974393374404,106.775517089757
92.5267288924146,104.984115441429
92.5433269082864,-34.0630852506651
92.6705198942821,-119.180780274809
92.8265135741013,-117.001760208693
92.8668404323352,40.8766576040058
92.91982632102,102.368341199149
93.2642649782478,-10.9510875144386
93.516693780547,71.2001948095986
93.6669408212177,-91.9146990312926
93.6985671393247,63.080709795242
94.1024329265315,55.0062066281712
94.1699067376931,32.8216749442494
94.3140849698348,106.210097896892
94.4327719374784,99.5690278963498
94.4957236013275,-114.07549197945
94.6263797451882,-118.770860078256
94.9482486117845,-62.5900270505943
95.0264025798849,-116.746467758016
95.0381760716632,104.232056034872
95.3697366057611,47.6182357090193
95.448530298023,-110.007642958326
95.5122924211708,-3.04209033935507
95.7407296287415,94.1997628621532
95.9785848039493,11.3844585239528
95.9858251837781,102.093461401471
96.0090635668744,-83.9185318391545
96.0228109659868,25.4864749155792
96.2315231975858,105.647199364067
96.5721635888615,-118.315501380565
96.6576428929752,-104.504801107658
97.1416775099309,-115.93464460554
97.1826265796349,98.0213560484563
97.2949464487085,89.2164676207562
97.3026743019942,-76.4939096724131
97.6927756088075,-112.918829073759
97.8375575868409,81.768831184171
97.8633647198674,103.614950157487
98.1494923937129,105.085942984924
98.3611234312339,101.006995622665
98.3626018532736,-54.7424761703819
98.4326146633916,-98.0491687180552
98.5068470806288,-117.815068956642
98.5800188807633,-46.8953340765246
98.7416179025687,-19.6845931598255
98.8709103520741,4.75463048252267
99.2539144693498,-28.9752167717576
99.2919542621142,-108.655689701595
99.4144074127947,-115.411920910782
99.5858642561863,39.3485184030009
99.5892199869675,-68.7809740086065
99.9681287543753,67.713352665369
100.067755967206,104.525485414742
100.100576529656,17.9204718105556
100.320933237559,95.2928907644137
100.35168106908,-38.0215349286687
100.429419815521,-117.269949173051
100.441608411681,102.470824045284
100.537528143619,-10.6677617131066
100.537534472766,59.3163745226301
100.580048128029,75.6631881865278
100.726753953205,-112.317042418437
100.742547330027,99.2982009969184
101.264023864593,-90.3403493647697
101.629350737221,-114.889559422342
101.986102540064,103.965018937971
102.034959144295,90.8717437757378
102.087342384666,31.6237160354922
102.338885654905,-116.680549317383
102.354174920567,52.3641419213214
102.355026029782,-103.660584118407
102.833702093292,101.62068404804
102.904747239371,-108.682923737907
103.073223009514,-61.0013121170833
103.200451806386,-2.67277422158444
103.426116218138,98.6096319158503
103.668707649178,-111.965849492901
103.733245937416,45.1589581317298
103.765322167522,24.7020387597803
103.769305212864,-114.384393029084
103.802928892579,84.6957115367049
103.904382384932,103.403912897005
103.989207957257,-82.8892776813817
104.234263019433,-116.047296938095
104.532707037841,95.0670042190276
104.620824804177,-75.4580626383249
105.174473732128,-45.2746735690616
105.218356014408,-97.8838678202628
105.268809800871,11.8525058029178
105.381218012911,101.029162219987
105.797722688183,-24.1158655673919
105.822965955393,102.846100062893
106.104499123193,-113.344579383993
106.114582828541,-115.370640061838
106.155244879957,-16.0728856614031
106.22456227818,63.6039793035072
106.244112037397,-106.506580837256
106.3017764228,4.52430996672662
106.404347140978,-110.331435419793
106.417308886358,98.282995286353
106.705455122049,-32.3862399908987
106.753266054235,-53.2913390147633
106.945968638448,90.4093071533818
106.991526719475,71.3678397246735
107.029568251384,36.8693701244808
107.353626154859,-68.0061279433025
107.742740729762,102.2925568113
107.978879142661,-114.651050691411
108.062145188094,100.428652230342
108.099615606051,78.4753895223653
108.26924799251,-112.261393249787
108.300335245564,94.8924481635719
108.438552671961,-103.225859121687
108.641841996304,-8.17755737309361
108.709853179764,19.5618383733812
108.880582132443,-90.3947411088335
109.196587353075,-108.680416063212
109.314407041146,57.3566192194291
109.337857073809,98.1835642481422
109.658782061768,-39.4926633727819
109.663575427502,101.742199488338
109.826231023317,-113.88900804314
110.211699965679,-111.442299260182
110.399513455445,85.6746528483399
110.462046150085,50.3189381785411
110.486394498287,28.4015213163322
111.001308442765,-98.0167035752911
111.014764226333,-60.9013277524067
111.15964415884,99.4697040750829
111.334751938806,91.6054974811279
111.360708181293,42.9692142660458
111.585317051172,101.194017910019
111.608771350116,-106.975970622619
111.625364817671,95.9983652837663
111.637070167652,-75.7815574927435
111.655717835184,-113.085014295571
111.66520446038,-83.2771535164792
111.776947631765,-1.05621142685683
112.108224349244,-110.367702029713
112.771935039866,66.1834737018045
112.904300504761,-103.304868737101
112.919568413691,-47.1926218750133
113.269942662094,7.04891848499759
113.288834801932,-20.0865789475597
113.393967108925,-27.5704570916286
113.466792395145,-112.240661009347
113.473608831248,98.678012422184
113.507856745975,100.647053560451
113.953988907708,14.6002348558099
113.982298044039,34.7535725092612
114.096033642046,-109.542497933364
114.186077556714,-13.2478646805877
114.440865515196,96.2729531492264
114.683499540019,92.9549036430414
114.711510417337,73.4837809480432
114.812759418713,-69.0117084088709
114.902741992076,-106.69919874859
115.135291525034,87.8491004636244
115.242827991005,-93.7938381340246
115.262359928262,-111.363456127932
115.430359030407,100.100615674753
115.536913057934,-54.7118928394379
115.605237646079,-34.7517210994795
115.743289923451,80.9927761916988
115.808590741656,-100.136778008256
116.195040818282,22.9248147406535
116.255414618317,98.0191088314717
116.410962627451,-108.858044493565
116.542299742542,60.340276938237
116.976823475127,-104.440588062736
117.042473939755,-110.455253251721
117.328038946528,95.2155578312921
117.351813937926,99.5541222710271
117.517224141312,-6.51094798026466
117.776406365403,54.1390245973926
117.890934402328,-87.1059329859805
118.146648738321,91.2410150202803
118.191000429594,-107.34562242597
118.289530441891,47.1157258596901
118.595792938583,39.7835995164732
118.66119776622,-78.2191747358293
118.782706759839,-41.3762530595051
118.806674582103,-109.516463154882
118.808305413703,97.3174364859139
119.014235848845,-62.3587822989656
119.273662636714,99.0063510971826
119.40516107453,-98.2831731526792
119.529079722162,1.08771851162896
119.563559675178,-102.796083500428
119.599822488379,30.2639179924763
119.90989695662,86.2079243355321
120.041871159863,94.2769619208032
120.125188787995,-106.121620756277
120.418889124866,-22.3485073177865
120.525040544734,66.6667687575659
120.541091826379,9.57113754210809
120.554459639638,-108.547528918135
121.036263188094,-93.4418049539325
121.048683479256,-48.8964388855292
121.19226248504,96.533148834128
121.195940645067,98.4565306904685
121.583260058284,-29.9457235329327
121.770472551206,-13.6856179490868
121.825289527668,90.672669623712
121.827089685365,73.9124060858678
121.843153413397,17.3506351841033
121.952719617017,-70.31940198129
122.144087308304,-104.982117484597
122.285346420312,-107.548895245516
122.340241279803,-101.534100714735
122.468274612307,80.961382628892
122.939840742679,93.8578490713247
123.115665836908,97.9048068512146
123.622227699421,-97.7891429942655
123.640700524146,96.0182596405413
123.999003808848,-106.520926570714
124.130981517634,-56.2952559256958
124.210684025617,-103.904678704926
124.36108898026,36.2372068939679
124.548264389542,87.4307305904495
124.561025999691,24.6744464104902
124.627235996657,-84.2871647358841
124.807374324926,59.7130012440504
124.962678668133,-90.3552196452488
125.035414599224,97.3497798381787
125.180125300718,51.6704378328844
125.298134801589,-5.52002700709963
125.32926604342,-36.2144740327526
125.372629645409,91.8260302744628
125.377119849416,-100.84969094839
125.695012503673,-105.464042598822
125.699483719559,43.8997379703276
125.851148447548,94.8402278819303
126.095211503833,4.18389529577649
126.40445188266,-77.0990644115247
126.416354941538,-95.0810096679162
126.428189485375,-103.028511078634
126.954878054793,96.7909175016902
127.053419999627,-19.3282789880468
127.101123742618,-63.2155312937188
127.120634287283,83.440835382003
127.270062115985,-43.6935844113983
127.372962787189,-104.378664978138
127.605600644484,-98.6694976307275
127.705118105558,68.1675549980018
128.08127109516,89.058199655942
128.152080855241,12.2112021186817
128.164746988128,94.7427781069869
128.265343254036,92.4352736226809
128.346852019315,-101.422146872839
128.560703924212,-26.6960567959123
128.871451171366,96.228406458126
128.881083912287,31.1358352468815
129.022665803514,76.456175291089
129.032454361512,-103.265217181543
129.216336331947,-50.8077789942971
129.783088516467,-70.4796067379201
129.876922153885,-92.9603951844173
129.94080490391,-88.3623818264516
129.971283425885,-12.1472752072189
130.192121804805,-96.737292716672
130.211482456116,19.3665392388916
130.348589358757,-99.8623579700811
130.53307542996,93.8377012741712
130.673096188603,-102.124124394563
130.788532020227,95.6607125743083
130.882000760307,-0.488666809804504
130.92049038885,86.7809793117661
131.158999673714,90.9781701348819
131.544493654472,-83.3387860338077
131.79057450482,54.4642275831144
132.058623033139,82.1568851222411
132.074428068871,38.2490421008832
132.254499511108,62.3449812244054
132.294379079442,-100.955906721197
132.35400180339,46.4636418624413
132.390551637502,-98.3709683002454
132.572477524933,-32.9472097188718
132.700610704051,95.0764401686693
132.790779113923,93.1231121539989
133.015776541877,-94.9919808738417
133.2353506395,25.9962467407707
133.337320412244,-56.9249466779867
133.635825677519,-91.122475652928
133.682572173347,89.0622684983219
133.754460253675,-39.958114549506
133.802734266789,7.40198529760123
133.896037216988,-99.760920969228
134.051607898009,-78.2058289681527
134.258173708548,-19.5635067379741
134.38359936665,-97.1575294436587
134.515979618957,91.8396706906848
134.594532604556,94.4394630716931
134.606217357284,-6.3061623184781
134.795434610175,70.9222328784209
134.975906929638,-64.3687852970632
135.12034679799,-87.3732147727116
135.41578325365,85.2580165666288
135.477732830353,-98.5395779146574
135.763799872678,78.9224063006294
135.781067257867,-93.2564540604084
135.86823330222,-47.7587813941994
136.219716544853,-95.6165027650841
136.468878576175,93.746606994369
136.498262502949,15.0671438284504
136.523415394976,91.7039885645831
136.653452151621,88.8136605486901
137.038969044319,-97.2921325267803
137.05603057069,-26.4675851753938
137.159975338721,-72.2292753576389
137.660854524573,-83.4500412311223
137.712340765814,-90.7137430329711
137.788021595074,31.91140229705
138.309151088182,-93.782331215725
138.321806240429,92.9977500397187
138.373881870603,1.39697478319105
138.502526266708,-12.771759403714
138.545411687133,90.64324828496
138.579217442294,-96.0188173835571
138.627218163336,56.7556069689648
138.709844367439,40.5062442845899
138.732112649613,83.2940780036814
138.84163766081,48.9240468193699
138.870433972967,22.4577254700516
139.090804732723,-87.7673287730306
139.26373328596,64.7553618220687
139.324676418364,87.1597006199472
139.859297240919,-78.3721597159604
139.916496556408,76.0269215097446
140.098111744972,-94.7200896619972
140.15042436012,92.1932978153878
140.176832606642,-92.1677387683866
140.419866080349,89.8878655445992
140.724273461977,-53.9719856573348
140.777651334369,-33.7241758353481
141.067211440693,-40.9340586002083
141.283316635399,-90.139119009068
141.544488617431,9.44191648668396
141.595208192229,-93.3964876407793
141.702141446287,-86.4117536728992
141.805285370669,-60.7717039442764
141.816747397103,80.9112507966542
141.954505563189,91.332537215986
142.018756315917,-82.506509097614
142.129063227115,88.6436383410952
142.172914064921,-19.4083936695183
142.346096286853,85.4280078917266
142.477747736369,-5.37772344576011
142.53615269836,-68.2236469054352
143.070299323048,-92.0483514082731
143.104441812608,71.9422882391896
143.311185807751,-89.0489162251489
143.458058806933,-74.2396422846927
143.730285733997,90.4164459247594
144.149504207311,88.0044241736073
144.397135066318,-47.5639967952848
144.470853265948,-84.8660879564273
144.523059959747,-90.6761280689224
144.581272670603,26.6402033399973
144.71296623003,17.5408529740289
144.737009020809,-79.0379030082329
144.759424931823,34.8550067524813
144.844520390388,-26.2996343782744
144.93363513063,83.3004002452515
144.991550498605,-87.4422861770205
145.226633791272,43.276968528487
145.245704258627,78.1305278785211
145.323952569565,58.9806986022149
145.47644521777,89.4449410019963
145.552159965492,2.25374474178794
145.612234810164,51.2495674011806
145.640017265413,86.5504826211688
145.953173056503,-89.280265761208
146.196014565018,-82.3302259064146
146.498614781183,-11.784107641397
146.684736512792,66.7938902008759
146.941136417661,-85.6007439348613
147.191149221967,88.4182189789528
147.360329581372,-87.8612135940026
147.521531626945,81.8154697771399
147.595911078176,85.4451000616108
147.864331032334,-76.1555940651732
148.005833361756,-66.146871653368
148.04421868851,-71.5351432098619
148.171002248904,73.579820900847
148.455833040023,-83.7601784666794
148.514969541745,-40.4205400002341
148.54084943636,-79.9608573096356
148.744111570162,-86.4195453012044
148.758428846288,-32.9206059056703
148.83886530494,9.82953480904933
148.871514868462,87.3372155992608
148.994485627885,-54.4062402097285
149.133074033705,-60.392885224639
149.350198171885,77.9766010560947
149.449143721428,84.2665377414163
149.557067636625,-18.3954319515095
150.07552827182,-82.2278505563965
150.104339024116,-84.9556000260048
150.346527736858,-4.20435124231219
150.475934276708,81.0308595811256
150.516175979245,86.2020224904495
150.997635049468,-77.4702198128397
151.396841336063,83.4024577824508
151.440737339839,-83.4698177265697
151.506871035565,-74.0467656976813
151.516178530713,69.3737890747674
151.551764408647,-80.2819759774545
151.575991163837,38.2361159297007
151.657405322695,30.3193600927603
151.69983342274,22.9076346928567
151.767687222335,62.5263238529664
152.114125203631,46.0444890443472
152.122789731624,85.0134352491106
152.171237884357,-47.7865894235866
152.229761533132,54.4195444450826
152.259488889134,-25.3836725933996
152.294198983334,16.0239691758987
152.299233766416,-69.4732346132249
152.313153309339,74.7186637421835
152.753028532157,-81.9626503158872
152.891425802581,78.4710793538542
152.906348780725,3.43773288936929
153.075001814085,-64.43535258444
153.077320353775,81.6347877326444
153.35683920759,-78.5083574947411
153.688850049412,83.7725357816195
154.040935403513,-80.4345584451586
154.102418337925,-76.2950905174432
154.281788553859,-10.5444598316793
154.349960893444,-72.7915872323286
154.829511509125,80.2591334234241
154.94087357429,-58.7230599508814
155.158475353942,72.1450315654374
155.212740788601,82.4798308255038
155.30406286273,-78.8860434512869
155.383413205179,76.2599238439371
155.67564424138,-36.7817540830487
155.767887280376,67.6496182729841
155.84941888288,-53.485353961621
155.995010227326,-74.9709107276222
156.01074475447,-67.345544968587
156.301174518126,-70.3170713230488
156.313397278995,78.7102373223316
156.536708131223,-77.3131009482743
156.652694491974,-18.1359149313015
156.68634648924,-43.2214102208713
156.692286660659,81.1363648731207
156.780520185236,62.7065984835187
156.82171793034,57.6428446080145
156.874353360774,-62.7840734147892
157.302374094699,-30.3567668508541
157.404802424201,-72.9972916395924
157.470491998693,10.5549431773342
157.655599548754,74.232897510372
157.734702352988,-75.7136405014704
157.756972986069,49.0463256700361
158.124910241854,79.7433348735189
158.140326504057,77.1416982103957
158.229953118883,-2.70960963716634
158.354437812069,33.7639753915666
158.681121028327,41.2888818403665
158.684704393365,70.9583022350169
158.744157579372,-65.9140848502871
158.748583084147,-48.877785300337
158.8243095674,-70.921376762681
158.897536084794,-74.0884341893333
159.240724748949,26.1290513795305
159.506590359761,78.2999420178563
159.507522267667,18.4526202908138
159.509059554934,-68.7563765673423
159.548439077284,65.5109614665327
159.754791573957,-56.5511434101316
159.810437308791,75.4996556492896
159.911505087076,-60.3448198368491
159.929815064074,53.9689839032076
160.024695307394,-72.4382892770059
160.309149906772,4.08402496935101
160.423554005363,-23.811056674442
160.503875406811,68.4750956003914
160.554078522346,73.3272699518751
160.637888679303,-63.5477173412664
160.834924749689,76.8067170475371
161.002672451338,60.319690239058
161.11568493411,-70.7640179208906
161.325786021691,-66.7648066345809
161.397252719839,-52.7960217183653
161.434088895136,-12.9283734755378
161.441386159236,-39.6309283901723
162.107210038495,75.2657785632445
162.142870758448,70.4813702553151
162.170032972886,-69.0664292137744
162.174139140079,45.7808894348289
162.175213422105,-44.9599535153414
162.233403547045,63.4583838150135
162.274609311765,-7.39592594344171
162.298754461495,72.3381352820039
162.317259465055,-34.2858841623557
162.783318630209,-64.7084211034113
162.866745155954,-58.6629345428011
163.060955632998,57.2514671324128
163.187278323478,-67.3463473424592
163.20920697606,-62.0751564218503
163.242673931907,66.6280505292423
163.321350485645,73.6788302168525
163.35202097074,-28.2796097397695
163.430517711391,36.4432481844408
163.522621974272,50.8000784854813
163.560844470438,-49.1069389816721
163.570031443604,-18.6648749603984
163.87042537611,30.4578645260205
163.936192412276,-55.5197329366292
163.93934717425,13.1233809946663
163.942365130679,69.495988503421
164.166976304033,-65.6046033966978
164.210814210588,22.1684860335301
164.47547491677,72.0474858941587
164.730237526301,41.132242518852
164.797650216865,-60.4371086182318
164.834571954413,7.86889732471558
164.975846878406,63.5057492873405
165.108694538258,-63.8420429873055
165.146866067479,1.67020005871767
165.192855113435,60.5109639258991
165.232738529314,54.1895136176209
165.296945081828,-52.4096457475466
165.304867055981,67.6980630069726
165.387433509163,-2.89136746759371
165.567514922946,70.3738630886237
165.577911645764,-42.6651391552024
165.681653489528,-58.0928141722639
165.818865087416,-38.7911895034518
166.012025102967,-62.0595035140058
166.150039220446,65.5456515869274
166.30156777688,48.1554567681888
166.446374385953,-23.0308664534747
166.474663904411,-46.3644954143899
166.488516241842,17.7746590903168
166.579430668803,-31.3048988103537
166.59366588217,26.1714606909538
166.59548424973,68.6602881754117
166.61274459592,-14.3790835523207
166.694575631862,-55.9217391247175
166.823767578274,57.6399374163601
166.876573944544,-60.2578323129012
166.961953395182,-49.3984380915938
166.996431959748,-35.5280847161976
167.022559708094,44.5611425568348
167.023276468028,-9.61067610917046
167.382912740781,63.1361437467784
167.499058145993,-53.8787686624712
167.557662034481,66.9089954157282
167.701961835164,-58.4378854383759
167.739747510993,33.4515606294419
167.818287061925,-26.7147330293561
167.94799353733,60.9176301920843
168.03130135061,37.7526482571052
168.076468363566,51.1451552471396
168.130196051405,54.3136111465295
168.345512035153,-51.6290505212717
168.452498489175,65.1222250374514
168.465365803704,-19.0941286443648
168.4878254728,-56.6005256627607
168.722824950221,-43.9366528656685
168.827212183152,-6.11354482339196
168.982604440723,-40.7852971451711
169.080554295949,59.01993562935
169.128327969991,5.48016834305977
169.145548266654,29.3059889553556
169.224464779945,10.1364242567546
169.233847139722,-54.7466427881936
169.246340471227,22.2060877771484
169.278441312863,63.3025839006945
169.314230157473,14.2891479014131
169.339677360568,41.4221003324083
169.371337982107,-49.1891433679493
169.514241743872,47.7772178372636
169.53539048687,-46.955728844753
169.558147210619,56.6833277638292
169.650484163825,-33.5723791256207
169.699422492778,1.43431257770898
169.787718010646,-37.7723967990752
169.942693557753,-52.8782204895167
170.03412968446,61.4527135543647
170.099852194292,-29.5881134040061
170.104885766594,-2.24998514347963
170.333535824922,44.6229779583553
170.38294978867,-15.8058082191065
170.410030104431,-11.9279828063636
170.459312527801,54.3514099410152
170.61606134988,-50.9967110174765
170.651311768514,52.0752282613534
170.718399764781,59.5752434804456
170.798943968063,-23.8852732808877
170.888045784493,-44.8406795747296
170.998261465652,18.5934634978143
171.146084585048,35.4998951485917
171.250155296381,49.7784027559635
171.253725644342,-49.102800031426
171.263676851413,-42.2936832211697
171.306903335446,-21.0744408819997
171.330229942276,57.6729144991322
171.382278129484,38.872224090133
171.449726940654,25.4769669284244
171.463213172843,-35.5044230050682
171.563747999922,32.1996722099613
171.679332261718,-26.7948967919913
171.733410802952,-31.9589069901902
171.830398348672,-39.7681068640137
171.855471067849,-47.1971791963848
171.868814550711,55.7485516266105
171.904195661159,-8.65038192399824
172.023512889101,47.1207801642347
172.361228597776,53.811723467222
172.418720812656,28.7912801978791
172.421096902138,-45.2805291933218
172.482914259038,42.0592240180964
172.543899563951,-18.1074701056737
172.562714648232,7.09092278894978
172.642793616245,44.538789075022
172.703805001212,-5.53445915445054
172.738231646654,-37.3476106996684
172.756483306456,12.87292041783
172.776399573671,21.8409699487009
172.830488999446,51.8692397939515
172.947727438651,16.0553297840158
172.950412492317,-43.3535317488123
173.015687094773,3.93222428240158
173.019185234821,9.94925609959492
173.101058661281,-14.5892191597888
173.117014320374,0.710147624025399
173.20527417625,-34.1401975513855
173.276535654107,49.9212784237088
173.31535719413,-2.40904597478543
173.334579583635,-29.3446986171224
173.443234828282,-41.4168789349136
173.473758993617,-11.5925362735753
173.5591265594,39.7580211262048
173.632536335532,36.9708379028627
173.699290555131,47.9680947602296
173.86741176873,-31.5539269591743
173.899391120368,-39.4712652258102
173.953095615682,34.2490796162862
173.992506820164,-24.9441223240558
174.091303353085,-22.7910488358995
174.098662971507,46.0100199541278
174.267242693569,31.5249638087416
174.276235418457,-27.3101303551929
174.318719798192,-37.5173825903655
174.39397726491,-20.6084447565974
174.474578137256,44.0473311428582
174.573922450681,26.4770586672236
174.644150305547,18.973090433323
174.701068869032,-35.5559267772244
174.731805883944,23.9934933610003
174.800974088414,29.029365276483
174.826968291161,42.0802834223548
174.908229943349,-8.80744127913867
174.981116978704,-18.4005551060189
174.9815961554,-16.1105429417062
175.046295745847,-33.5875992749287
175.155772574913,40.1091016401704
175.34912497849,21.3402562489868
175.354268106728,-31.6131038103887
175.354884525386,-6.85029515015404
175.434044039276,6.64122223286506
175.445440189885,-13.5407011546899
175.460911182828,38.134141756473
175.464879509852,-4.62673102598353
175.498657027913,14.0792379462739
175.566312851922,16.6128463840352
175.581069280477,11.5472523734682
175.607633518815,8.97437769552463
175.624864785008,-29.6331394405253
175.627760323521,-10.966636207625
175.661614295808,-0.185119954709589
175.689000169179,2.16984292608242
175.742321267908,36.1556857521085
175.762265834499,4.45547507955067
175.784378909731,-2.4013202433823
175.858102814599,-27.6483957169523
175.999943033068,34.1740167437375
176.068363287276,-25.6610789723934
176.233731060443,32.189317687435
176.265516418074,-23.672454718642
176.443618500475,30.2019694013364
176.44956398909,-21.6825871332044
176.620509159784,-19.6915130473462
176.629554952119,28.2122542726442
176.778346753369,-17.699357842722
176.795120576065,26.2207676973986
176.923074105638,-15.706221076146
176.945924942946,24.228067504368
177.054689823518,-13.7121824812791
177.082027684971,22.2342888947329
177.173192012482,-11.7173217621072
177.203423756155,20.2395920980708
177.278578763056,-9.7217086450196
177.310113027551,18.2440794919985
177.370845598752,-7.72545459220836
177.402096103569,16.2478435488349
177.449989522262,-5.72863922481797
177.479375741782,14.2509155622414
177.516007019672,-3.73134213019749
177.541948176657,12.253497644771
177.568893897043,-1.7336499181397
177.589814887744,10.2556923080691
177.608631718144,0.264330706303888
177.622977633782,8.25760211129528
177.634262797328,2.26254542918348
177.64143860203,6.25930177696583
177.645199494557,4.2609032400651
