-175.100146734292,15.2120305243931
-175.085053374632,17.2102242924862
-175.077144255372,13.2138402938609
-175.027099341073,11.2162196953979
-175.02686318447,19.2076274407235
-174.950382380944,9.21946791360878
-174.925627530326,21.2033061414226
-174.846967145958,7.2238543955304
-174.781413817381,23.1963425750096
-174.716837706252,5.22980337175708
-174.59430631536,25.185812076035
-174.559981999758,3.23769748728846
-174.376391100731,1.24789910397375
-174.364405923034,27.1707923464947
-174.166060212927,-0.739228291437638
-174.091830163122,29.1503632287997
-173.928980727715,-2.72338318753556
-173.776713022678,31.1236077224976
-173.665154842141,-4.70419096403991
-173.533165411146,15.1696461621538
-173.504811275426,17.6945574755889
-173.419204309957,33.0896149528513
-173.383591992569,12.4599406983766
-173.374595979328,-6.68123338622778
-173.20294933881,9.83434585455099
-173.072558864584,22.282242607779
-173.057316027536,-8.65414249308586
-173.019470689685,35.0474736184263
-172.902362464819,5.28183071431729
-172.877784676008,7.57666331556479
-172.830743261439,19.9497063400639
-172.750248193506,24.630239381696
-172.713331150715,-10.6225492999009
-172.645301018835,27.0235611918934
-172.577695222283,36.9962755363333
-172.522674813143,0.988222422327017
-172.467044134828,3.12591791617803
-172.425068137228,-2.80755801426751
-172.34266181816,-12.5860838197411
-172.09783759071,29.6879039406636
-172.094077151248,38.9351165217291
-171.953919205044,-14.546270519407
-171.861897613222,-6.42235084766196
-171.750282900162,-1.27514238997835
-171.568830903816,40.863099710389
-171.555805557826,-16.5045275722726
-171.483927709323,14.1410425499756
-171.448968084185,-4.37700015450968
-171.447194105062,17.1257927057424
-171.412405628641,31.9726315164687
-171.320115862516,-8.47952680078558
-171.148380429563,-18.4608300254801
-171.125666675845,11.1057487591357
-171.003114660111,42.7796362740092
-170.97973028864,36.6772146690915
-170.798248309145,-10.7717167814871
-170.731700907027,-20.4151524447333
-170.670088685483,34.1727619275949
-170.600884172938,22.2738253416233
-170.488067852771,-12.6796496861031
-170.4086903644,44.6874407185677
-170.305821480728,-22.3674688914636
-170.272831640076,27.9764821157133
-170.215997243316,5.77042421692521
-170.132883362603,8.57538444076992
-170.106408370844,25.0574004900571
-169.982635719011,-15.0518943816675
-169.876957293811,0.388758818619073
-169.870793919399,-24.3177528985806
-169.810249750755,19.6053346475096
-169.789090240177,46.5872047156152
-169.703520753243,3.12688841877982
-169.656037202568,39.0106494387491
-169.426643045265,-26.2660820583878
-169.424523865646,-17.2249018202936
-169.354358740292,-6.29808012349898
-169.144402149488,48.4785976528981
-169.111598885749,41.2265969587472
-169.10375176512,-3.17525856159383
-169.086046144375,-19.3166928389477
-168.973440864385,-28.2123115999577
-168.935962830991,-9.4336179232991
-168.904447368428,43.633137655647
-168.805813847307,30.555674381092
-168.565109138727,16.0231411152895
-168.511233667098,-30.1564000043505
-168.474704386293,50.3613253910564
-168.474361887315,12.6977165695201
-168.435126414249,-23.0746085546288
-168.422133136613,36.5177991918107
-168.281125474165,-12.9819024557106
-168.040061414634,-32.0983190910536
-167.962227133243,-21.1052496684612
-167.88144071344,45.8078190087687
-167.780112500623,52.2349993255934
-167.692881307559,-25.30690184061
-167.559960813399,-34.0380399606239
-167.252605887547,33.3185425037731
-167.164333556679,48.1425027970148
-167.143279625296,-15.88552348459
-167.105487595471,-27.2840238711068
-167.070965235078,-35.9755329639414
-167.060729354702,54.0992815726459
-167.040509781707,-29.4839148583949
-167.003182060886,26.8727151265318
-166.963419374698,-0.393567486253017
-166.937133366261,22.7580416376983
-166.809643951914,10.011461356162
-166.607165713815,-6.74755713879772
-166.57310376614,-37.9107710609739
-166.542175397017,-10.7503962384227
-166.455500892799,42.8973672046029
-166.376765855187,6.33460783185794
-166.372614810188,-31.7501340153368
-166.341561790478,-18.4307685735739
-166.316661837037,55.9538348951285
-166.199452055768,50.5906590031311
-166.124169090958,39.7353089047635
-166.062622585376,-39.8427313932624
-166.017012540721,18.8887556705229
-166.012987012277,2.89397727147093
-165.853037133112,-23.6254573394704
-165.671491161418,-33.9568326942497
-165.548020552832,57.7983234750147
-165.514008469378,-41.7641921881284
-165.25963021913,-36.2158506591702
-165.201490383519,52.7902593143696
-165.198342842117,-3.52479366731093
-164.951254343929,36.6086126053997
-164.922706939368,-43.6729485787855
-164.841642949401,45.5593423911712
-164.80192740686,-29.4370159667905
-164.754890905812,59.6324784949406
-164.751675183569,-13.9996247518548
-164.585255373907,-20.9499126023233
-164.515968681375,55.142702704962
-164.507080607901,-26.5110509089324
-164.454549985375,29.8242215782548
-164.349586716419,48.379549294201
-164.288996477898,-45.5680467946294
-164.283080447141,14.590198706088
-164.275010269665,-40.0710816583745
-163.937418239017,61.4558999855393
-163.895601339811,-37.9073256727401
-163.874398918324,57.4319416042577
-163.613173624466,-47.4485376321497
-163.602393502666,-32.1232426064253
-163.311817404869,-9.46371070187891
-163.133605245631,-43.9179915027172
-163.095725495142,63.2682534328996
-162.92501119962,-34.9679435951901
-162.895552988198,-49.3134766507379
-162.889366513151,-41.8992519332373
-162.768709343406,24.7845808382023
-162.747046010349,50.7227769480089
-162.700150601644,-17.266434644955
-162.665227309532,42.3228378754072
-162.385265616549,59.5058831515967
-162.353891419512,-46.323663106931
-162.263489563935,9.86301062700653
-162.229939679431,65.0692051145386
-162.228374677873,-24.1049049555783
-162.136467267981,-51.1619243751832
-162.098608250667,33.2294774778282
-161.989035102855,53.7421168162056
-161.852493137187,0.0832938688857994
-161.690725425848,-29.016884669231
-161.6882807046,61.6527889214949
-161.646238557025,20.2365866970048
-161.549872290504,56.7094154276354
-161.547783662381,-5.85266442516216
-161.381810954924,-39.4801716201977
-161.340191928648,66.8584220067379
-161.336263811395,-52.992954205961
-160.872411223459,-44.45735481334
-160.865045683056,4.83142935742642
-160.741779342081,64.2710766350025
-160.737597216727,-47.6262290129819
-160.720176927705,46.726515749709
-160.592121429456,-13.040317693251
-160.495313828506,-54.805631224135
-160.4821548195,-49.7322698473607
-160.42160642486,68.6329584598823
-160.402605575094,-36.4894261333582
-160.361147310381,38.0477021783808
-160.175029867445,-20.580952024006
-160.008785067251,-51.9580734682039
-159.996424567164,-32.4077180734641
-159.614004629154,-56.5990315359071
-159.460732270333,66.4487129455432
-159.44689709871,70.3772557527237
-159.412641430939,-26.457865725792
-159.38759200307,-42.0307165581559
-159.372316286779,62.0799418264907
-159.138186967973,58.9439271380409
-158.848299694658,-53.9798900943563
-158.79873925926,50.9896430372125
-158.769926607292,15.1774619652063
-158.739756447557,27.4529851570234
-158.692741605078,-58.372237508667
-158.412991763794,72.0871487408757
-158.384724974289,68.5598388921206
-158.24652895002,55.1830341172554
-158.039789192681,-45.4992050861803
-157.902236052806,-56.0385242098324
-157.761864649115,-51.2369675765411
-157.740110374918,64.6020575142891
-157.731948459378,-60.1243376022831
-157.481904150497,42.6020544628278
-157.444725726152,-48.4622485415009
-157.321227272115,73.7607336183059
-157.278655878544,70.5934700463438
-157.240197729683,-2.91300325086366
-157.198872395883,-39.0685685811124
-156.89778046902,-9.49353841628494
-156.747070663084,-16.5615777342245
-156.732067263297,-61.8544266296543
-156.717765796616,-58.1742320861463
-156.3534942065,67.3728648737852
-156.235413118746,-23.3094237915779
-156.177045464942,32.5230731155804
-156.173020081525,75.3961792759763
-156.16807372381,-34.855774508228
-156.140805937198,-29.6953304346484
-156.120838262223,61.2428820792565
-155.99644243684,-53.6596130794761
-155.885370713398,72.8472105717976
-155.693562475593,-63.5616172061708
-155.684135968915,9.39872710853369
-155.377848072722,-59.9621606220935
-155.124071379712,47.5610964693156
-155.110849471099,-56.1714285109221
-155.110430837389,21.077932099868
-155.101173432942,70.2457595299731
-154.969945739008,76.9916229408873
-154.885963126987,-42.9489275891007
-154.622605085524,-62.0115902926452
-154.620938110228,-65.2476072690426
-154.375071060523,57.5959517572442
-154.227930493863,74.7405703792723
-154.180447414851,2.41031211449572
-154.139806890082,-50.889497009942
-154.13173195864,64.5260047810575
-153.713617486811,78.5453485568979
-153.603912340551,52.9917706483716
-153.528973414978,-46.751090026548
-153.517910587347,-66.91387738337
-153.308538525557,-58.2138847623178
-153.282516473921,37.5153179818091
-153.042206415548,-63.7370094684451
-153.035814752799,72.2447731608767
-152.91116543579,68.2301004822351
-152.694602014083,76.5772250103527
-152.405588185406,80.0558749549608
-152.384782982029,-68.5598150207476
-152.239243594251,-61.106379493281
-151.874108224302,-39.113082358467
-151.849310352129,-54.428714452828
-151.687172840753,-65.2260116144795
-151.335046423577,78.382055192322
-151.22185846225,-70.184824623628
-151.054979075155,61.1038440857632
-151.05259992143,-20.1639132930767
-151.047542471152,81.5217046450317
-150.983041735672,74.4500651903769
-150.897892755357,-67.363814508372
-150.774332737556,-12.4600649335503
-150.721449740105,-33.4417206415768
-150.713716287179,-27.1181040339558
-150.534480538386,26.1203078643708
-150.482725358054,14.4703667309391
-150.257386216445,-5.13407897536591
-150.029450293512,-71.7883118362263
-149.988011207526,43.2030980716842
-149.890483613884,-69.2831261009045
-149.887968555339,70.5176478704676
-149.855651881721,80.1543637340382
-149.813769116045,-58.3078987379192
-149.641214786198,82.9414299916048
-149.637102079405,-49.8834278886495
-149.537617174647,65.7953128460954
-149.443191524984,-62.4342692414818
-149.229663355783,76.8558104619837
-148.807881974407,-73.369683575624
-148.597030292626,-65.6425137147254
-148.446193720371,-44.0726853863201
-148.188651015607,84.3134899935
-148.181012502754,-71.1109856119013
-148.164963403602,50.0213075572219
-148.10891445858,81.9666151120269
-148.001750757972,6.92328006508594
-147.755224786109,-68.5120346165482
-147.638261869327,56.6706833660315
-147.557487377225,-74.9283481081687
-147.455104715048,79.2530119392783
-147.329316160889,31.7278040940253
-147.238363844897,73.1873445948501
-146.880048280113,-54.2105624009106
-146.691579443212,85.6367824780993
-146.560936020316,-72.7267909090583
-146.30327013996,19.5227019094842
-146.278973668504,0.0648621623085425
-146.27860731709,-76.4637193457249
-146.22091580852,83.8870400514813
-145.57988882371,-74.4796445932663
-145.549469720748,-59.0401634574395
-145.511828246854,81.8345450334048
-145.371406103742,76.1481229338474
-145.320181111702,-63.2922883438734
-145.151763048079,86.910270512706
-145.131644491562,-70.634547771209
-145.033584697088,68.5060235758724
-144.971549654625,-77.9752616172677
-144.951765447343,-67.1968735489708
-144.756170549962,62.6783640512567
-144.663657754288,-38.2336824438332
-144.592127242511,-16.6459716075371
-144.49472153286,37.641271667906
-144.305034114248,85.3300116443389
-143.971013770595,79.4837577049781
-143.877665513444,-76.0316484102856
-143.695664965151,-8.55879647043499
-143.636727182726,-79.4623301486967
-143.608015828784,-23.9815147959651
-143.571075669895,88.132925707407
-143.457252391838,-48.449199901651
-143.259871286392,-30.888987763543
-143.123069409116,-73.456856764467
-143.088280284247,83.4343423479162
-142.859023890672,11.3820610472453
-142.785763522936,-77.9657888216776
-142.605372757607,86.8282381816511
-142.274516910374,-80.9243391294147
-142.182141897263,44.8246639392763
-142.084455348588,25.1480054078634
-141.954589740975,89.3080610803552
-141.756860287862,-70.2683379142985
-141.718335292309,72.1750872927696
-141.036081288725,-65.9139548091531
-140.983776783246,-79.3891577291998
-140.981052798532,81.2256432767169
-140.902421755586,-76.4302716314193
-140.893962776511,85.2861122166956
-140.885307022249,-82.3607045788777
-140.729430408482,52.2493662201362
-140.709734741015,76.6373868225003
-140.450669836776,-54.4231224270115
-140.34559978665,87.9556412885426
-140.318522382741,90.4555745108885
-140.16201293369,-60.4888299729545
-139.677331178491,4.01707340883317
-139.5916563634,-73.895698132345
-139.469495826831,-83.7708456593957
-139.430200121086,-3.10441800667003
-139.385097335086,-80.9665335866478
-139.115786429699,-42.9189622349365
-138.959490246008,16.6170396375273
-138.932021217987,58.992803954847
-138.777074993941,31.392959781509
-138.66512816575,91.5777861970131
-138.589817630869,89.429953028608
-138.361663627654,83.5306649810922
-138.250490177184,-13.4010757761626
-138.170867814397,-78.0905517918212
-138.037621814255,-82.9381657739162
-138.031138967639,-85.1582105402243
-137.947031330599,66.6882286469159
-137.615777160092,86.5891093064202
-137.480655382835,-69.9751475834425
-137.143908583055,-20.7652205451446
-136.99470700527,92.6743047662607
-136.994241886924,39.0130892035125
-136.974623469055,-35.2300034200348
-136.915045570878,79.1726754749803
-136.580676204529,-86.5326214676241
-136.516117741327,91.0085225121294
-136.497149126519,-81.1928111164607
-136.041387309538,-84.2637004178613
-135.99362487629,88.8795798427674
-135.874282866835,-74.9313157662064
-135.782680124552,-28.1399871991062
-135.592297116588,-64.4415431495913
-135.307451142909,93.7448107747573
-135.283682256626,73.5714080558009
-135.11861960872,-87.8946727332898
-135.11693938767,22.1746005541108
-134.927396863432,8.65018500954234
-134.86023527695,46.9178500263609
-134.59796754481,-48.899932839275
-134.541238079782,83.325132529651
-134.526434868422,92.1178603799853
-134.392050574657,-79.0248467115731
-134.267794451323,-7.74597301524178
-134.153307031508,-85.835472973038
-133.645080525349,-89.2442808904195
-133.629339483439,86.7964433138707
-133.603551080844,94.7889806341176
-133.56883361315,-82.8721223275214
-133.320975024745,90.12679826406
-132.890549200331,54.3291852913431
-132.875488359563,-56.9591673168473
-132.703448543383,93.4469444546801
-132.51553697009,-87.4797121923898
-132.47272585862,-70.6045214583286
-132.160082260995,-90.5814437808773
-131.949031412953,-0.302026303586912
-131.883573187688,95.8062666979382
-131.849783651506,-39.9627539553815
-131.738139531492,27.5503989066166
-131.682069742639,61.7080868392343
-131.634847243067,78.9334438086895
-131.227039871534,14.7907030175109
-131.130250576411,91.7916051016794
-131.117683712772,-76.0906492023735
-131.028037160258,-15.642988106919
-130.916925446461,34.3424720509132
-130.873147856845,-88.9559630513419
-130.869246728725,-85.0546658228173
-130.663810444056,-91.9060140354747
-130.457288752223,-80.8390687694302
-130.35193451564,94.4467575959366
-130.147852612971,96.7962761600884
-130.039612452784,88.4858449101617
-129.866338538854,68.9363498257716
-129.798546519362,-23.493384971514
-129.769121077528,84.164996427708
-129.547323743452,41.6413019780101
-129.156413128227,-93.2178837107398
-129.030127877683,-90.4657074546713
-128.973013925417,-64.4622543138271
-128.770824568849,-32.3365754667104
-128.39673364426,97.7586161465359
-128.344331278447,-87.2990980736083
-128.244131311865,91.9212990435229
-128.209191743804,5.87136927657363
-128.159130021412,95.1155416905629
-127.797884009201,-45.0035061372195
-127.638007355173,-94.5169756954469
-127.388173967206,-92.0897487423742
-127.295318965695,-8.9110361579668
-127.238421811218,49.3603252395705
-127.016328527945,-83.159374588367
-126.97850722055,75.786411330392
-126.792270142232,-52.0153360325195
-126.726535676128,21.0351902003241
-126.630324567696,98.69302109827
-126.476421734587,96.4219296453067
-126.253734248258,-71.9756102133148
-126.108711492445,-95.803214329245
-126.024958829239,88.1142531556945
-125.880959121757,-89.7314477490743
-125.789989099297,-93.5590942510841
-125.734089285974,-77.8198730930051
-125.418246752263,92.7819877547651
-125.213623150617,56.3372060853981
-125.206598671296,82.2584086889396
-124.849142572689,99.5990066404714
-124.702123645361,-58.8736489142087
-124.568645171864,-97.0765254380749
-124.426388070379,12.2276455684841
-124.345624178242,63.8101346087825
-124.343239057538,97.8429614598624
-124.284602235792,-86.0204273456276
-124.197009712202,28.862442238038
-124.067155016278,95.3281722835574
-124.010368235306,-17.4867476997022
-123.891689458765,-1.96147579753336
-123.735722672386,-95.0435339374728
-123.692467721028,-26.6216944345341
-123.668653681152,-92.2557147957858
-123.505622181654,-38.109332621402
-123.366565723868,36.0672849132246
-123.053653826499,100.476130385025
-123.01792922471,-98.3368363658775
-122.384317907577,43.9148648915619
-122.348726484887,99.1532693520558
-122.093533295859,90.3772003063615
-121.962095083217,-96.3902029085398
-121.876873443913,-89.491843649234
-121.810729214515,71.133398417562
-121.466480865972,-80.5938023126464
-121.456685613924,-99.5840760023514
-121.381199828731,97.123058410242
-121.289786699322,-66.2675303037675
-121.244242107138,101.324000182218
-121.162909234629,93.9384732113135
-120.79021728955,85.8428532682352
-120.704569772742,4.48347210206429
-120.573461549689,-93.4696148014411
-120.566208855253,-46.1928014371939
-120.452543973074,-98.3360425096182
-120.053627025753,-9.18775864527184
-119.885040139241,-100.818172645698
-119.87723239974,99.4232059587928
-119.763196769235,18.1329673441254
-119.42129877464,102.142225593312
-119.268327642722,-85.2227503869939
-119.028498805041,50.2997894484898
-119.028320202053,78.4225946028598
-118.972780438037,-96.4121913924829
-118.611745660395,-53.5663633813849
-118.535535567957,24.6893460226178
-118.492365593808,-32.2490228316103
-118.372720717526,-73.2836153868031
-118.301661843376,-99.4994951101581
-118.298364311137,-102.032624684869
-118.237970576559,96.0269437134899
-118.178427428422,58.1524298732634
-118.115487845015,100.903433198215
-117.603027801996,-90.1090585165987
-117.586764089039,102.934786378849
-117.528139237549,-23.403311839603
-117.406267717679,91.4712350471722
-117.080125085367,-15.8482657826153
-117.026492093771,98.7033910598648
-117.002454174224,65.0205334708762
-116.82563637712,-60.1859640305009
-116.696558611769,40.2064457877378
-116.688067848706,-103.215822914967
-116.523038412898,11.6561846491746
-116.509777220286,-94.0692196947886
-116.223232175381,-100.867766698159
-116.006710474203,32.3927991854225
-115.997719570347,-97.7444993809168
-115.897783749107,101.566938582683
-115.750734683914,-40.7915214251367
-115.749366606887,103.721098209307
-115.318057873735,85.6237382442565
-115.054649646328,-104.36689041439
-115.050208769525,-2.99656751016618
-114.538191432741,-102.573549918105
-114.398612220372,95.6190731752384
-114.257728704418,71.3870523134913
-114.228098726514,99.2355601504375
-114.20710349125,-79.2699275446774
-113.910636028759,104.503861905
-113.730517450684,102.231227290018
-113.721602881901,4.4638571067367
-113.562005178565,-85.5288628249697
-113.398682954789,-105.48527517807
-113.383771525262,-99.4605458900037
-113.202943688614,-66.3133310293502
-112.865699927279,-49.39272773364
-112.573183381603,45.8913929716121
-112.448072505305,-95.5993679394851
-112.405061677587,-91.1439401737642
-112.36153575109,90.9186678387282
-112.358376501141,54.5075599096167
-112.229589083563,-101.828618356679
-112.19554597061,-104.194378230041
-112.070721213691,105.283547437629
-111.826657905434,103.048077751724
-111.79080865233,78.2754078195268
-111.720753689583,-106.570430632702
-111.69902286494,-10.4021273383893
-111.685940859042,18.5064950055361
-111.516407658361,99.5753408349964
-111.507609028492,26.0140179091265
-111.335430961818,-27.2740640795279
-111.058913089453,-35.107608682026
-110.532555843256,62.7588936246411
-110.330531936767,-18.8006683641969
-110.229784349088,106.060638996515
-110.095681023646,95.5458619675695
-110.021460610034,-107.621815842942
-109.956009419439,-57.5716434664343
-109.92529300911,-105.031493451709
-109.900174503973,104.47760368836
-109.763111170725,37.6364469194651
-109.693472443636,-72.7236604911953
-109.610532872546,-101.853672086172
-109.586988349035,-98.1799777847704
-109.363757071741,101.915905034066
-108.974615746997,10.5032415741611
-108.388000880617,106.835634745942
-108.301415501423,-108.638895730838
-108.160164982288,-43.621979491217
-108.159556699248,84.976015662785
-107.901096084073,-106.323534403542
-107.755320234514,104.571652270362
-107.664566171198,98.6261179922513
-107.582967809298,70.6126007471502
-107.531504080808,1.38156795157804
-107.262135206218,-86.7659022379598
-107.040342735576,-93.2960190784358
-107.012785973292,-103.196565676818
-106.722163607757,30.9689166628718
-106.561243359749,-109.621141309108
-106.545559284994,107.609046400094
-106.50726673327,91.1948604848413
-106.483194524715,49.7546964364513
-106.203676303874,-79.6348527307897
-106.173777022893,101.696851428275
-106.061698254633,106.18132131421
-105.894099735975,-107.666745892411
-105.883582934678,-5.93959304047474
-105.74391058768,-99.0965855805431
-105.722160618597,-65.1448061758896
-105.159117110292,56.7951635840106
-105.010808305746,-50.9020706916151
-104.839197314122,104.066009909147
-104.801582578732,-110.568029928885
-104.740623075564,-105.093319860239
-104.702660670975,108.38139859192
-104.595552495156,77.9398845165916
-104.432068659728,42.7420706054079
-104.298031856614,96.0404845367024
-104.238594248826,-22.7658049874366
-104.120482402313,23.103105809586
-104.024727731008,-30.5798297643314
-103.994094784729,-108.978295069892
-103.982047936695,-38.1470989564396
-103.964246015596,-13.8032577048934
-103.895993846075,16.0176833557366
-103.706273477129,106.553758082123
-103.18192581872,64.5529240641781
-103.023085138603,-111.479045542569
-102.873925096023,100.071449510036
-102.859518195429,109.153228012188
-102.704582784026,-101.74725332373
-102.488388717291,-106.765753025623
-102.403968836489,7.04128154909387
-102.248469168264,103.440825821014
-101.952065159006,107.703668497553
-101.930085443844,-95.2130361958063
-101.793858510919,-109.881980871656
-101.637974247323,-58.5804912532894
-101.627864519271,-72.2457577552194
-101.226416796191,-112.353678982445
-101.184069230604,35.8106203226314
-101.016356283476,109.925082295641
-100.708905873132,105.548740227371
-100.527202128819,84.9060611919891
-100.400292813757,-87.6179989932659
-100.136127603437,91.5890805818698
-99.9421071896053,71.8543064187287
-99.8593488016931,108.453956884608
-99.7117397636531,-0.909370026166196
-99.6856282759309,-104.536610195308
-99.5497771115422,-108.222062987988
-99.5422085897996,-111.020707290873
-99.4122572757668,-113.191428255729
-99.4049164670968,49.4391648279445
-99.1746606348775,-44.2961024219133
-99.1734096445341,110.697518632507
-98.9022830885181,-79.7587084738645
-98.7015476615618,102.009884515069
-98.692781748392,97.4595270693582
-98.6229209480949,58.060692517967
-98.6039797938403,28.2241323649501
-98.2844125977263,-99.5086092153471
-98.1999739951029,106.234945274957
-97.9934459063392,-18.6890874266995
-97.7579107843666,109.126385495172
-97.5813440615929,-113.991962767976
-97.5656039357912,12.9271481147799
-97.4331703202289,-8.78044096399382
-97.4311916387157,-52.1988152821534
-97.3933817950658,-112.344523038752
-97.3309220795449,111.471102085963
-97.296623466428,-65.2379851601081
-97.1502304416355,-35.7610777116973
-97.0977475161481,-27.1241474354552
-96.920300725943,78.875058481769
-96.8221941631344,-110.033560179145
-96.3396100259944,41.8548523210617
-96.1792951544135,-106.797970132751
-95.9064691955873,20.3470922585896
-95.7864992640495,110.123997842204
-95.7351644371276,-114.756570762606
-95.7065863396877,103.989859379442
-95.677725762564,65.5567318333678
-95.4891494296577,112.246401765002
-95.3262550553836,107.465242640881
-95.0395374974484,-112.467931961758
-95.0372034204385,-94.1277795526105
-95.0038650011796,-102.647169521793
-94.6436473227262,5.43178254249409
-93.9404155409441,92.760765203424
-93.8745421982026,-115.485326063311
-93.7776012736577,99.532946711575
-93.7527212448738,110.508475540004
-93.6463192460662,113.018774516032
-93.5139152793963,-109.434828201756
-93.3933236213687,-72.503124721733
-93.3717835219449,34.3865632789052
-93.3683425709366,53.080274656833
-93.2944043649551,-113.983940726159
-92.7572151769244,-86.8991933994527
-92.6887868498724,-58.1153379697425
-92.6134834545396,107.886045124678
-92.6068649211876,85.9892480869858
-92.2709900063111,-14.8039268167885
-92.1484158109709,72.5047394530157
-92.1040999832063,104.214956726935
-92.0998073548342,-80.4437307988729
-92.0469994165876,111.561786562967
-92.000113247797,-116.177791897077
-91.9364851837465,-111.865662033882
-91.8658378236233,-2.02698087207832
-91.7964038995203,113.774400311651
-91.5496518105662,-47.8534277920335
-91.5101371514111,-105.701333831029
-90.969717580881,59.9086845934125
-90.959942374373,-40.6412382852292
-90.9536381266581,46.3953853243935
-90.9300367348134,-114.577430741552
-90.7729030456176,26.7653943364822
-90.6708915598944,-31.9135722600873
-90.5387028150416,-22.9013346386833
-90.5105169842887,-99.4325214737663
-90.487464305199,12.7774855311944
-90.3099504981415,109.522078873398
-90.1125269258346,-116.833537610673
-90.0359881467105,112.51270261614
-89.9393798763203,114.512348892387
-89.628910433853,79.2062180194738
-89.2467050391541,-109.147856223226
-89.1927566162263,-65.3023393025882
-89.0105908153716,-112.48168401989
-88.6705795170312,106.369392608055
-88.6291112734507,-115.251194475619
-88.6029964779274,96.1216812901279
-88.2996842567067,-8.87511013222638
-88.2124462215799,-117.452138978541
-88.0754260150567,115.232563763431
-88.02839820877,101.759348532079
-87.8620399927222,113.36056540512
-87.8390729243553,110.783735604809
-87.680655839376,66.9508093126654
-87.6292235743022,39.693875621827
-87.459606655546,19.3804004090025
-87.1425344346784,-92.0977921585324
-86.974059753497,5.38528796441594
-86.6706916028266,-104.300454623585
-86.5424243200616,-52.5924109884146
-86.4637080286783,-115.68654299281
-86.4389331505338,-77.6431931436684
-86.3258243408268,-112.70851817288
-86.3005479865922,-118.033178527574
-86.2047224791471,115.934991903722
-86.0361771319543,108.206297286745
-85.9980103287709,52.6409955349879
-85.8175617311006,114.210287030206
-85.6493112412914,89.6592614916618
-85.3082762338699,32.8993556814155
-85.2459940129741,-109.077958507565
-85.0551679305682,111.943708903033
-84.7388240501457,-17.18671085271
-84.6126391196027,-27.559822388317
-84.50719383179,-71.3401376963159
-84.4827511824563,-116.420405034142
-84.3775231476528,-118.576245879515
-84.3274506128278,116.619583832332
-84.1971703277125,-85.0833019854651
-84.1838989986558,82.6378648210467
-84.1698826867394,-36.6665910131444
-84.045723214608,59.7296998993994
-83.938032602591,-59.1595920375066
-83.8489514734679,73.9441022801126
-83.8182245328433,114.96901265306
-83.7356974918747,-1.76074225108152
-83.6144921339937,-113.548105801983
-83.5081960062252,104.261707927561
-83.1331719218494,-45.0818501859485
-82.9253278182629,-98.5217131974227
-82.8654845810742,45.4323775414457
-82.7865688248215,109.226940560684
-82.7166853544075,25.2976798471115
-82.5260977443725,12.4222480536252
-82.4440769190251,-119.080938111701
-82.4437927910329,117.286293666772
-82.3796543811339,-116.773587762504
-82.3551293639647,97.9566767754961
-82.2879285898547,112.937427329972
-81.6308012825804,115.593585815602
-81.4720102461458,-109.94851266617
-80.856325613892,-104.766946358441
-80.6356668147589,-114.071831434007
-80.5538056923997,117.935121954289
-80.5009290133403,-119.546860136912
-80.4987598517364,-8.9728305141623
-80.3811053127642,66.8331110340037
-80.2684159695694,-117.447085837219
-80.2342443909294,-65.4271012042068
-79.5643476807273,116.516684685684
-79.5060054489573,111.262934794538
-79.1629477181522,-78.5753984144266
-79.1417953796713,-91.5318178334756
-79.1347817929979,114.250730716408
-79.0933687606017,107.215593146459
-78.8940619719927,4.89848873235527
-78.79346812831,38.5319606551855
-78.6820536997465,52.6587405959929
-78.65763452464,118.566038844086
-78.6459437945197,19.2337079172446
-78.5531739554231,-23.2588680060205
-78.5488138503369,-119.973625103058
-78.4909167607702,-52.1601547147433
-78.2221290058433,92.5191409376661
-78.0677647007948,-31.7675290883228
-78.0609217963944,-118.132260842922
-78.0402244985686,-115.12740350582
-77.9824293504192,30.612759448973
-77.9272302218556,78.2045009452629
-77.8974439349581,86.2418300906617
-77.6569217928973,102.090085774835
-77.6396478790569,-110.629529594886
-77.4810177060216,116.969306889973
-77.3940300211818,-15.4707941021196
-77.249183678552,59.7545319208978
-76.7556166374768,119.178955903212
-76.6742498257945,-40.1986047887772
-76.5884218440029,-120.360865832284
-76.124927856799,114.78480949744
-76.1080512841162,111.631465152535
-75.9167087235507,-71.9249319922757
-75.7926047239937,-118.863967292882
-75.7074170176853,-105.381809282515
-75.4560562317125,46.3433551807422
-75.4503217932182,-58.8921703127079
-75.4325211437191,-2.37946287143651
-75.4281211268099,-116.656473369261
-75.3603059565976,71.2312113710772
-75.3355512414445,117.563129726905
-75.3244093248041,-84.9391672368038
-74.8629125444869,-98.2316650211852
-74.8479381030493,119.773841360149
-74.7405253503536,-113.449574244111
-74.6205030435741,-120.708355054108
-74.4794160999741,11.5152232195254
-74.3409848993884,107.518088382005
-73.4180418516628,-118.981202581788
-73.3069888539467,117.879627772538
-73.1672706277223,115.053530443043
-73.1153615995525,96.6298824171647
-73.0932707454696,-47.126523331621
-72.9347958978185,120.350664073243
-72.647489763276,-121.025445940076
-72.6453556230654,25.0788610759463
-72.4575505695751,-109.462034763708
-72.4109608945546,-116.508763502479
-72.1825699036779,111.605505517552
-72.1780246669179,63.9046465348728
-71.9358455304341,83.1536549325236
-71.9261228776745,-65.0448301142827
-71.7595525505806,-9.94255492154793
-71.6238160520472,118.987965921934
-71.4847439192244,33.4596546222663
-71.2081858562966,55.2687309364624
-71.1824944987653,-27.2231390196327
-71.1607136744862,-19.1626678111706
-71.0562909094063,-119.246682357459
-71.0140576192147,120.901280165996
-70.940460623422,17.5313578900543
-70.869737033981,-78.0173949409408
-70.8517849912325,-91.3578313391407
-70.8301366244317,103.432343527023
-70.8128373326231,-34.5698673822646
-70.6706842562884,-121.317896224651
-70.6025800131361,-113.402920175148
-70.580584586368,40.6757258891039
-70.5266208900495,4.95220498999044
-70.3203674997079,116.72616873014
-70.0000219409711,76.0115370745097
-69.8384974340746,89.8290168695618
-69.4271116984862,119.229336573982
-69.285444397144,-54.6396447229131
-69.2574626189514,-116.912723225425
-69.1913340167891,113.868585207168
-69.1281274806298,-103.755072620321
-69.0831451085247,121.415649444295
-68.7237818718022,48.5919362237713
-68.6903887617675,-121.585561646473
-68.6897158233696,-119.675490764989
-68.3731748917647,108.805913566405
-67.7380258142982,-40.8386229885538
-67.5411977249032,119.385305658448
-67.5311142300571,-2.27924230877041
-67.4024915638084,-70.787338932066
-67.3391208472855,68.7961478352949
-67.1427774712323,121.893376314404
-67.1419072143427,-109.057737084754
-66.8428973941185,116.780151324022
-66.8107980903289,-84.3436138740209
-66.7908893749129,-113.695927371023
-66.7069107392908,-121.828301342089
-66.3872792113552,-120.043017634591
-66.3324672386252,-117.491226044885
-65.9960126280172,-97.2507653230848
-65.8706299584959,120.243087064863
-65.8351873710084,96.5190877934181
-65.5040897811732,112.789687156582
-65.3125724361773,11.7062895071954
-65.2562516209235,60.6238797606871
-65.1937101062696,122.334097381354
-65.1789418327139,28.6404684078504
-65.0901337975384,81.9700901651355
-65.0172718177143,-15.4538940056145
-64.9443357306207,-62.1084819280111
-64.8064671755954,20.8030723134342
-64.720562856359,-122.045978028932
-64.5102673846814,-47.8645944467433
-64.4263067291377,-24.2245020165249
-64.1906103363057,103.914497951965
-64.158814888997,-120.354407680805
-64.1005158126772,118.312451445421
-63.8550746090096,36.2927833164151
-63.735054397059,120.927559112663
-63.6360101680011,-8.70329703567533
-63.4638023243265,-118.103907668007
-63.4113487408789,-114.784588222453
-63.2453706334502,-32.592927136254
-63.2366179119861,122.737482117146
-63.1181400689537,53.3816367086777
-63.0763722615873,44.3862946120017
-62.9328298697158,115.296176031668
-62.7316629691392,-122.238458191284
-62.5894320797554,-77.0679549086293
-62.479076892094,74.3551774114933
-62.4624109952559,88.2726856992743
-62.4213441187951,-90.5498985506418
-62.3954576721999,-109.983900319233
-62.2947647562132,109.453536700911
-62.2559487377833,4.00689107026825
-61.7602654474854,120.514936299844
-61.6177534002018,-120.288729980605
-61.505195902827,-104.087509978026
-61.2721880605917,123.103207546317
-60.7746524052175,-54.9819837129051
-60.7405340961572,-122.405612269044
-60.5628161399943,117.880110651524
-60.3955173515829,-117.43127579541
-60.2039348827531,66.3205967001464
-59.9371681806939,121.421226109048
-59.9319046477937,-69.1830044600397
-59.8338469343667,-40.3713474332347
-59.5561615681486,-113.595455296382
-59.3963295947131,113.404236967831
-59.3056038437688,94.1344867249636
-59.3009858684801,123.430979550564
-59.3009615406413,-120.558047946538
-58.7472951933478,-122.547328376536
-58.738342121139,-3.27387741088383
-58.6696216281264,-18.8043182664928
-58.5656782676751,16.5811924270434
-58.4462629041314,-83.4477671781562
-58.0833962514531,119.576479247107
-58.0503010451304,25.1063255914756
-58.019794457512,80.969010566772
-57.9672873326845,100.697052164883
-57.664983000206,-118.420895477757
-57.6039335887734,-97.0697638363089
-57.5382423224732,121.871358266903
-57.3237562281453,123.720478736898
-57.2441707482833,58.3691421133254
-57.1940964227044,49.4184349026029
-57.042469002967,40.3049390755959
-57.0306927653291,32.0574457476448
-56.9484472996469,107.625289942588
-56.9146989104152,-26.6504179914858
-56.8192964804024,116.628873506026
-56.7522695782105,-122.663477863398
-56.688729282464,-120.857582229731
-56.5888307439312,9.33923607898955
-56.5763497620751,-61.9561918264326
-56.5247753204848,-109.355889831972
-56.4942332755077,-115.212236073633
-56.236286439908,-47.7715518761828
-55.9933112030764,-11.6186398988421
-55.4588063108989,73.6265916548056
-55.4509112923573,122.115167731695
-55.3413139726368,123.971390159496
-54.9214340689567,119.712164183325
-54.7559889415634,-122.753928163003
-54.6507278883774,-33.9710963114115
-54.5823853916929,-118.28599431436
-54.5240400249633,112.778347989573
-54.4546199190726,-75.9196237820464
-54.4465761669261,-90.1687056908752
-54.4269514349727,87.5397817768408
-54.3100828194625,-120.931685470834
-53.6009333265872,-103.489393454472
-53.468172409806,2.2664711355431
-53.3543971316516,124.183423547114
-53.2505835962969,66.3300062387971
-53.2497395776248,122.356035258357
-53.2103231796156,-113.692638529884
-52.7587970792393,-122.818566412075
-52.7260564753065,116.978723671013
-52.3168728159433,-54.7691146858961
-52.1855345147508,21.7466341597304
-52.0139803827208,94.1919185743226
-51.9809053063688,-120.463509796484
-51.9228040653561,-69.0320577712562
-51.792039947386,-117.329614254606
-51.6893610712886,120.239639590031
-51.5137895170122,-19.6127650281764
-51.3636854184114,124.356303344316
-51.2838351978035,-41.2293694711518
-51.1872706019974,44.6925847093612
-50.9764000432693,101.343694716558
-50.8804776511691,122.735452490597
-50.7610826823626,-122.855864691635
-50.7198978886037,-5.44255485171777
-50.6941359927244,81.0339085902258
-50.602420645793,108.508175727966
-50.5013553359892,-82.3246962972619
-50.4817490168402,36.072613645757
-50.4456417654474,52.6282968832391
-50.3442970936922,14.5671837007645
-50.3081699736639,-109.732715986394
-49.9510620147681,59.7066842134143
-49.825081133314,-121.032865386402
-49.551851322387,114.085596797649
-49.3701098885591,124.497846974609
-49.0087885822609,-118.486021255673
-48.9893861382723,118.553391567115
-48.9505270665186,-27.2287042576464
-48.9275469368359,28.6959314520287
-48.9250168908922,-96.9015333300891
-48.8487122578113,121.853819110347
-48.7628616788872,-122.855970549467
-48.6710734110544,-114.589662649758
-48.4353340151156,73.784407923356
-48.3729687303886,-61.4945457381409
-47.7099283993976,7.6725339452949
-47.5121925776881,-12.9310649115266
-47.5053152334827,-48.3810561502399
-47.3764397471189,124.633850916667
-47.3615648666091,-120.647381762431
-47.3432874774851,-89.3783285513064
-46.8764975585892,122.834530329853
-46.7649013303224,-122.816802496361
-46.3870651164453,-105.130331942576
-46.3353610469147,88.207543924008
-46.2094926995111,-34.5503347787504
-46.0443822117558,120.056412289844
-45.8642922235467,-117.224453976508
-45.8068939306938,67.0982895576489
-45.6968889498849,116.039033932608
-45.4214441876571,-75.6949715828239
-45.3828070725628,124.766744128901
-45.2043784489916,-120.538913183039
-45.0612662830102,0.483355080515323
-44.9705046684803,110.623628114254
-44.9022764213097,95.8471536339463
-44.8920861907856,-112.038513469926
-44.8366191936302,21.1525536247524
-44.7681795990118,-122.738122947462
-44.6511617919363,40.6135799853203
-44.6419932907275,-68.2671383710849
-44.5860020836862,122.935179228782
-44.2327238458733,103.854250453916
-43.6353039137476,80.4106837525465
-43.5574294625442,47.408834441238
-43.5222617243437,-20.4060796952399
-43.3933686682405,-55.3616769250565
-43.3887444781069,124.897079229483
-43.1366698277312,120.895156329979
-42.8604132476312,60.2965178822357
-42.8121383484975,-118.823752253315
-42.7735018034856,-122.619707134327
-42.7674079802974,-121.115608097352
-42.7463093581992,-41.8737322640729
-42.6577195417171,53.8897278908365
-42.4805341892162,117.959730882224
-42.4591536077414,-83.2780481826006
-42.3975100933631,-115.934019846633
-42.3126751697009,-6.78828274213286
-42.1259011660991,13.796952748519
-42.1240569945629,34.3885738142066
-41.9971195779142,123.213256376318
-41.3944615123471,125.025364539146
-41.3163821864823,-99.2696618323973
-41.0227818818444,113.759493693826
-40.8840785607849,-107.906468532504
-40.8839362724419,-91.9352768024935
-40.8030163300823,-27.6091761813701
-40.7816223192895,-122.461335846734
-40.702919935696,73.3073709268592
-40.4618348822203,27.5355022484977
-40.334349838181,-120.166070259078
-40.0801397990072,120.982968683222
-39.7249213038174,-113.347776810155
-39.6739262747119,-62.3077872202379
-39.5242633053354,123.343262894793
-39.4003846829199,125.15209381455
-39.2464790038779,6.54768153649456
-38.8720676218055,86.0011708180889
-38.8607150296173,-117.512537559827
-38.8504490601144,-14.0358504037
-38.7931456782869,-122.262778300214
-38.7715679203964,-49.2157178046304
-38.6530603894849,117.905977085932
-38.3771292037471,108.214308508916
-38.3148985660228,92.3452560991592
-38.1529873962305,99.8525131556474
-38.0153103628855,65.7608720718889
-38.0017433036804,-35.0005642755449
-37.8251286770352,-120.226261686037
-37.7232497705648,-70.4739165010458
-37.4060385905896,125.277813426102
-37.3426180314224,123.572239997922
-37.0066328657598,42.269097789976
-36.9950143818617,20.3447016217125
-36.9668730329668,121.161859259387
-36.8092105146601,-122.023864885803
-36.723271393513,-78.1478630727667
-36.6692481582915,-0.528535553338405
-36.1162525646856,113.990865034904
-35.885251117741,-110.810681418024
-35.8508059688295,-115.568461672641
-35.695116848822,-104.083863100334
-35.6709432737352,79.4524379661508
-35.6472530387403,-119.135148631455
-35.481688585478,50.152163164736
-35.4116119973853,125.40301913977
-35.2653732097943,57.7213712632657
-35.2625412493468,-86.5076872907783
-35.1100656972356,123.621712932311
-34.8306856958737,-121.744419453845
-34.8261776673089,-20.8844809572718
-34.7641186177162,118.346243452598
-34.4803778244968,34.2751327741814
-34.4525562361979,-42.6077322602193
-34.3668736650062,-56.4182537829147
-33.9883573956612,12.9186022152577
-33.9659558011265,-7.80714844473258
-33.7380320780263,-95.3232258851607
-33.7234162542218,121.509518201103
-33.4175109619764,125.52818149924
-33.2265613176529,71.7433184155992
-33.1657318060609,-119.764122854726
-32.8910524738954,-117.177098223129
-32.8582594855111,-121.424245757467
-32.8486136168571,-27.8763222036813
-32.6843127247648,123.813535391423
-32.5114008628756,27.4348506377836
-32.0670430996473,102.874138364253
-32.0129102438895,110.088619772951
-31.946260661211,-113.632035397369
-31.7392819155456,-64.0786174277516
-31.5113021607684,94.7871663646978
-31.4229898291446,125.653827782969
-31.3612102398853,115.751208763206
-31.2744187103214,-109.010805861563
-31.2062159384381,86.6814948796229
-31.1153001642134,120.011592845746
-30.8928144088354,-121.063179819586
-30.7730323990332,63.658920433206
-30.7148497506492,123.222868300906
-30.7046546749253,6.05910078483301
-30.5955210270098,-118.922920255154
-30.4055358290679,-72.4534692970404
-30.2277802144174,-50.0395145149549
-30.1642209966789,-35.6008287734801
-29.8422015222297,39.940334821392
-29.8365634483566,-14.7350284789022
-29.4972740253251,-116.063624462948
-29.4288253569419,125.780368822592
-29.399325940694,-102.629655138881
-29.3891223804893,19.7278714839901
-28.9686530617987,47.2073025111061
-28.9345235344189,-120.664094268439
-28.9022490956854,-80.8563589365962
-28.6851178962468,78.4182529552775
-28.6625031190898,124.163165053054
-28.5802301109915,-0.921968745604627
-28.2387374864006,-88.7938776260582
-28.2066685961064,121.566358425792
-28.0300333360391,-118.466696494703
-27.7781102359236,55.2044811293976
-27.6431960155604,118.157896791953
-27.4338698999481,125.894562278383
-27.3950825997232,-112.579632343542
-26.9789785411125,-120.254574628785
-26.7878362061409,113.230324998813
-26.3751315063932,123.843599686277
-26.3507867017564,-107.965764184914
-26.3031801031293,-42.6157542822092
-26.2607301004442,-115.949095961811
-26.0570758867601,70.358190603677
-25.8617595583125,-7.79069817910421
-25.6883668518529,-96.5951890297037
-25.6440121054794,13.2394071537565
-25.6185515701713,-28.6746337550114
-25.6025569483307,-21.2927893966489
-25.4981806227044,-57.7552142642044
-25.4854585923987,33.4394477508734
-25.4757310432289,-118.2567578771
-25.4375567486952,125.983316869158
-25.4262085092886,99.9756201752412
-25.3922209787279,107.502159189058
-25.30918468261,26.1863034321847
-25.0438641182359,121.064958440833
-25.0234447361168,-119.841566459942
-24.811091326756,91.8700792968818
-24.4377823114783,-66.4777594883813
-24.1958914766609,124.015171112856
-23.7916768975076,62.5431616934697
-23.7119645540904,84.0647763644623
-23.6668220742532,116.749194751051
-23.5819731751689,-114.28158998033
-23.4403589444338,126.046582185685
-23.4032779352451,-75.0778483633654
-23.2642493650616,-117.327914266533
-23.0690552015752,-119.426173735487
-22.7289055378164,-110.338782303494
-22.5151255377364,41.3502839810319
-22.4839927701224,6.90339031958647
-22.3812753774251,-49.6387786040481
-22.2860165635093,-104.074336787905
-22.1831670589954,123.572012813284
-22.1216265885184,120.542170355692
-22.0186930629425,-35.1491715532503
-21.4423817826023,126.084324881753
-21.4250275630742,49.1394659679346
-21.2395406264569,76.5043768680904
-21.1147359721786,-119.009072668269
-21.0159858968638,-90.8656691084311
-20.9927481680179,-116.636263609355
-20.9090755966107,19.9077580881163
-20.8827197284438,-14.1798119340072
-20.8799182564186,-83.6220570406965
-20.8200990369783,0.114660139527638
-20.4706132265204,112.052545619943
-20.2619617611886,-113.511623104587
-20.0988740137996,124.302726279199
-19.5620066430518,117.378211824433
-19.4442654208896,126.09650537566
-19.3455289690283,56.1407153272487
-19.2863681268711,121.639101147233
-19.1605872227496,-118.591224831111
-18.997306253678,97.459352519913
-18.6064824502691,-116.339932945383
-18.5419411866837,-109.400876755245
-18.4282454134606,-6.8291268770071
-18.3794592124923,69.178109647947
-18.3267347778931,-26.8912420426235
-18.2811177595738,-41.5670135703797
-18.2764949890619,104.846090391301
-18.2086355199156,27.8122433492145
-17.9224931278372,89.1126270764686
-17.6933512292112,123.869141711794
-17.6803196131136,-62.3746522155398
-17.6393287896252,-98.0617863130997
-17.445941028439,126.083095727398
-17.2517639256138,-113.636844996827
-17.2135581215437,35.5834550998755
-17.2066015070061,-118.173602943102
-17.0193253223488,-70.0927924777111
-16.8582450114705,13.5589914551845
-16.8321382727224,-105.01217256496
-16.8224742081159,-55.2584683303485
-16.6545498763617,-19.8786839297209
-16.572618334331,119.833099363828
-16.4525477347986,-77.9013815938167
-16.1177734175173,-116.096125037729
-15.9746588076901,62.8175213649211
-15.7069990508828,81.7388399389538
-15.6038189894385,115.291626163218
-15.4722392298918,124.465425533848
-15.4481514886383,126.0440736229
-15.2520921917194,-117.757064458912
-15.1151563923467,122.134712316326
-15.1095427893545,-111.60063066043
-15.0325247188126,43.7184304556569
-14.4178053135763,-47.8112043368173
-14.3679599066159,-33.3191332626318
-14.2952078822387,6.51925494826084
-14.0724719062172,-114.952862081267
-14.0721763006636,-89.9915701004247
-14.0433347034308,110.216136536821
-13.4508491981898,125.979412252557
-13.2973567792315,-117.342701720158
-13.2924918317798,74.4377011507565
-13.135777411118,51.3485778367708
-13.0322165723165,124.249073752059
-13.0160669876385,-108.452732542703
-12.9316464902617,21.076738693868
-12.8665330548407,94.7823435743443
-12.7840975337313,118.636571131964
-12.7263172662491,-1.39840739792241
-12.2109502562514,121.875426514618
-12.1854138126239,-10.3568254951008
-11.9908395862807,-112.529441739869
-11.9303998044158,-102.834421754909
-11.5808438244932,-115.208117636725
-11.5194528648906,-83.495433715519
-11.4547008173026,125.889107242129
-11.3418763500006,-116.931452036498
-11.2547584267141,101.772741295774
-11.0253157652214,29.7608286188296
-10.5225556715455,58.6165488332292
-10.46876667853,123.815316694988
-10.3065444439503,-39.9692007998874
-10.29686393295,87.5184873256932
-10.2516979080012,114.933848850907
-9.93179280315004,-67.0915155665402
-9.87061286046648,-75.0536751208342
-9.82240508948642,-96.251415399469
-9.81016387645778,-25.6661547772858
-9.74824421340576,-17.4721931912188
-9.51921613673773,-59.9453896162861
-9.48800514994354,67.108679890098
-9.4679314470197,120.412250971858
-9.45972753714926,125.773134794737
-9.39317111751479,37.9922820268007
-9.38475205219187,-116.526041817736
-9.29358834411384,-111.28979220664
-9.23622930460494,-114.335824554174
-8.71512758715024,-107.521513917015
-8.53361974504269,13.7716102804105
-8.30319156891549,123.401155760156
-8.28199698131776,-53.0511886429888
-8.12942619651516,108.676988037154
-7.61597450436825,80.6931514770764
-7.46547409142146,125.647212917886
-7.41852242332743,-116.173762699523
-7.17544357056427,45.9932342137193
-7.03693024239924,117.892304933903
-6.93201067364871,4.69591954528037
-6.83067890596833,-113.885238656676
-6.78086716761729,-45.867733363644
-6.47193350370103,-33.3963979072929
-6.36538848717583,-102.955297181917
-6.08322819720156,121.208207200031
-6.05320188187799,94.1012468448092
-6.03403705857059,-111.074522774779
-5.97514996899448,123.769266025028
-5.87481863491768,23.5708497756502
-5.79914032580522,73.9751955119603
-5.77079594790685,-4.12384736386205
-5.47942023775304,-89.4651483856045
-5.47011753979844,125.53791366624
-5.43898383046699,-115.899289250708
-5.02720942788645,113.599089860446
-4.86637682281418,53.7087276035122
-4.25764530349727,-107.785239597173
-4.25201372421645,-80.7173145103206
-4.1931126799383,-113.721940816745
-3.84983192165555,101.025788267447
-3.81545638274616,-11.5761926688408
-3.71900528652826,32.1794160124432
-3.71640926072923,123.6898023377
-3.4740716544105,125.446240572512
-3.45010926575411,-115.708142198263
-3.28525277176124,121.304307079743
-3.250604987053,61.9262424606848
-3.20952853794322,-72.0736758534374
-3.09118131017617,118.053970364915
-2.84019587598247,-97.8760223348177
-2.66836723972536,-19.6938546271851
-2.64812460660931,-111.243491452594
-2.56941580737281,86.5075792172865
-2.05102856472263,-64.1261553454623
-1.54127057273576,40.3885658923742
-1.52597170721295,108.009967013224
-1.4897353457082,-26.8789130904302
-1.47711576813693,125.37263595058
-1.45489286526231,-115.604227862317
-1.41709496909547,-113.805210650864
-1.37653150344517,9.88542126359443
-1.31833162603316,123.639633003473
-1.1598925616544,-56.8203080315427
-1.08466591458859,-40.7802487482891
-1.05619657525144,-104.346036972016
-0.903193059335161,69.4586284235319
-0.810277065198981,17.9752637933569
-0.396381803797882,121.169101659251
-0.285304285061004,-49.0868355926208
-0.0933060732075796,114.178872943393
0.0704867525993993,-108.696690352151
0.290054049496143,1.00645335017307
0.520320196676946,125.317435592908
0.543118220046215,-115.589809243053
0.607744029849604,-111.757393144168
0.613580298801389,78.5419919181709
0.762613959266807,48.312350872699
0.812951117323269,118.313728671572
0.963566451664366,93.9754211239582
0.987867939982608,-33.9312988999881
1.16438555476199,123.309477479032
1.39139473681124,-85.7597449135277
1.40338800792731,-113.83658322017
1.63339909667577,26.3320331388095
2.48067549495174,-93.2062856134873
2.51824298660768,125.280817800019
2.53964467858057,-115.665241005187
2.68114385422129,-6.30395432521217
2.73440018685399,56.3505228519378
2.90173442301493,-77.0602063283364
3.01131140825685,120.771266612587
3.17403582317379,-101.280622874601
3.42119167823825,123.398701046722
3.65012649373158,-111.014375748733
3.70877682404829,-106.897312719727
3.71548019104143,101.552135523434
3.79160337019483,-14.4561423719762
3.79995376355057,34.5947442626345
3.80471970933318,110.396530933141
3.84368313581798,-113.759013925956
4.06021757339706,-69.2813130787661
4.29262260278347,116.514711354971
4.42430991128705,86.2620782889309
4.51642555509161,125.26282313245
4.53090176286263,-115.828912512434
4.72921269293289,63.952405891837
5.27712978131924,-22.2422284073439
5.43754871377342,5.7178571990777
5.53985820007448,123.074348824178
5.82964806385052,120.320730977515
6.05256378366189,13.4215440814164
6.0577466972959,72.0943453609162
6.12439233858348,-60.9614599083005
6.27452401331032,-52.9240938596852
6.31409209175118,-113.46005613683
6.36032781621115,42.7733760248106
6.51374385658099,-116.077473473682
6.51462236804188,125.263344007229
6.60487376961574,-44.9879323484129
6.89926382120784,-109.909245832748
7.03587795937323,-29.5639912028664
7.34326646987678,20.9666386397022
7.4073411780971,-37.7278221756189
7.61895753077371,123.419494264115
7.83089909430491,93.8420066784325
7.85381826353791,-82.4870526591944
7.93377696988918,114.089048618588
8.04915572188432,-105.059621206371
8.42421436900489,79.6184490878477
8.48440572992173,-116.405925408542
8.49136921986671,50.6819287664864
8.500925795615,118.26774982105
8.51282871990189,125.282129783841
8.60719161033696,-98.7729264044701
8.70383728271072,-114.743401743733
8.82812026224388,121.435138868314
8.83326087693912,107.654991593134
9.18935940029261,-90.0326233134237
9.3677229418086,-112.314363732792
9.37411226887487,-1.16577876131948
9.37847055804428,28.8379888013404
10.1217851612428,-9.64215936908117
10.1793883460498,123.627240063525
10.4485748967945,-116.774331350299
10.5106772028605,125.318788868029
10.7537989943826,58.2623039810593
10.7867717760461,-67.0072463145348
10.8402103536548,-108.718556431923
11.0502117150615,-74.7106760283947
11.280932282773,100.434949856994
11.3030299308492,36.8800918489808
11.3583796424825,-114.928136488791
11.6236545489294,121.029168258792
11.6594460393986,-17.7684648611868
11.8855481822818,87.1530713513185
11.955935710534,117.618753500787
12.1474190068072,65.9522686641336
12.3698165928487,7.39183891695485
12.4124893848495,-117.144598814307
12.4831942115183,123.549567704844
12.5085745533309,125.361260318265
12.5154702754412,112.984353116738
12.5642544043429,-112.473729576943
12.8884722162328,-55.8690022029521
13.4927426724131,-25.3971394116337
13.5809336824654,-103.838200204123
13.6647800589942,73.4102938818225
13.7555570705437,15.3192716351281
13.9571838562344,-48.675146677307
14.042592012891,-115.489276965025
14.3057148956317,45.0121800028887
14.3751018434475,-33.3127927184782
14.3756702320344,-117.51576845666
14.4643810753076,-41.1276544055146
14.4920010550022,120.926155831295
14.5064815266283,125.396138502364
14.6287085187449,123.525801776421
14.6610261974107,-81.9333907857969
14.7706568661919,-109.279800558345
14.8140570578067,-96.2121129326988
15.2705189656824,23.0254672588063
15.5446764478044,107.225791186128
15.5589813045727,-113.338092760038
15.5927960953797,117.397825571394
15.6576715612813,94.0216210458343
15.709878936364,-61.5351776970764
16.1567604112862,80.9813594935905
16.3394255233748,-117.88722299179
16.4553643789284,-88.7324299175322
16.4839371731849,52.3426950232319
16.5046236816577,125.423229651919
16.6304311379096,-5.88183667682724
16.6992914125193,123.56197846865
16.9652329652375,30.8295539852865
17.0371899258435,-115.723890741015
17.3582977507873,120.999183040688
17.4128385547928,1.68448315697393
17.5891845945762,113.030665315292
17.850859397468,-13.7754846757494
17.910602380783,-69.2481426065996
18.1939686418836,-111.761354077973
18.3026782157431,-118.257902101943
18.5027241076175,125.442332015398
18.5462591187202,60.1243844050332
18.5727034973478,-107.07654006662
18.590204079274,38.7468177321634
18.9194674458058,123.57085547937
19.1608364047333,100.592822373035
19.265505856446,117.816949187799
19.3457364526166,-116.611092965847
19.6137602849447,-76.3223543948344
19.7395878339373,-101.127749626067
19.7419133268777,67.4614669144112
19.8786246962666,87.9544740943491
19.9188670528568,9.5095275046487
19.9443863957321,-21.5865320239078
20.0942584977608,-114.242638868035
20.2668474671339,-118.627230014809
20.376830084478,121.127596296461
20.5010634571164,125.453238281622
20.7982901031327,-53.8817648440486
21.0408286941988,75.0938138383448
21.1905909179436,123.61924616676
21.2275195950025,-29.3591527999716
21.2946975566978,-45.3945138425992
21.5503065162027,17.0907202050184
21.7104692647593,-37.3113234262158
21.7945413557912,-117.025319974165
22.0403609420245,-110.614167655557
22.2215591894356,113.671954861122
22.2307753133458,-118.994163635881
22.2565617963113,-92.9975342942273
22.2790043774538,107.848797027801
22.4992052445026,125.455726406327
22.591326784185,-83.9373456538571
22.752055221932,46.3618018251222
22.9149993247015,117.834158029267
22.9446808418742,-62.0363890455487
23.0248115728659,24.5020044827625
23.0438999183795,-114.867624270123
23.1993971256003,121.019802681659
23.3253194768706,123.4988816141
23.8390498935834,94.3461450901951
23.8735960249484,54.0639682416087
23.9500120940724,-105.510629705374
24.1320997889642,-3.10004730640629
24.1960133030882,-119.358188743573
24.2028950295967,82.1308126400066
24.2940603837475,31.8963164012525
24.3417181276055,-117.575999812899
24.4222621958653,-9.85827442723674
24.4976597704829,125.449567501422
25.2410066014611,-112.960698170847
25.3843247560788,-69.4675851588383
25.4292549938796,123.620185596314
25.5360213083201,3.80230218972819
25.6515277062206,39.3114489145547
25.8333216962396,121.127194031859
25.8356794797072,-17.3477561374294
26.1611759986931,-119.718270222912
26.2882671037712,117.718685159676
26.3334672395684,-116.126550880138
26.4871101777648,62.1246470923301
26.4956610182517,125.434528051413
26.7427376363956,113.408248715288
26.8147457481597,100.93476160997
26.9070267791985,69.7786655244992
26.9330561958067,-109.602226106673
27.0971599619115,-118.217069019031
27.1012718703599,-98.6518906392143
27.3326227147303,-76.5839274817607
27.6863477681342,123.396148423506
27.7261142460388,11.4687053791667
27.798819703673,-48.8368171212457
28.0836204804829,-25.5482303918021
28.1276405599175,-120.073909725707
28.2779306686137,88.3385080227871
28.4035591107671,-89.5594589277619
28.4896392868206,-56.6552499336226
28.4938957433246,125.410360716054
28.6161337896677,-114.17031431237
28.7311977753894,120.650071499983
28.7822253329401,107.884331711596
28.7973266598132,-41.0919863681935
28.8397306540036,-33.1997512549428
28.8844008537213,76.3750979009994
29.3426564762948,-117.695197146912
29.4772311788622,19.080373582541
29.7925797163457,123.706348665799
30.067242306787,-104.937182321991
30.0958676609496,-120.420376192209
30.2131851887892,117.411785545612
30.2822934654503,-82.8558269694702
30.491812414146,125.376823540243
30.6883836081468,48.6861085173366
30.7897287801542,56.0682840204968
30.8490484389973,26.497894990379
31.005443265179,121.698956789787
31.0850062707101,-63.8888735942251
31.1276392500228,-110.838034681267
31.3800067971891,-118.857613405408
31.4329104537693,-115.243401029211
31.5867664573501,-3.11702017608566
31.7669360773126,-11.4666900778815
31.7883450953071,33.8265502865605
31.8780166319492,113.256537844455
32.0306296348474,94.5989151210341
32.0659154411752,-120.753283596367
32.1035143042806,42.0420914898098
32.2601687499764,123.851334169031
32.4894982821441,125.326654046429
32.6799907202651,82.29645005419
32.834037838458,-20.0680331642386
32.8611118842936,119.938405416637
32.8693558495613,5.14335858829995
32.9971292726117,-117.223422119945
33.0298520513462,-94.10890060676
33.1279784268766,67.1996196858201
33.410113614069,-71.2857097699154
33.9211682903445,122.751047990144
34.0386176222532,-121.072466361567
34.1013565444511,-119.459613976195
34.3559136850178,101.019592471247
34.4862397235059,125.246397447303
34.6195072380296,-113.347776866526
34.7134627332492,-51.8370601053838
34.726488604761,117.130256894811
35.1358224448524,-108.026282235186
35.1949234535489,107.736316167613
35.2717457299613,13.6716537637169
35.5392604845753,74.0204255470913
35.6269631366791,-116.948644140049
35.6371751838808,-101.025347996188
35.6839390090719,60.7578227946997
35.7893544892849,123.521949619115
35.8089285491255,-44.908547539264
36.0137912191138,-121.37759720704
36.1007539142507,-78.3295500856286
36.1116718289334,120.739084665745
36.131669357918,-29.3985846204548
36.1509322715015,-37.0718972645612
36.4813272469697,125.135855309889
36.5278587075174,-119.548470932908
36.5912467565425,88.5203093195883
36.8659092044094,-86.3443508654187
36.9698433211373,-58.4075406032774
37.0324535595255,113.363507991149
37.3778002057739,21.7681103471084
37.834110867704,52.8518413684687
37.8745632378286,123.155345263441
37.9904459096301,-121.668253637403
38.2106199904616,37.0487944648698
38.2822471166131,-115.332351697396
38.421172375586,118.156501795133
38.47468211033,124.995132274761
38.5806479688809,-7.53430981094807
38.7382473624821,29.0240178097899
38.7751666932667,-111.852900724931
38.8470516756044,-118.115297028814
38.8923882962075,-15.2893307917554
38.9109146481424,-120.348875337913
39.1415535513364,-65.5627969154883
39.1419560132853,0.107001971518161
39.2773318990023,45.5957078726934
39.286288735622,121.159921397601
39.3878726551835,-23.0196398595606
39.71882033287,80.6236666954996
39.8400389083126,-93.4785242711552
39.8833048888704,8.07026400308295
39.9694526163003,-121.944310304179
40.1987760202062,94.8754244261906
40.3237635661028,123.26009878408
40.4656304070129,124.824372204613
40.5695966347094,-106.802490445303
40.6951455410984,66.9010129984998
40.9856590735411,115.279864655582
41.0022203957601,109.103892204962
41.1438206515961,-119.56442804801
41.6074248197731,-72.7242179472598
41.6580576614379,-115.998934277665
41.698597147089,101.469099230037
41.7558408019669,119.773533496654
41.9506844661261,-122.205501723616
42.2344245395043,-51.2224678211807
42.322971330802,122.482212333297
42.4537310047438,124.623713737178
42.5950286128475,16.7872283257671
42.857546639106,-42.3855860463742
42.9676160649016,-120.675385003278
43.0261165594354,73.4190039122302
43.0393352150057,59.120981305353
43.1568027122974,-100.489031540367
43.1852748339773,-112.000026385662
43.6717980160759,-80.2204208024254
43.7487610462729,86.8980279228814
43.8387649557904,-118.21567151132
43.8569428828246,-34.9788011169001
43.9340093937023,-122.451578884125
44.1437359963926,117.406426520016
44.399916344749,39.7820089443679
44.4387499700203,124.39327604047
44.4493592360847,122.765982356005
44.5300449445483,-86.9579396777271
44.5991646796875,-59.1246682206975
44.841943860183,-27.9254510602555
44.8476678963841,120.467320479051
44.9694999262914,112.740824743896
45.2622271250151,-120.712531433405
45.3362771228071,51.6607358865176
45.4528383035898,32.0588485376699
45.5931566121946,-12.1477588929102
45.72686195137,-115.346100573775
45.9027851939604,-4.42401067340911
45.9188585715594,-122.682260384431
45.9745015310648,24.1321644665673
46.2335809877398,-19.8541871201155
46.419965442205,124.133239864945
46.4825975166644,3.37737602013367
46.6451792610158,-107.130188609239
46.7000479478436,10.6786365859278
46.9054120673025,122.375056373439
46.9157725284538,-118.626693692111
46.9489686923952,106.771888195577
47.0032204546179,-66.7887772025209
47.0430951853002,93.2459719023736
47.0876170979649,-94.526352667576
47.3632051825938,117.061946637908
47.4243583299939,79.6121855715139
47.6089335495142,-121.151029312756
47.6243036930058,119.991249927693
47.7705755337967,65.4813367524352
47.9053062109741,-122.897361831518
48.3275429883899,-111.683687639852
48.3962984965679,45.397048251466
48.3971045838265,123.843740502534
48.4658858519956,-46.8552127126671
49.3027336142864,113.110066962948
49.3402186339215,99.7258803038939
49.3821220691413,-74.461536193968
49.4058859100113,-116.335238914829
49.4320702197642,122.061963870856
49.7665703303268,-119.528675264519
49.8935626987715,-123.09672084999
50.0202089716592,-121.64922622735
50.1144581146452,72.1783538832714
50.3698596624895,123.524915855887
50.4008481895372,119.852254168314
50.4853227630121,-53.9902774784882
50.5557103252743,57.8827032833561
50.5966989257714,16.7220314019631
50.8061622712864,117.009841742536
50.9975416988885,-101.670838995673
51.2662242246622,85.7281861850497
51.3314161929994,-39.9227384288658
51.489289876634,37.5650724054816
51.6004215240172,109.053056443841
51.6242788710735,-88.67372078207
51.7447547730518,-31.9901143586722
51.8847263693931,-123.268974126894
51.9566820634308,-81.7895508445011
52.0618395978657,121.536138803342
52.0705830638518,-113.538328105125
52.265149494978,-121.188136089266
52.337563588131,123.177423757063
52.3511131649587,-118.20428493145
52.4201567979751,-24.7649261310758
52.4602537681649,-8.8690063217882
52.5930490245687,-61.2154050475455
52.6707492205005,-0.28484425927021
52.87625973648,29.8989594516199
52.8917943618996,-16.2522396125646
53.3792173440466,118.797482616251
53.4625673569443,-107.849105274803
53.5962271290703,114.573976161909
53.7055697617328,51.2206050612567
53.7931753583189,8.02452110046223
53.8790079003927,-123.394745511872
54.1845881231889,92.4903316884049
54.1961602988694,23.0066916655317
54.3020654613323,122.812041853653
54.3037947852796,-121.706447498865
54.3920427088897,120.99416536087
54.4733867833371,-95.7916969605567
54.8462725347368,-68.6245156117211
55.012029822345,64.3316893659844
55.0382139121149,-119.471696945518
55.146972903427,-116.089390110168
55.1538290959657,78.5320186170677
55.1740440194167,104.90753992923
55.8297300577167,-47.6567935416836
55.8594191210927,117.603923637864
55.8756922217209,-123.473899518114
56.1252857654437,43.7488669164827
56.2429809767123,111.113232502245
56.264207199805,122.433238699489
56.4680496987828,120.19849365109
56.5824325588202,-111.956236490628
56.6489623449625,-121.949885829348
56.8841505569642,70.8913081965649
57.3597425989061,-76.1010894966355
57.3633343311255,98.1504744293836
57.7291486759208,-120.035192062852
57.748785688336,14.8941924902832
57.8736851208228,-123.506627689358
57.9524010067807,114.764557040209
58.0443666191825,-35.2368081959626
58.2205771112753,-117.159424729318
58.2236249882152,122.040936196212
58.3124842970699,-5.59897053422155
58.5275007721392,120.126324082285
58.539841767908,-55.3931324792132
58.5509246810955,-88.2809706055776
58.5809591983767,57.8114557333964
58.6443120343519,86.0718427304752
58.6509081174183,-20.8312887432876
58.7069778519556,35.9916355138856
58.9886381079837,117.718237770722
59.1645642123618,-102.700998550202
59.3286600715557,-121.769097041114
59.6743742022171,1.93563008102585
59.8719080090511,-123.493143428635
60.1455107100858,-41.8352427731486
60.1465698610639,-114.262635349282
60.1800869340048,121.635037116029
60.2981389307811,-28.0555891799861
60.3341625713449,-13.0321400236225
60.3486266827474,109.56887561095
60.3794807774384,-62.5811017577938
60.5900646455249,-108.61035146939
60.6123452997146,-82.39542184919
60.7191695552298,-119.09880501466
60.8507616948841,119.669013526173
61.0345989540325,28.7274938059663
61.0667111030862,-95.2197350146741
61.1115907226428,113.847723045549
61.1882629697713,50.2081511312746
61.3431617499453,21.4383195660805
61.6341028718261,-121.546776686237
61.7911070242432,116.976588761871
61.8692736718168,-123.433682159385
61.9154732856319,104.738375207659
62.0563715410693,8.73038662538379
62.1337949669325,121.21535483037
62.3901674035909,80.1984324627151
62.4508341554067,92.0137011657717
62.4527093032286,-70.6388667349576
62.6855556487381,73.3045194870009
62.8466517691106,-116.537637492398
62.9093666198785,64.8504059477425
63.0666441210929,119.165218219029
63.5636143373122,-49.8516346779325
63.5801773885426,42.8791433150466
63.8570103503268,-121.83342870998
63.8638641219077,-119.385178924918
63.8647158219463,-123.328501414366
64.084612540872,120.781772033684
64.5365051184471,115.651584633974
64.6013499678237,-112.424353912435
64.6454634696021,111.856718037309
64.8092631048069,-5.42529563576682
64.9188198663429,118.357516278328
65.1206871388461,99.0195180437242
65.2683826863767,-20.0644960605384
65.5984050351953,-34.5872597987724
65.7270828414423,56.5210794804265
65.8572506368788,-123.177874112121
65.9474184176357,-120.644366383004
66.0320879569193,120.334248116372
66.0881114538179,15.4901025463934
66.1073063648642,35.9106077899928
66.3013278899577,-76.9039975570683
66.3055942024747,107.682687395085
66.3881371203998,-90.5444773013281
66.3910434669247,-116.75203112543
66.399462731548,-99.3669685030014
66.4795218556092,-107.102636223052
66.9886493088087,118.038011343
67.0765053166067,2.03323197304269
67.0811825821736,-57.2215274849111
67.1961033995951,-65.3331957783593
67.2191152223186,85.8116184060171
67.3416359862235,115.160367634099
67.3812522708778,-43.3212700537069
67.8106332451324,-121.547287204068
67.8458636337718,-122.982092639089
67.9761736516546,119.872657997694
67.9868973451791,-12.3642070388521
67.9908485797721,-83.868213733546
68.1442297611219,-118.976517129018
68.3099665948114,-26.6700284849919
68.4399324769672,23.2162743518599
68.7769559204522,111.829382981411
68.8104319126882,-113.252401458794
68.8354215000959,48.9091931490512
68.9018887671157,29.6045920640491
68.942841331993,70.423220874388
69.1574797487506,117.674178826187
69.5836798638732,77.9604681519415
69.6446488173265,103.568420346858
69.8295564488782,-122.7414672554
69.9148811947592,9.46820040196923
69.9169442615962,119.396847177278
69.9337443567197,93.610195381435
69.9857730447785,62.1983145139171
70.0095228884991,-120.713748480784
70.291739529693,115.209997143112
70.4069274906972,-117.190289164069
71.3105721192987,-71.7960383034074
71.456486579193,-50.5570326582488
71.4778546525818,41.7297410844471
71.5234196667767,117.38737144786
71.6132531135306,108.535388542582
71.8073468545411,-122.456325381265
71.8284661069119,-4.6344242406733
71.8542518612405,118.906715643475
71.9055468720887,-120.17775209261
72.0103744753383,-37.8675631036842
72.0672357025671,-109.732286791787
72.3244755901617,113.006709984362
72.4860998689063,-103.542076292305
72.5018142192902,-18.7692143188405
72.5968267551239,-95.3704522291776
73.0753304977222,-114.4066139188
73.2790693574387,116.025966553584
73.3284809812489,-62.8096365366393
73.3794855669135,18.045380702486
73.4315775824752,54.7862078357339
73.5353301617501,-117.867137633216
73.7782748488959,-122.127009821135
73.787950148895,118.402194022481
73.9779498919945,-31.0607203845579
74.0836560705299,99.4377846158617
74.1136486150632,-120.374697652764
74.2552837748645,88.054146072025
74.3264930841838,-88.0358984002066
74.3471111139568,34.5057166412708
74.4554644903852,3.17908307645971
74.5908166644894,-79.9995982336303
74.9993021802999,110.410186951004
75.0995595274735,67.328611922138
75.2161944833144,81.8421314606133
75.4205767576006,113.798835158574
75.4457247138195,116.339049765228
75.6285434797222,-11.1353773555349
75.7149859822,-44.1958011264952
75.7180146926167,117.884890455071
75.7407590872697,105.171326211183
75.7411969069135,-121.752856297173
76.1501927500004,-119.575217253468
76.1519501005677,-56.5023979656208
76.2879683290653,-116.626193498989
76.3301574644795,26.3578359620157
76.6825247651247,-112.504188119831
76.7193785039834,11.469092445942
76.8063641008127,74.2116596304596
76.867161135036,-24.2305698953631
76.8984537337973,47.7859621697259
77.4901614988042,-107.649918515446
77.6447646798031,117.355585936814
77.6948351685301,-121.332991120297
77.7141059164199,115.364338039419
77.983268658463,60.3800379711078
78.0790551942749,-68.0460838478145
78.2574017338295,-118.971575816139
78.2611957402433,109.105532706473
78.2648660826954,112.595453878827
78.5570820618296,93.4237649575702
78.8289150666383,-74.6441275029174
78.8829447160935,-100.504258446876
78.8992152784946,-3.20835300777406
79.1277356044479,-115.555757185887
79.2256029846119,40.8647200981794
79.551647556165,-36.7912535696695
79.5681952621452,116.814090723634
79.638183143352,-120.867804758692
80.0803168223198,114.939322010178
80.1040006695539,-50.0944793930379
80.2231107012756,-93.3000243400114
80.2451768576359,-118.3964721735
80.4078157415766,19.4792137946758
80.4124629399492,-16.9679323879444
80.6141910547195,100.329533982046
80.8044900122838,105.440889975973
81.0514456590252,-111.54775510056
81.0778311803532,112.871015538572
81.2472614335126,-85.3619942484838
81.3592366404417,5.00986316134805
81.4512854302557,33.2389480785377
81.4532928126149,109.99305408337
81.4881667747133,116.260256493255
81.5702324559798,-120.357712297132
81.6276370846827,53.6124455680604
81.9172674534517,-62.4557414441192
81.960019803065,-115.417843992665
82.0125159432743,67.2152316559925
82.0461940660784,80.2802714916089
82.2586236567573,-29.5666419450592
82.3189112857485,-118.182516554344
82.3194947291433,87.2412475567239
82.6245997340613,-105.962468245827
82.8405097804985,114.186746852235
83.2339254907759,-9.44423544107788
83.4045379287036,115.693941399088
83.4899910611592,-119.803146141462
83.6169125558057,-42.9932807110562
83.8496951035497,-78.6630885047448
83.8766444544559,12.6787784430974
83.9878776958286,111.419772703771
84.3590213660506,107.432105205415
84.3654458217589,-117.372083821829
84.3858963429012,26.274133566975
84.5808301854971,-114.192184983885
84.7992061258378,-55.9257096351347
84.8918889367082,73.8083104445916
85.0629048640919,-110.45286841817
85.0973912560204,113.396094605235
85.2010433252766,-22.5766085408729
85.2556204293754,46.9101114565307
85.3171662665147,115.115010207877
85.3964832373136,-119.204555397244
85.5161288766398,102.423291203863
85.665157974492,60.1257913329093
85.8057018912138,95.1154963763432
85.8360934628162,-1.44427635085317
85.8836378831304,-70.2172668252707
86.1263785974724,-99.555106887686
86.451426204401,-116.697595924489
86.4557780458533,40.0625649710957
86.4900297721237,110.081870454816
87.0889723317416,-91.5003734988702
87.1250916690647,112.541886708014
87.164681847543,-35.4588157130352
87.2259085995676,114.523334389474
87.2887234223143,-118.56241447949
87.5942745024786,-113.751728597335
87.6300409944824,-105.919577355311
87.9952565585643,106.158782938784
88.1686370637993,19.8524791113885
88.2795990704457,-49.1436328686749
88.3252882822187,-15.2755712347297
88.6903252095129,-116.119797591188
88.7099076807319,6.08111727547495
88.981587718923,-110.35315026276
89.0026996609078,32.5897638413098
89.1154260783824,81.1389053107782
89.1306214265204,113.91879216194
89.1657955596633,-117.877195912108
89.214008500205,111.895547829423
89.2245661860511,109.194780761567
89.2421832868254,88.0322991967142
89.2907905040042,67.0629589219174
89.3246615052614,-84.2749375690321
89.3768397263555,-62.7475749169647
89.6246320446083,53.1065228976763
89.6944012653023,100.115109049782
90.4544105214361,-28.1736321869823
90.569661208365,-113.11671935303
90.631771001529,-7.56456548529268
90.8322653534785,-115.336431383234
90.8895450781119,-76.5639584547116
91.0267739296775,-117.149394877363
91.0311613299177,113.301268495286
91.1392091631581,104.402612325634
91.196287894116,-41.855666378503
91.2697028650402,13.2373510481447
91.3580485013463,111.123382786221
91.7710978440721,-103.148019678576
91.9175440903475,108.150097593411
92.0643668509919,-108.218370207577
92.3734166797059,74.3789233600265
92.7575666770733,-55.7477681937004
92.8426850757146,26.4348435656517
92.8707477073039,-116.379521428882
92.9111959170928,-97.1215582243528
92.9273853496978,112.670655077217
92.976128650778,95.3990280778296
93.0156676166747,-111.570447998807
93.1606285077688,59.9455803536316
93.1611065201248,38.9478431898561
93.2372222156016,-21.0205702862461
93.2630935230024,-114.240731491687
93.2791327171935,-0.33012769483532
93.4747141661989,110.584799681395
93.5627793455471,46.1644728737793
93.687575877747,-68.7332756368077
94.3865215406462,106.055200843228
94.6968220960131,-115.56809960161
94.701673254375,101.291298934605
94.7559802287254,-34.3396818353459
94.7884783102113,-89.9462645633181
94.8190879419119,112.026872065607
95.0105872536547,109.221068624991
95.4691141587769,-106.449813617825
95.6358205211882,-113.08892640404
95.6811162972099,-110.172523847981
95.8378363708059,-12.8275624166747
95.9268444465367,89.1114479202423
95.9643096063349,-48.5894971605171
96.017759354094,20.2854861337662
96.2797656209034,67.1810214301141
96.3221608040041,81.7713794933378
96.4309527498011,6.53195785078869
96.5040768720389,-114.71568702551
96.7061205790553,111.369435232833
96.9015149162872,-101.720018209925
96.952579915978,-82.5577213812411
97.1747888961222,109.655348737528
97.2842604884467,32.5491165289562
97.2921670949671,104.628466839524
97.3794350092009,53.0209958500604
97.4344287471783,107.468441443442
97.4797935602199,-61.9155816791683
97.8097241267079,-74.5504693604774
98.0274794302151,-111.914064253625
98.1406266030457,97.0885056306997
98.2972112650703,-113.834261870251
98.3331048366,12.9587670493292
98.4020794310605,-41.432706383453
98.5422176814789,-109.188700656079
98.5580421103709,-26.9675865958048
98.5842391890537,110.687011272426
98.623642538273,-5.50935998944831
99.0290684996219,-106.093948001749
99.2249846694757,101.830361189774
99.5582387222181,108.455174516608
99.5840218221823,74.3931976220557
99.7050056033197,-96.8767624586391
99.9295405756242,40.2663274264399
100.085697620741,-112.943002469439
100.117293355266,-18.3541642472511
100.32358090681,105.727734770612
100.451129133884,109.974425874606
100.511656177106,60.1343332157547
100.515540085886,-110.585458420998
100.710314465825,-54.7672726631543
101.070272934877,-103.097128045014
101.273835086676,1.65015899395553
101.34011723919,93.3172487270884
101.578547450825,26.2749856347318
101.722648389583,-107.548690405438
101.78113622026,107.675347908091
101.807167332,-90.4576500569623
101.869394295783,-112.042185950958
102.013744028318,-34.3233415929865
102.106125881596,-67.8268297626899
102.242507292869,47.2206742299273
102.306372794184,109.232030225277
102.473516209425,99.666133611066
102.474214222454,103.712902975914
102.800863570165,-109.721130981395
103.012689802022,86.8227832972712
103.100587009676,17.9443006236877
103.320868307469,67.4268064715879
103.582708663535,106.380061469315
103.648176078754,-111.131698054762
103.66813324908,-100.627507490328
103.690980453412,-76.9067787448972
103.835202279129,-10.682291827786
103.850699063394,-47.9401014463337
104.00684873017,-105.343233623912
104.149550733605,108.460181994431
104.152653162741,80.1177325170654
104.28788216264,-83.7220589445795
104.738132534082,-108.278817162399
104.774483729922,9.57718438740812
104.79838994676,33.6793787040473
105.186748910432,103.454927236135
105.191753414329,96.3040225338874
105.239074643599,-22.8787685949117
105.398036594293,-60.2608752177861
105.421917068005,-110.211427251044
105.438620384118,54.0456826633452
105.601949716243,-41.4107909356107
105.716026088057,105.890592634533
105.883634339904,-96.02312221747
105.980247130682,107.65924378208
106.01116543262,100.737934481284
106.697817881819,-103.983316790334
106.766462060942,-107.129586568098
106.811224080578,-3.88187744448884
106.924441410015,-29.3923869125508
107.190490993796,-109.281264944093
107.254159008442,41.0757483704519
107.545402161638,-100.611014125841
107.644695765707,91.8251544141633
107.648680836338,73.5224607737857
107.751264280449,104.68243845832
107.798093967745,106.829562903279
107.869506277443,-15.7961351531459
108.024102772983,61.3500750363571
108.069900732729,22.4030484515854
108.143954398517,-71.6435874000638
108.213437482385,3.56515816836606
108.528770982123,102.137085932384
108.594194748393,-91.2032061410259
108.782662388934,98.1400241655347
108.815195208646,-105.929295430079
108.953771528721,-108.341105643114
108.962855952979,-52.6871747395787
109.602712859884,105.97149575206
110.05761811457,85.8846796368211
110.059116124006,103.855805661185
110.069990018092,-102.806796271203
110.086018812139,-36.6831006072704
110.200741554273,14.9336944643656
110.449781509266,28.5720284940754
110.479467461688,-98.5781896315362
110.559525288121,-65.12136193601
110.711632584613,-107.390847101292
110.733720635324,48.6301203285938
110.797157490327,95.2743943684932
110.82342746621,100.515611833828
110.890745429886,-105.222310822121
111.23229598712,-85.7874526592006
111.287382516806,67.8766387748689
111.329970776581,-78.5258637644649
111.393734616595,105.085399591092
111.849937920049,102.7355455877
111.97194509473,-94.8672231901459
112.087937819849,78.4525258472059
112.251034309379,-45.0133899867621
112.463948594357,-106.430390424591
112.492788882116,-8.25042738420883
112.636713975024,-22.955595446304
112.862486343792,-104.020518049275
112.902832566663,-101.320555007791
112.919396231232,34.9298601985825
113.073028335199,98.8165767444674
113.170799054064,104.171632436371
113.188192831119,56.3715962739581
113.315485694598,90.8134546444148
113.416887088754,-58.2524759898794
113.682716548318,8.13709556694229
113.736385537931,101.698257198959
114.210594777266,-105.45964015189
114.248341957486,-30.6449912884573
114.2495805998,42.3145155806771
114.314177042787,-0.101749090400446
114.364344226387,-15.5548784805313
114.409462257328,95.5665683241432
114.536138202044,-98.639013194186
114.933554812087,103.230552948345
115.060463145229,-103.057654837924
115.232929280684,21.8847953530926
115.318642199867,-90.6338276665359
115.542711934407,100.621809535216
115.566436846813,-71.3746089845332
115.951447386977,-104.478504308231
116.102563405181,85.1480265658295
116.313685577674,-101.332032456685
116.316333037056,97.9106354884952
116.402964996069,63.1465665160816
116.413669774913,-95.3064248724612
116.681659175564,102.262520329131
116.816308535663,-50.9804651085286
116.937636125402,71.8537416117624
117.082377536092,-38.1885049946701
117.100595203616,93.565541153243
117.405758466961,-84.6522604729103
117.586778745131,14.378179274205
117.684200463132,99.8264121508183
117.686383941,-103.486894433004
117.81380286074,-98.6512013647219
118.248281341159,51.7558748702764
118.334500642773,89.7693930129719
118.414777900543,101.267894225493
118.416056875791,-64.3135615781641
118.615032270545,96.3697658820442
118.668032479861,-101.06356651128
118.861093366098,-77.7649171156506
118.917167955171,28.9585108504016
119.331360744098,79.1313820193602
119.414831774752,-102.483564967547
119.52787733391,98.6332288084356
119.704366132907,-25.8363325487869
119.723620059697,-92.9619824411841
119.75316604723,-3.72836928980465
119.938032001857,45.6475760257729
120.093456157,-96.621400900704
120.096482788736,37.1525425735487
120.133119611813,100.248179228534
120.191262828757,-11.2090564408023
120.399171363279,-19.0677858905902
120.536678284767,5.32940212947657
120.563796600037,-44.2314192071334
120.615323994928,-99.4840309093757
120.642172501804,93.6939297076847
120.797440289533,-88.8359367159129
120.941604005832,-57.2241052104372
121.124220709762,-101.448676957422
121.276038360393,96.9884081217817
121.624775016865,85.1856330423214
121.840840206173,99.2105022565127
121.878362160598,58.0249860639239
122.132458424532,-32.2520662312141
122.228921147012,21.1179032756809
122.267326910172,89.7795119186175
122.636293506233,-98.1323927999117
122.809494093906,-100.374975749981
122.860376055818,-95.2482534422215
122.94780382087,66.1003610675256
123.049612196444,-70.5017774445048
123.077963300377,96.0986117690683
123.099358867516,-83.5284279652255
123.338059010677,93.3878139617279
123.538439712644,98.156301566236
123.598156759528,12.3609903445797
123.722899168818,-92.3180937361459
124.469828683663,-99.2631158033922
124.669117109889,73.6489566208522
124.816042343194,-96.9925980826145
124.87784676037,-49.8506185597914
125.111289496327,80.8874276087787
125.160796157123,95.0839651767824
125.223701518308,-88.6139562105443
125.225776468976,97.0856889143592
125.266924695022,91.1782094549577
125.464678918725,-38.3466507335304
125.593117239346,-77.8388001948655
125.756650704929,86.8490968170004
125.836861700516,0.183658752048217
125.924463093568,33.4761592168428
125.959606678481,42.5210086293404
125.991835115983,-95.082585997341
126.104431055948,-98.1137567510107
126.146191257256,-63.4852456666901
126.428824134606,50.9932667262195
126.463814614506,-8.17604292366816
126.611420859132,93.5844044498601
126.748627213389,-24.2461492307568
126.825683565568,-92.1566906997849
126.902711532703,95.9987773976827
126.929186217379,-16.3787399328108
127.088948001815,26.4568830421988
127.334369558286,-84.5047378365732
127.629492568955,90.0272873548415
127.712515952652,-96.9275771347225
127.911435575094,-55.8039395155679
128.217754274828,-94.4342165259414
128.422879742893,92.6869705776488
128.436348827409,17.4915524271881
128.56909827576,94.8956883091843
128.719043566269,84.0800202789424
128.823307293511,59.0895218603191
128.839690074811,8.18054627044845
129.013366977267,-90.4596850842553
129.131222595578,-87.592188886769
129.234832356582,-30.5486623772212
129.293315679861,-95.7052680637868
129.392008149068,-44.3736033416726
129.629362315859,-81.7261884722353
129.761948324988,88.1679536198081
129.824138883684,-71.8442651787283
129.897478882346,78.7362821377887
129.916049396712,-92.8890605978024
129.924840504946,66.4259375259338
130.170123144286,91.3913207556846
130.224505960971,93.7767405558313
130.846080068872,-94.4475327503829
131.259076017634,-77.3155567993715
131.407522565577,73.4781827840975
131.523032144376,38.1792449114691
131.720700450477,-91.2416929716395
131.86090130344,90.1763712645946
131.869087897252,92.6418656815892
131.886605212884,86.2447486080833
132.013938457603,-88.7288876157977
132.066334583892,-85.6942082326906
132.370076428031,-93.1550860655136
132.502506336828,-5.54423879361839
132.730721012349,82.4527082598262
132.761723414255,1.39096257837971
132.81096403689,-66.0584826705581
132.894682493951,-37.1970984883806
132.937369024045,45.9913977444656
132.954322163175,-13.5084347801508
133.351106500536,-82.3241901518101
133.35776360646,88.8116747494483
133.403768286494,22.8885257671771
133.418347162495,-22.068860295633
133.426206882651,-58.7617215560522
133.502716291537,91.4911820736154
133.747120323398,-50.5524070494752
133.864589486759,-91.8286541149124
133.894149151888,-89.7815220906216
134.023027394201,31.355540348476
134.064602102615,53.3271931652093
134.482472003139,14.2570822884423
134.622036789259,85.8486056023254
134.899624056141,-87.8078900224408
135.125266082344,90.3248089288107
135.131132251921,78.8948416405216
135.208017362284,-85.2020237768847
135.328921333102,-90.4689738345457
135.374816552521,-75.4594425189411
135.448669592806,-79.6739022005145
135.541349837443,88.0233860876317
136.03018084573,-71.1511768724829
136.065071081943,-29.6608749187139
136.185945038713,83.4556917370552
136.441772395844,74.3824508841544
136.52205307321,61.1107848918251
136.624250069253,6.925974412691
136.73661491992,89.1428661557679
136.742639528009,68.4807830274996
136.76239134603,-89.0767926052622
136.912288400169,-83.0025023596097
137.096238269932,-86.4990632058036
137.117509382314,-43.8379976221341
137.395352567406,86.3360100234716
138.120602500822,81.3833694668509
138.164336123673,-87.6528678860952
138.336643142471,87.9454742792884
138.354292216733,39.414870915186
138.515108774731,-84.6340876323646
138.820548040487,-78.3897860754924
138.821613333316,-62.343376782604
138.889228868044,-81.1766800430501
139.054582516955,84.6495691130672
139.125517738074,-8.65684807675978
139.224982779021,-67.4241049174131
139.257426597708,-16.7135651019901
139.502763333998,-74.9231527469836
139.534118092186,-86.1979952673502
139.685169286618,77.2907436296491
139.76441007019,-1.54937916663397
139.792280489295,-55.4400024203873
139.817695398295,26.8997910003505
139.924911872064,86.7330025096917
140.151967262204,-36.7762847334298
140.21716429356,-82.9822301603432
140.360682211735,19.5868207281805
140.51318001888,46.8619159999173
140.728730900241,80.5200750766126
140.871954410592,-84.7136965549452
140.917756095919,83.3543667253449
140.953924678662,72.5096610299532
141.025415635763,-71.756528761989
141.122927343714,-24.1688739091561
141.297058707182,54.0996459987027
141.501587744335,85.5053225995589
141.519488511249,-80.7700894860395
141.643530770972,-77.8885091207252
141.976107149508,12.0582082447511
142.177732306297,-83.2011123849577
142.291121477288,66.8762259707084
142.360972396175,33.5475745275383
142.367458084673,-49.7508283535771
142.952414150475,-75.2547640749905
142.99613856055,81.8822649036981
143.057780806619,84.2515714620946
143.158855972181,78.8113129690929
143.311567969881,4.11409862200965
143.405189957804,-79.2693171314268
143.450910665236,-81.6609838740493
143.585623389054,75.8053330174248
143.619174665099,-60.3688185710195
143.636421450632,-65.2534060435355
143.68422201355,-69.1683662915248
143.765701217616,60.9329669286387
143.893250935446,-30.6737646383124
144.52162997742,-72.8039576541354
144.585486077094,82.9635079728261
144.59053221714,-77.2938073399259
144.69096420776,-80.0940578116066
144.777703178006,-43.6304504539001
144.92316109846,71.6308414262925
145.014182098456,80.4328848442135
145.285561108455,-11.3455361026201
145.645972415378,-55.8186941921762
145.874821941451,-75.3264562364104
145.897382530251,-78.5010873804936
146.084129722331,81.6417387700742
146.172163770861,78.247268112856
146.199938213114,41.0839979249984
146.292254009737,-19.3943952695889
146.617235770003,-70.6534116312975
146.681926298859,75.0045712410111
146.81284205692,25.7095843729512
146.910216383285,-4.29207604058524
147.026051164891,-67.6661922233012
147.069669999992,-76.8828319681677
147.079291864333,-63.7567950296108
147.22373682146,-73.3993151409569
147.372301719756,17.6526500420862
147.491034596172,64.9162430686908
147.553018908127,80.2869912519752
147.553960913121,68.8625021981075
147.757696089574,-38.1029453750669
148.010834087319,-52.0505878235782
148.128935355283,-60.1445601428453
148.207345654529,-75.2400569897091
148.213803251215,77.1602014905357
148.221990653407,49.2506136743299
148.397400477188,56.2050162491056
148.742213846922,-71.4711629253881
148.7423598181,72.5096816416151
148.884935321059,9.77565630192829
148.991491407319,78.8999928689977
149.144608886613,-47.6857336721178
149.309943105964,-73.5735337221752
149.387004885339,-66.1997532160188
149.474774342252,-69.3450683627853
149.538634146026,33.4149256756637
149.742819365543,75.2567042129249
149.790810553954,2.22877276633515
149.887630565069,-25.9369679845805
150.086571567435,-56.9475030314961
150.132612479604,61.3690169763345
150.377010450583,-71.8840391497055
150.389822756852,-63.3901811599085
150.398902743445,77.4814811777381
151.002237316777,70.1042565882859
151.072856292926,-67.6524618401493
151.098103672049,-33.0249492632829
151.373844948893,-14.0904225602673
151.408103172332,-70.1723677421626
151.428521052725,73.3994984029326
151.445892607785,66.5005937556681
151.476924901051,-43.3655527600979
151.507144325566,-60.7812642932011
151.774622315848,76.0322074635718
151.836182598495,-53.9397004507507
152.090555488109,-65.3306551712838
152.40280616027,-68.4392948518537
152.963659780908,-50.4626911916567
152.993586722987,-58.464433065037
153.118037126408,74.5529329265549
153.193648972179,-63.0206847875338
153.198643576363,71.8539380505506
153.360711280848,-66.6856120964519
153.451600868898,54.6223453661983
153.511980767769,44.3076166124142
153.582885492153,20.7826009484556
153.684375115647,-39.0948203505521
153.692190802268,-7.75759886547128
153.844944952914,63.1496009058745
153.886271701419,69.4951266747907
154.079472205416,59.0260669983028
154.21967827274,-56.0255367988906
154.281407705014,-64.9121511254496
154.285603010438,38.4630453002554
154.306806288157,-20.566981912022
154.387846010619,-47.0739468954094
154.402264929395,-60.7987075817741
154.428541558333,73.044440259677
154.429669443491,27.6408979514753
154.5904735209,66.4826272857136
154.715815211994,49.997781515727
154.769135444033,13.5204575008307
155.179817500611,-63.127290220243
155.423556855238,-53.1671590878753
155.540549022883,-1.16559818032807
155.622118476691,-58.4754021526036
155.705565172749,71.5075017329215
155.830374937518,-29.4944724813777
155.987995430288,68.5342600243218
156.070695765163,-61.3385979933612
156.146362028362,-35.0463457422193
156.25254461945,-43.6315291888743
156.361797196735,6.39433155746622
156.639494290989,-50.3872267864036
156.665814714637,-56.0131339913372
156.723946117335,63.9581390055826
156.948551105749,69.942901860874
156.953963699343,-59.5461189514941
157.400460640315,66.3561946168738
157.541991013885,61.1198173885939
157.718263354458,-24.8753477340055
157.724775128662,-53.7394598266259
157.76211850744,-40.1479511116364
157.777038935897,-47.5127957380343
157.78219792673,32.7464125868219
157.817806661195,-14.6584409296221
157.829558348517,-57.7498574276853
157.850097773639,57.7173150728459
158.120774045099,53.921021251473
158.156956750908,68.3514370159693
158.697413246079,-55.94981622528
158.710099752928,46.7122375688404
158.761276435408,-51.7062327967416
159.075122478533,64.1013660638452
159.251640990523,-45.0127377488683
159.330256877271,66.7339115010383
159.508166544104,22.6763931408067
159.557399996105,-54.1461202608744
159.629815353264,42.1029232669617
159.652335883681,-49.5034767296649
159.711834385703,-37.2800907053967
159.744265712625,37.4473786863578
159.806884115944,16.9807086875491
159.843669168319,50.5526499449436
159.924648338082,-5.24332960988452
160.050034650907,-33.3383570160034
160.071332049811,-19.5057358586878
160.149896075854,-10.5294969719309
160.212945809137,61.9458592510556
160.215576061329,-42.3205709739224
160.40948482867,-52.3386901041273
160.467798483856,65.0909930717939
160.540603527134,1.61516972419176
160.617430404649,27.6606453530115
160.62669890054,11.0087870155783
160.630506914959,-29.8035965730372
160.731838301933,-47.307852690664
160.743313823839,59.6218285201213
160.884045850695,56.0941392168545
161.253600549909,-50.5275070515529
161.559782129144,63.417457777586
161.755403260529,-39.7683964567087
161.814879812487,-44.9973194912401
162.089668187551,-48.7125699739377
162.216584563157,-26.7009202836203
162.246706169953,52.8984824165068
162.476289580878,45.3370144440041
162.490479871663,6.20914950246374
162.520602085742,58.1374795192408
162.599848216562,61.7112609327205
162.714704332988,-42.8063016886574
162.751724173405,-36.5750153849511
162.752971482648,-23.0663939071348
162.917606155905,-46.8938766800194
163.053867644098,49.0498872594683
163.167724501689,-2.18081507011506
163.256696083049,-15.3505914852599
163.258148781831,34.9106754928991
163.395687832009,31.1548276512415
163.441432409565,-33.7819126075539
163.568614037689,55.7664304615415
163.586935489079,59.9739117351928
163.596530358944,39.2756026404556
163.737330451592,-45.0714239908986
163.848171247243,-40.8368950776475
163.930403025739,19.4306441420865
164.009892518196,-31.0157881610549
164.207249327767,-7.67483062024216
164.223959314155,14.2059219972819
164.325165809411,23.7199809209771
164.501157338064,-38.6453916364317
164.50787894784,-19.3392233588248
164.520019504303,58.2069906945436
164.548754851129,-43.2452078113854
164.722987970944,53.6545286255072
164.733809720076,42.5967784867989
164.938968738902,-11.7329310036378
165.124321435153,51.2845662764943
165.147572052161,-28.4735486273845
165.270385591639,46.2043220344124
165.273587026799,27.3220871080651
165.351709505486,-41.4154103347459
165.380151393631,-36.4606185448928
165.39817224624,56.4120367262822
165.482977520929,2.30927780114023
165.534574440446,9.87381341153655
165.939554096482,-25.5430302739789
166.012567991614,-34.4117308316105
166.139346862457,-39.5788366251674
166.156772466591,48.9742685557534
166.220428950639,54.5908209557052
166.296875032361,-4.85671422095644
166.502173940234,-22.6018626907267
166.547663391024,-32.3994609456481
166.606690409649,36.4761708883359
166.700843737919,6.15574065214725
166.705772561544,39.5619893086802
166.723217324063,16.9193529057619
166.88645740593,33.2155263275644
166.886858694302,-37.7256766463357
166.959317220835,-1.0609750134813
166.985938798732,52.7450591946024
167.182375902739,-16.9931893963731
167.296187404375,-30.4442039296776
167.436237505606,30.1918465786706
167.455718628608,46.6790512860893
167.47726086781,44.1253625751197
167.539682181077,21.0981820527551
167.565022586512,-14.2731780698224
167.591758616139,-35.8558920822952
167.693920998914,50.8764877207678
167.807265492853,-8.74708158638524
167.819545564487,-19.956909308424
167.888320090811,-28.2965027996473
167.998633718575,12.7862969772657
168.093722734312,41.7816329539882
168.113852997832,24.2408075406724
168.253714966161,-33.9704758444329
168.343659569742,48.986873910527
168.491115354631,27.211163446276
168.507511849438,-26.3133553912297
168.603938082756,-11.4591050616049
168.872416695263,-32.0704256050744
168.880877986056,-24.2217247137116
168.934506894882,47.0780062708372
169.01018036049,39.1065752819389
169.020775235795,3.5264368691255
169.07929509327,9.65406982465306
169.182122265193,-6.09307140018076
169.190634945115,36.7310607939583
169.236021949424,18.7032496243494
169.326859865856,15.2808869518588
169.329070514478,0.578393801822559
169.356729538168,-3.00259101479747
169.381703053268,34.3412057673088
169.44757286386,-30.1567450181411
169.465871305703,45.1517400093366
169.53424529557,-22.1232614672078
169.538278894526,6.83918530718081
169.806293269525,31.7920963005344
169.93724013722,43.2099277191264
169.978233710819,-17.6223654891741
169.978913769848,-28.2304396381067
170.136400004555,-19.8419587629875
170.255198479128,-15.4931447758969
170.341117446754,29.2037506076174
170.348174146171,41.2544289446298
170.466190249594,-26.2925181785353
170.556789430217,21.7380638616895
170.613919950226,-13.3284610250096
170.655302362564,26.4156342365212
170.700559031046,39.2874605282841
170.734287557932,-8.84790189513931
170.749747022826,24.0162378500145
170.909173148526,-24.34399410306
171.023816370742,37.3155229391757
171.031519921402,12.2854278696703
171.03947317227,-10.9634363508716
171.307653657103,-22.3858841459157
171.327122968972,35.3403795004789
171.357988257307,16.9849785671057
171.408436725124,-1.71344321730065
171.43348546572,19.505588388201
171.45407501262,-6.67906991813237
171.531266722281,-4.31393338813249
171.554610678571,2.85357640454888
171.561113399934,14.4399726969398
171.589658723409,5.18859714130387
171.610430129635,33.3622848395292
171.613937578994,10.0483412685583
171.661443278063,-20.4192080356644
171.661755200803,0.5812876170611
171.757520399741,7.72842745624587
171.873700663554,31.3814388692957
171.970373717824,-18.4449887908822
172.116899540973,29.398042102263
172.234297132775,-16.4642508035116
172.339993903149,27.4122956226124
172.453102494474,-14.4780315029717
172.542959329658,25.4243365475467
172.640687330445,-12.4885942598623
172.725759760284,23.4344315419417
172.809154338269,-10.4974374555614
172.888368586349,21.4427875603234
172.958489384522,-8.50474894853661
173.03076187569,19.4496076767419
173.088680040824,-6.51072383839264
173.152917916942,17.4550953925406
173.19971645441,-4.51555408570175
173.254818121612,15.4594351756198
173.291592109805,-2.51940623828595
173.336445232625,13.4628150911732
173.364301290975,-0.522462972254544
173.397988138206,11.4654841031081
173.417840210959,1.4750930651823
173.440287071825,9.46766442941771
173.452207010047,3.47307928210554
173.46342692213,7.46953960115871
173.467401693392,5.47129176142739
