-159.07241529161,-11.9764259827041
-159.061786693941,-13.9748690925358
-159.055521535875,-9.97802588346047
-159.023667915058,-15.9729768121055
-159.011077900411,-7.98004844698112
-158.958095743671,-17.9703720301268
-158.939061534216,-5.98287453820877
-158.86511155577,-19.9666789628015
-158.839454291173,-3.98688619596317
-158.744761285468,-21.961523191437
-158.712242759747,-1.99246659371293
-158.597095395955,-23.9545316997655
-158.557418292792,3.88353669586672e-14
-158.421295861375,-25.9452662555175
-158.377860938818,1.99039615321752
-158.210183541391,-27.932548813217
-158.176459139492,3.97869998684107
-157.962238046433,-29.9155730424106
-157.953222526935,5.96467084594714
-157.708163583279,7.94806862793324
-157.677574868605,-31.8936606414506
-157.617289860865,-11.7576010728541
-157.441298042927,9.92865072130932
-157.356318624697,-33.8661361443656
-157.172324155643,-16.6124012982893
-157.152644537959,11.9061753109831
-157.141486881173,-14.2383012458104
-156.998603012869,-35.8323269045692
-156.979141163122,-4.69606473092307
-156.96309437846,-1.99036195763395
-156.842224697795,13.880400542791
-156.825626326599,-9.43640678881826
-156.774952685763,-7.12172996041889
-156.732960868563,-25.6853437440289
-156.685472305325,-23.2358466238893
-156.657857655181,-20.8365868304151
-156.604570775078,-37.7915630792345
-156.572515786683,0.602521523601729
-156.540599622983,-18.6556667225163
-156.510063154029,15.8510845680772
-156.424994700253,3.01961043615421
-156.272968072389,-27.9039276402584
-156.174373665166,-39.7431776144631
-156.15618754446,17.8179855883563
-155.905617796597,-30.5056259798131
-155.835858077999,5.46532664183342
-155.780628516306,19.7808619000428
-155.733812412109,7.84478543725984
-155.716833493137,-32.9928745115175
-155.708172422536,-41.6865062313681
-155.505506354099,-12.1486069174499
-155.383419728618,21.7394719392281
-155.340604396096,10.6048966760574
-155.206136751341,-43.6208874131955
-154.964597854304,23.6935743246151
-154.962251854344,13.0214098468139
-154.916773118851,-37.0257558754176
-154.8677517156,15.5904426422852
-154.832451548058,-3.04584384809145
-154.693887908848,-15.6994472407447
-154.668445305132,-45.5456623936023
-154.523661026203,25.6428010847551
-154.324489223948,-25.1196763750364
-154.23553052409,-34.7896805398343
-154.217019003822,-0.0775572096410456
-154.191596238543,-39.3871526477192
-154.095285676908,-47.4601751462108
-154.058248259945,27.5863311909106
-153.989207039114,-5.89788479634024
-153.953889122291,-22.0308365306038
-153.92575902831,2.91130602780539
-153.889766703584,20.1973888578782
-153.812066642209,-28.6209984397565
-153.789713048366,17.7871528765692
-153.744529403395,-8.97433488204626
-153.721181498823,-41.8301924642152
-153.568128469635,29.5237781134548
-153.503791895573,-18.92935178705
-153.486854396432,-49.3637723697316
-153.350429418496,8.80497973535629
-153.152895848802,-31.7907560823784
-153.071348361529,22.4781537935478
-153.053361078296,31.4548223846359
-152.94207417858,-12.4292533852057
-152.840854190375,-51.2549356634516
-152.763915640885,-45.3424720992266
-152.573117924241,24.8930635130839
-152.533576314456,5.53203349028066
-152.514009684734,33.3791447982998
-152.46680192949,14.694992159084
-152.260384138788,27.1313419331331
-152.227576679513,11.7545891963554
-152.151623415121,-53.1307765740846
-152.018561939382,-47.6609073705248
-151.974791148443,-37.119591725373
-151.950142070217,35.2964264641175
-151.731679089822,-43.2501660415139
-151.505780668521,-2.6745755131492
-151.482457108758,29.2239039807904
-151.467787327746,-26.2297886266878
-151.419267295291,-54.990204531073
-151.361830204478,37.206348862074
-151.328280266298,19.8937133021849
-151.110430986674,-40.0163198548056
-151.085886197502,-15.5082775478747
-150.923494146528,31.553047266979
-150.819441479202,-51.3367093468957
-150.749150251031,39.108593897216
-150.644163615289,-56.8322228805025
-150.635537660671,1.23055873504836
-150.611811634676,33.8214748944115
-150.573171842505,16.6819978524889
-150.517498617584,-34.126437674897
-150.427958280836,-22.6036271806883
-150.194050116392,23.2328161416191
-150.150798388062,-49.0048296816692
-150.112182571798,41.0028439546462
-150.008782339227,-29.8053540052372
-149.986279764199,-6.52739188812805
-149.90403576394,8.37770082118653
-149.852281419668,-53.7893307604127
-149.82670928042,-58.6558415640196
-149.579097006647,-10.8419408590191
-149.518486304231,35.8068686043451
-149.480704307276,26.4391230386211
-149.473458719936,-45.7199728443022
-149.451011731032,42.888781954759
-149.22235788293,-19.1097226397392
-148.967320319657,-60.4600772940693
-148.899683880768,37.827096994594
-148.765726498545,44.7660914087082
-148.703238450535,-56.2689459291556
-148.655450694867,29.7972008309337
-148.63015593211,40.0063488962296
-148.591714613927,12.4951542529538
-148.310424533602,-42.1165023992901
-148.22245576573,33.1087597853032
-148.190972178659,3.98292164424124
-148.06643189944,-62.24395373791
-148.056419852221,46.6344564740985
-147.931185877095,-58.7020816917017
-147.857090188098,20.2021636682193
-147.833654314143,-51.4974862391624
-147.663364552092,-37.4081828174193
-147.637027410604,41.8731671862658
-147.322546028472,48.493274003752
-147.124498347974,-64.0065017114088
-147.077008257761,43.9888392586795
-146.946346736168,-2.44115174106014
-146.940644306176,-25.8862137489653
-146.931475227335,-54.1406907852039
-146.761306398578,-48.5413895763553
-146.744283534433,16.3580410474216
-146.553814819981,50.337967689724
-146.41426751195,-32.0609214255984
-146.410452975687,46.0544841061602
-146.348600945613,-60.7526780046224
-146.337231853727,35.9180317669948
-146.168645057437,-14.7756370354974
-146.141993189426,-65.746759383609
-146.137252149636,39.1275110840502
-146.125579920819,23.6683163266866
-145.866099972249,48.0973571262191
-145.821351526786,-57.6789414651021
-145.746902129739,52.1662816492968
-145.688263581972,27.7736011947825
-145.314060393035,8.13598606355126
-145.274312635348,31.9524909121482
-145.119409187423,-67.4637724930553
-145.053929926312,-45.4693174017678
-144.962189223911,-62.8028242076611
-144.902116730779,53.9774068904102
-144.851235302861,-8.71005259774648
-144.817276149322,42.1490640370933
-144.606550166144,50.5692645201155
-144.323984977099,-20.7532399454337
-144.234002882861,45.1574209250814
-144.121386246274,-55.0553676366105
-144.057258397167,-69.1565945768518
-144.019780931562,55.7705373701008
-143.946999830487,48.2275528085416
-143.919764856245,-40.9616286423104
-143.885446719031,-65.1060011812742
-143.521109318441,53.2295989472127
-143.386013097575,-50.9937425135269
-143.299884630469,1.65572610235912
-143.150675965296,-59.5716399400668
-143.100230683368,57.5448700422778
-143.003454314703,13.0598284896011
-142.956072225436,-70.8242872134186
-142.889933325751,38.7092018471482
-142.817742538545,-67.5049000206484
-142.59584147024,51.512862444834
-142.499707152795,19.2320958636351
-142.432673164123,35.0649070898582
-142.329221689063,-35.3074178452351
-142.195877400287,-27.9804973385336
-142.147051759733,54.8111695626683
-142.143815696977,59.2996049126429
-141.81635570653,-72.4658460529638
-141.700726643886,-69.9357546872275
-141.498380818222,-62.386506454234
-141.37100861252,49.1841776363721
-141.323267819238,56.8702387012748
-141.253941553829,42.3215511782401
-141.250201716114,45.943673297129
-141.187833519915,24.9174660142114
-141.150899568529,61.0339451012616
-141.144489572491,29.9771341875587
-140.903587535576,-56.0480012087806
-140.749835493429,-4.81371497324243
-140.728570150766,-65.5958635820825
-140.629964053043,-74.074004338438
-140.506733636753,58.9994202130324
-140.213545672977,-14.2094285458138
-140.193047502655,-46.5436821236786
-140.121859914439,62.7470969133075
-140.044991504023,-68.6667582521612
-140.031231753299,-71.8799888066188
-140.028325213632,52.5465205862708
-139.416780287462,6.6594323404087
-139.391960336327,-75.6427806578157
-139.057088515256,64.4382699185218
-139.048669808125,55.1554187112098
-138.889376947746,60.7755445625884
-138.469834434171,58.0096717322553
-138.236365439245,62.7458911383657
-138.113627105003,-40.4336503908014
-138.103736038035,-77.17059215095
-138.070199994408,39.0983208527237
-138.045947838772,-52.2979205892137
-137.983067493932,-59.0278685091043
-137.956982474038,66.10669037306
-137.952535704223,-22.4098995154843
-137.945162977704,49.046126729655
-137.941830940091,-73.7706261905692
-137.809257785158,-70.9473040919826
-137.506080872635,34.1034612353566
-137.286673132613,-63.612407346142
-137.216847922047,44.7615489007893
-137.216262552438,-67.5423676457697
-136.993351084476,13.8022899241114
-136.849460612128,-75.9985103383665
-136.835905554492,64.9225187066116
-136.821968421714,67.7515643063885
-136.766748644356,-78.6559043848582
-136.495986846323,-31.660842403223
-136.184183983368,20.9311411888736
-136.150583183957,60.0135848471752
-136.104689433431,62.7352598891253
-135.952971265257,52.3491747057832
-135.689615721977,56.3471986279531
-135.652409213382,69.3719924688162
-135.382504337247,-80.0972516838197
-135.178333213537,65.8863955227875
-134.993453390321,0.0944677684045045
-134.903537420137,-71.3575628938539
-134.838277367197,-77.4918946270788
-134.77936651302,28.1787957821221
-134.77739573739,-8.95532840433229
-134.723548295452,68.2263462498691
-134.686514925112,-74.4386241383683
-134.439360402001,70.9601269450251
-133.952541897731,-81.4932499514371
-133.531339880955,62.8370661862981
-133.418678887418,-67.3750258779126
-133.24179705823,-79.1173317176686
-133.177764193425,72.5099768139882
-133.124509667855,-47.2672539104913
-133.075470973359,41.6706582207434
-132.802108174756,-55.4884482354657
-132.780028953802,48.2098265686988
-132.687539217629,58.9942630353025
-132.672337634212,68.8318521543792
-132.669422079855,66.2158491186776
-132.555545872431,-61.6974911431057
-132.484191964545,-16.4205091149753
-132.478455815059,-82.842570213336
-132.052414785018,70.4678616925625
-131.903194068579,7.52473290626773
-131.868861102695,74.0200876339698
-131.808707304373,-75.8928696440658
-131.788202003577,54.2587546103602
-131.604144091575,-80.9773724642331
-131.471660319928,-39.0691520864359
-131.362946063696,35.4441575579972
-131.3051061633,-24.3949033411071
-131.154745623968,72.2714157858017
-130.961882658555,-84.1439521115559
-130.922293712342,-71.9643429996676
-130.513937857673,75.4890493236468
-130.351724927706,63.9578815937399
-130.256735634673,-78.6114480888908
-129.92714443743,-82.5019646706252
-129.880622228006,15.4545153350395
-129.782380036243,-31.7526127921589
-129.473964305987,73.319713292223
-129.424531769427,67.5253342677528
-129.40449751512,-85.3962055362494
-129.224276557988,-4.46917975426081
-129.149018848031,60.2399358946041
-129.137180866326,70.242394660609
-129.11432574778,76.9154979473876
-128.837957060599,23.0928394249093
-128.600196365055,-66.4298050355568
-128.274316113412,74.8653702957367
-128.140085753218,-83.938455281263
-128.084532114759,-80.5239343577747
-127.808010347367,-86.5982120465627
-127.671398893325,78.2981174505948
-127.470933075846,-76.08731006708
-127.072332638102,50.3639480886655
-127.063569905641,43.4361075203403
-127.008157339164,76.6035757576008
-126.749577525215,56.1843803890417
-126.742887790398,71.9285857668122
-126.704696627667,2.22881062339384
-126.583450187434,30.0291437687817
-126.538721031854,-11.1876786973973
-126.218874399142,-71.9324093159548
-126.1865724347,79.6356413406775
-126.174162285264,-87.748926075306
-126.11283948181,-51.5233120146442
-126.081525246581,-85.3028658377788
-126.004072034344,64.290465743548
-125.676923395436,-82.4643265968495
-125.652835037596,-43.6735169573603
-125.540826178693,-59.6749647735354
-125.3922124307,74.4281438978424
-125.200436959883,68.4363118383067
-125.109368833361,77.4779835363634
-125.062940157442,-19.1843045320353
-124.661300641073,80.9268543088283
-124.649023437937,10.1602375654001
-124.58855653792,-78.8855878403474
-124.504721864685,-88.8473759128394
-124.189678484605,-86.4617742539479
-124.041398563373,79.315732991325
-123.948557679187,-27.1402845393621
-123.946798105568,37.5272376692722
-123.918342065617,-35.6894555611331
-123.097074938485,82.1705937874164
-122.989260869551,-83.5427220202302
-122.849761560322,18.3291892372269
-122.801729182554,-89.8937496852758
-122.711091874702,60.1296843327282
-122.663736083881,71.5572373881104
-122.597501156596,75.3739683454838
-122.208055477793,-87.3092529532866
-122.177479971251,-67.1877146684083
-122.11370802211,80.7434418426626
-121.989047129814,78.0598304497967
-121.61830806175,-4.21800021552232
-121.495421857707,83.3657514374605
-121.280843316907,-74.3948290989468
-121.076039425793,-90.9016332428006
-120.706320556454,-79.7781420778363
-120.697501523547,25.1812379659941
-120.639070742057,-89.1939588864196
-120.440036591306,65.9736719373686
-120.393327090992,45.782223710638
-120.291076220474,81.8334378651785
-120.059240627525,-84.6306461717439
-119.857900902631,84.5112745603437
-119.812381661392,-13.3768765857116
-119.78967672203,4.4830937697672
-119.512267326046,78.9497656951272
-119.504662400542,53.1598197662932
-119.331095274719,-91.875789479605
-119.084681602753,-55.2240844409221
-119.074423438627,75.0625192984592
-118.99659449321,-47.2301626514966
-118.996539817733,-87.3891963503215
-118.707297302962,32.3736890464609
-118.54669871991,83.3844456249934
-118.495901760247,70.5271742511115
-118.450685624889,-90.4252530830359
-118.212727862425,-39.4375363962745
-118.186092473868,85.606173676169
-118.051461399091,-22.6340407836495
-117.885246925313,13.1126172651308
-117.567461146534,-92.8156749822573
-117.524539025345,-31.0053732888716
-117.433620149057,81.2747582599348
-117.177562493316,-81.8472483236729
-116.814771310312,-61.9830202587601
-116.600074379682,39.7379466696609
-116.488719302537,86.6617757749761
-116.433375018827,-88.9739958908102
-116.411329482908,84.3508264580202
-116.13634629302,78.0377975031869
-116.007891875609,-91.6394842581094
-115.964818766996,60.614387967345
-115.785717126742,-93.7207504068686
-115.766980853183,-85.8566529291771
-115.487891194897,-7.83494309219489
-115.213543712706,-76.562381609597
-114.976803508182,-69.8146433720212
-114.778495415392,87.6956786248738
-114.723185139152,19.9742096949382
-114.635589484601,0.117975941064873
-114.633871994556,81.9251110951301
-114.26596583589,73.7106787140119
-114.134049717263,-17.2615108870468
-114.127590130265,85.0757937352924
-113.986459248012,-94.590480846084
-113.802160605111,-89.7846441688641
-113.626627787669,-92.6093858400303
-113.410151921174,47.3658359555784
-113.253697775837,67.5951141499712
-113.055439868123,88.7080311003783
-113.044523367531,8.67304347670588
-112.982182821952,27.3855168853917
-112.7990182215,86.8468862591218
-112.6315265575,-51.2507021142006
-112.569085538458,-82.2556224518027
-112.240757229412,78.4401041591716
-112.170299768439,-95.4243362178051
-111.975560025173,54.1709662443852
-111.970774327874,-87.0820579301383
-111.891436850009,-42.7878757127063
-111.423155774977,-93.7255999599004
-111.403765269666,82.498104960107
-111.319775581334,89.6985812263849
-111.315396056215,-34.9938118002283
-111.177113081184,-26.4866279739187
-110.960070390763,-91.0249561375957
-110.822374007136,34.4972920060507
-110.696829181893,85.4030339324737
-110.488240790814,87.9842979269089
-110.337867448263,-96.2217916765598
-110.157496718798,-57.5144396676834
-109.57173145977,90.6670777527393
-109.501969224212,-11.4510378404031
-109.360617692197,-94.850697255927
-109.214054439527,14.9324448414113
-108.990487440462,41.2174326612235
-108.856871886449,73.5884929844033
-108.851564229125,-64.5498779481666
-108.590887722001,-78.082260656965
-108.52494601542,-3.6743780650114
-108.489786200342,-96.9823366937575
-108.467689666682,89.0877923373717
-108.437038359741,61.1224801505778
-108.340532951878,-92.7512475800599
-108.225190369424,4.62025499221011
-108.096475982709,-88.9177004829185
-107.982474138154,-84.5477402689659
-107.956277591824,-19.7968453659275
-107.870828803936,79.082230617581
-107.811542468036,91.6132702988044
-107.466038492377,83.5593584426574
-107.454675273824,86.6677581105272
-107.432735187359,-71.6390856197437
-107.177284569982,22.9588901671737
-106.974176652404,-95.3502134928177
-106.847974872624,-47.6524069031102
-106.626716152658,-97.7054576409422
-106.548643821986,90.2932052363158
-106.039273722968,92.5369997990972
-105.936078450086,47.5545308292057
-105.491627719623,-91.4315149467298
-105.324402932296,67.8791003971365
-105.099210805062,88.3523615933493
-105.054938216481,30.6456870147356
-104.770918345892,-31.4747754300933
-104.74936520318,-98.3906365419568
-104.722834909705,-94.2659521590116
-104.657923449067,-96.6457964936243
-104.505151670914,54.2513101049561
-104.487274572408,-39.3883246109943
-104.255298971092,93.437946713856
-104.181820840904,91.1851428354447
-103.517334546158,81.3340648445515
-103.500054495275,9.80059661115522
-103.418167250111,-87.2663756525052
-103.185939523087,85.5086338425022
-103.149763548393,-81.5003740360993
-103.074603234837,-54.1066046062186
-102.87908728553,-23.9888314266401
-102.858431102277,-99.0373742988765
-102.742174662771,-14.6968663558859
-102.648050983057,38.6794189608054
-102.522754778121,75.6517855888663
-102.459895943588,94.3158502638025
-102.453488753912,-97.2719437084942
-102.396297795686,1.04841895982479
-102.192108149935,-7.22937827746403
-101.947598766367,17.6254956647413
-101.940846728728,92.1876897741423
-101.938669559516,-60.8053337014759
-101.90708262095,-94.8951807721227
-101.895211964504,89.0888610411851
-101.829586214069,-91.5800572006151
-100.954629401192,-99.6451795031038
-100.76954283622,61.2311572501638
-100.734899874891,-67.8403129149089
-100.65332439894,95.1704640382095
-100.394139951946,-97.9303350462886
-100.300704184513,-46.4618059478859
-99.9838146230786,-74.9367169575109
-99.7744155340045,93.2997392819175
-99.6428842922317,46.3252208332498
-99.4861152901258,25.0330096839885
-99.2291817534806,-95.7969163595292
-99.038735468612,-100.213787242886
-99.0010511438002,90.4612033228329
-98.8358505190501,96.0015432822274
-98.6720882849226,81.7961835892866
-98.6444828410051,86.4311109457611
-98.5379356295439,-88.4472639747674
-98.348209325333,-98.851426662445
-98.2631012981362,-93.0639210757465
-98.2190145577795,68.7896198371749
-97.7881401508133,32.6298947485907
-97.7757043246677,94.5126230130581
-97.567563563762,-83.380583903041
-97.3414020185164,-34.7623409773942
-97.2543577812612,-19.0214361357805
-97.2472501731649,-27.9584102349745
-97.2432640206714,54.3206446729015
-97.1119206227799,-100.744132178825
-97.0077439239966,96.8088463912411
-96.9571254463326,-97.2095425696842
-96.4659150157102,-41.3689983169949
-96.4484653778596,5.28099042077
-96.437892910438,92.2299921802526
-96.222204569086,12.2338029569504
-95.9340394055645,-2.58311051970546
-95.7090908070002,-99.3977041974743
-95.5414013659707,76.5143772360161
-95.3917505813839,-10.8693527096355
-95.2927284699467,95.0263498612371
-95.264593907769,-50.8932382059406
-95.1749360371344,-101.236025817082
-95.1704510265209,97.5949323971625
-95.1493143569725,-95.3447727588623
-95.0366679371459,88.7149739376269
-94.8645284522765,40.2417019047881
-94.6760103956115,-91.4217612709726
-94.5411793247169,-57.0719209559102
-94.1831975946797,18.9111130541299
-94.121118006334,-63.9680538842108
-93.8187693376935,-98.3224608744172
-93.3895826026484,62.2857129070288
-93.3257369637601,98.363432740245
-93.2382130341205,96.0874276128621
-93.2284898083156,-101.689020632501
-93.1151132965512,83.7530419486614
-92.9486005768119,92.4366955815698
-92.8184418110149,-78.1946728702877
-92.8163062258309,-100.134387855148
-92.780476376902,-71.0405695601434
-92.6414028617999,48.2577211517924
-92.399483554708,-86.7019658872173
-91.9813148235793,-95.5705286234171
-91.9694683941203,26.3949971505697
-91.4735293293816,99.1144460880968
-91.3817414355886,-24.1975459472014
-91.273308218432,-102.102676783456
-91.0280149646883,70.0248298884676
-90.8092739315947,97.3838387387684
-90.7789129506615,94.837340751264
-90.7190889410816,-45.406628556472
-90.6068939028099,-98.0817655458943
-90.5390323694309,33.7177403071277
-90.4957110562426,-91.9975203902074
-90.4503376106072,-100.465082185995
-90.3717651837356,88.6350243539102
-89.8394986565073,-16.96304279146
-89.7007350512516,56.1637764608293
-89.6143769852189,99.8478026452969
-89.5484891761272,-4.36818786450855
-89.5203744461641,-31.1253565245861
-89.3835670344453,-37.8780686727341
-89.3807545001219,3.68912150539787
-89.3101360056173,-102.47656271114
-89.2667457878382,11.0503535251581
-88.602879593811,98.2852159819767
-88.4466509510212,92.4938479301044
-88.4445542299178,78.4071482598421
-88.2248697619962,-100.841533221503
-87.8722715256011,-98.4795523492525
-87.8632374346703,-95.1526173053465
-87.7484892101133,100.563483486694
-87.5657303664519,96.046663214001
-87.4391692166612,41.9198213066221
-87.4025675832024,-10.8846756022436
-87.3397366234806,-102.810255769713
-87.3322782052848,19.4577265608526
-87.2945171323189,-83.0526256018675
-87.0027246845039,-59.3143922602478
-86.9614351919752,-51.6372677602135
-86.5662853582948,-89.8302725449002
-86.4741626781062,-66.2526637456754
-86.2216811411818,99.1072020562927
-86.1391287090767,84.8236973906017
-85.9918976153877,-101.013731819034
-85.8760765817738,101.261476689221
-85.6451155602376,-74.7738647066598
-85.5884112262653,64.1583488334547
-85.5518900126956,49.1803346243497
-85.3628924875609,-103.103342888127
-85.1574385224981,-98.1494761810564
-84.7663689083151,90.0523258621129
-84.4462163106043,27.1852742798024
-84.4125789639869,97.5567448340714
-84.2206373466097,94.3927926463377
-84.1551139746554,72.2526593962592
-84.1479976771485,-22.2183828615396
-84.1097051260098,-94.2857752729935
-83.9969141237212,101.941933254716
-83.9930171238447,35.1540319084666
-83.8834092263797,-101.1161385848
-83.4824323532803,-43.8559194291544
-83.3960448903403,100.069534063039
-83.3804052067651,-103.355421264435
-83.1412718439005,-0.629095869918625
-82.8587233553223,-28.8511484077381
-82.7754442104383,13.1028113712164
-82.4668828433567,-98.3269820228641
-82.4193735115873,56.6506035228686
-82.1114155928549,102.604772175662
-81.9846278412123,-36.5176223751009
-81.8688381484325,-101.591602239813
-81.7499557960173,-87.9664497575046
-81.3930957976251,-103.566099093277
-81.1356423378587,-7.63683189649262
-81.1280956721589,97.3941449219963
-81.1120995948017,6.26980835314665
-80.9873459699043,-15.6909205609549
-80.8272972217771,100.712272183916
-80.5455528234872,-54.834415685306
-80.4865259580721,-68.9524011494239
-80.4599071939908,-80.3670657069937
-80.3802210397059,-92.7360662810152
-80.2393705990407,79.6021379163761
-80.2200076106973,103.249924318463
-80.0568986831182,92.7936467729082
-79.9040015581303,-100.015602444418
-79.8433526445788,20.3748423325469
-79.7644406431979,-96.6093147248687
-79.5180083939463,87.3836093696282
-79.4517568123863,-102.208620782912
-79.4238365604145,41.3575017629456
-79.4018048790674,-103.734996327186
-79.0959348932136,48.4339721419467
-78.550323233522,-61.3370976302249
-78.3228303038409,103.8774303017
-78.3200262050517,101.988753074624
-78.1684897671486,-47.9385349468192
-78.143716149587,63.1565587781278
-78.0611792430751,99.4193820930874
-77.7465091752567,70.7541682847134
-77.7365094078214,32.6044258453831
-77.4073928452445,-103.86174547225
-77.3163520811522,-102.07996907283
-77.3069119204276,-99.6594123480695
-77.2801280492648,95.8173052109833
-76.6554071312584,-74.4880240105874
-76.4194862476968,104.487504835074
-76.1960531726097,-23.482813806347
-76.1649951849252,26.2897373897678
-76.1273548349737,-96.5045850740774
-76.0849837031728,-92.4066666825786
-76.0344621773056,-31.6232153485272
-75.9441734389152,-86.9023337594063
-75.6721423847164,-1.15767942647159
-75.6499258948779,101.83019117705
-75.6201763989319,13.8561682906648
-75.4107253815288,-103.946023533961
-75.3511472241747,54.3483472165887
-75.2246223394054,-40.6037830215997
-75.1152561838228,-102.261856215217
-74.6556950391128,-100.042321372523
-74.511100875081,105.080794809808
-74.4629355814183,98.222416250585
-74.3751503884008,-9.24828544052122
-74.0795344323798,92.0843760942899
-73.8067893354509,-16.4851960815985
-73.4941494364724,103.371515076968
-73.4230151837503,77.2665802519944
-73.4129493859441,-103.999100698962
-73.3879909518937,6.72317952830249
-73.2246633798047,85.511535335274
-73.2034914454875,-66.5555073895425
-73.0846590581903,-53.7252782743313
-72.8002478985969,37.0652821777915
-72.7251936375759,-102.478543898336
-72.5984098931654,105.659209865107
-72.5729408313827,-97.5499203024897
-72.2580019360448,100.755611744045
-72.1583701509251,-80.4397529349998
-72.1094182263887,45.8798635050314
-71.8748742374751,-100.592238031973
-71.7398301990429,-93.7836267673249
-71.4576474532073,60.6692740493941
-71.4145493751902,-104.03027720531
-71.2484817630822,20.9282863563356
-70.8180970547754,103.763473952693
-70.6808790993601,106.223160634718
-70.6778859927281,68.1780323460767
-70.6480354086042,96.2958870940995
-70.5913947747491,-88.8813293592257
-70.0887944477846,-35.3660884835134
-69.9972784052013,-102.368859366833
-69.9119752366674,-46.344816190306
-69.8484807572866,-59.3541329509189
-69.4159289722989,-104.039515155729
-69.3705403924072,-99.7279241455657
-69.2534478441992,-72.637724935798
-69.2342883171994,29.3741139004515
-69.1482143356457,-27.5056162701283
-68.9502618747415,100.774982298551
-68.7594898676296,106.772545978538
-68.6144899750627,-96.6160591289492
-68.5134619588269,0.977491847064297
-68.2260299623379,104.39070159456
-68.190908482698,13.2054734894316
-67.9903025993,53.5314958670181
-67.7377602044412,-5.89481966046902
-67.6326608561003,-102.230089901859
-67.5495636040847,-20.5532590033871
-67.4173590938339,-104.026791052057
-67.2789256180075,90.9757521809839
-67.1074626727996,74.7175483260697
-66.8811909505156,39.6725720370466
-66.8340043254443,107.307631784856
-66.5494888404334,-12.9869723224494
-66.4981775815928,-92.6862995798923
-66.4918769673911,-99.7725429908433
-66.3549314802363,82.7503118985223
-66.0017252339167,-85.7521629523643
-65.9973183614294,97.207302404043
-65.7128243222305,101.993935180192
-65.6360533930627,105.316507072035
-65.6043615743439,-40.3696850031955
-65.4246321564164,-64.9929558135241
-65.4191178200987,-103.99209221025
-65.2066530279582,-102.233324641659
-64.934589087099,-52.0084366975232
-64.9045156513773,107.828589260889
-64.7457117703439,-78.5491375704592
-64.6702614364581,-96.620677000588
-64.4604413714043,61.7488382230169
-64.4349226096504,6.5632092673561
-64.3217844178182,47.2873904986312
-64.1313555518422,20.0518906559961
-63.582450547894,-99.8061410358614
-63.421490137345,-103.935417702629
-63.1510557536662,106.36186598612
-62.9716268467765,108.33546163681
-62.8197135163701,33.6146710121627
-62.8034099930301,-32.3897360167268
-62.7474530894765,-102.115181439291
-62.7103152879804,103.794734030108
-62.2353930525039,-91.1695291576655
-62.2176107349379,69.0047964561961
-62.08193817685,99.8537119565311
-61.7231917570668,26.3551459128036
-61.5915203159374,-71.0140959668571
-61.4247676133536,-103.856779337137
-61.3481940188971,-95.7411076784531
-61.2679250226119,-57.8751166457552
-61.1908091409448,94.0623482638342
-61.034708542952,108.828620105068
-61.0097600643995,-24.7344898522521
-60.9993349617601,-99.1693996422968
-60.8125872205423,-1.65139182466911
-60.6512558458094,-45.4307257729207
-60.5746824073028,106.626457168757
-60.515668573163,-101.834235772669
-60.4637438832161,55.2084311279472
-60.2894761447497,77.4862135580714
-60.1482424854069,12.9318629867456
-59.7720579458763,-16.8885332163465
-59.5517338409173,86.5045762055187
-59.5160277928009,-8.9233814843899
-59.4290414254525,-103.756191121727
-59.4172131131657,103.614814330385
-59.3649814641902,-85.2246708553655
-59.3446697484806,41.2258731225829
-59.0947994095358,109.308010970695
-58.303853839442,-99.449223703761
-58.2375862693692,-101.908585219254
-57.8896352650212,107.063683455823
-57.7036236390344,-96.1778726907433
-57.6912154407656,99.3339782627077
-57.584076802204,-77.3370571830589
-57.4780328168124,-91.7885604757161
-57.4621096090867,-37.8615164381669
-57.4339707923374,-103.633643457737
-57.3328813386947,-64.1109229533037
-57.1512085414392,109.774019235468
-57.0683641222554,4.22451901761171
-56.6094758418585,48.5414614204605
-56.5050489694611,62.9110758532069
-56.0649063515298,104.011081354918
-56.0492107359617,-50.9265827043106
-56.0222884443705,-101.550330283106
-55.8922435051606,19.552224175432
-55.4406305791637,-103.489224179455
-55.281753043735,-98.7622925559407
-55.2767109642014,34.6283455845377
-55.2066312143757,107.710283508854
-55.2045873143028,110.225469628089
-55.0757981585714,-29.8680785670351
-54.7629787951116,70.6722134971126
-54.761172395658,27.7966600500929
-54.7388395652349,94.0804220809809
-53.8713081252433,79.177375104767
-53.8222469320274,-101.437023930661
-53.7223299491783,-94.9149354684658
-53.552591643227,-70.8504727479271
-53.4679282694254,-21.410016453065
-53.44933636439,-103.323003938263
-53.423690791395,-88.9790754164965
-53.25238039448,110.653595757856
-53.2235287386885,10.5422919984217
-52.9839871063073,100.286050434506
-52.8895950385057,105.051271935791
-52.8621586768839,-57.1069509242728
-52.6834045187149,56.2686958828526
-52.6301934249814,-4.16897769933096
-52.5403735693409,-12.7529250165663
-52.4957968824007,108.670049089778
-52.4930222986628,-98.7434321034946
-52.4724806207746,-82.3848444154377
-52.1846164172103,-43.4710231750749
-51.7454700944697,87.2319873670581
-51.6274285887015,-101.484531549749
-51.5363343516635,41.3132110124591
-51.4605430961826,-103.129423483033
-51.2950460127242,111.056286440807
-50.3388753302339,106.683867109981
-50.1313517259243,-96.7492060228837
-49.9475671928982,-92.2631045907169
-49.8867978761667,-100.29610604694
-49.7210364382475,2.57588673863492
-49.4773033982263,-102.883350487284
-49.4424183350916,-35.5448176595743
-49.4073603661955,-64.2630527525678
-49.3793995873211,109.49964639408
-49.3585448167938,48.8413496484854
-49.3323586952244,111.433549652053
-48.9942819899074,102.551360390806
-48.9047506533624,-76.9530380069564
-48.8700998443707,24.4152691580376
-48.8070543046969,15.8441168855678
-48.4435654514826,96.3001186071765
-48.4266989501199,63.9668574591541
-47.8554761972612,-26.9351530435614
-47.8091919101313,-101.098295157823
-47.8065364241986,72.3416000468317
-47.5642922600992,33.1490073665955
-47.5620283698225,-49.6015811639757
-47.5133656296231,-98.6179365650779
-47.5017775300517,-102.581731262546
-47.4815902038547,107.115158131247
-47.3652203229705,111.785175525882
-47.2653575892228,-86.1779955433467
-47.0277506336224,80.7129931302127
-46.6247747435925,-95.4143039727235
-46.4547723865339,-17.8661042539922
-46.4169081021684,109.893724340287
-45.6219514719632,-8.66855028259981
-45.5355332785038,-102.224548358725
-45.4824282184122,-100.443701457196
-45.410021943426,104.284947384186
-45.3933667713109,112.111175834335
-45.3922686970268,-91.5278767090839
-45.2563652038107,-57.4198495156732
-45.2252764080919,-71.1402971562506
-45.1419366894725,56.300006349136
-45.0992667595443,8.30837969568843
-44.6552794680851,89.9195972365337
-44.4442800198386,-98.0824594842404
-44.318454381795,40.820049344773
-44.1101732353137,107.825215679138
-43.9562055964389,-41.629095314349
-43.7476267103671,99.6852303521654
-43.5801692468466,-101.811833483618
-43.5606873889043,110.459689703886
-43.4176512466076,112.41137404104
-43.0243495935952,19.5708549679582
-42.9790468762462,-99.9579572338217
-42.8667023501894,-0.615322669955737
-42.8398434535252,-95.684750737561
-42.5421384376139,48.0146635550248
-42.4355171713823,-79.9313973709858
-42.0213834053505,-32.743315753683
-41.7500286367315,27.5118524356725
-41.7025416538242,-87.183810800381
-41.6373561541261,-101.343682469424
-41.4456131860279,104.656060447452
-41.4380522736191,112.685742704956
-41.4043574702156,-64.7121130407733
-41.204813508135,-98.6661391735262
-41.1492199725015,-92.3019302318017
-40.97518604121,-23.9756593480857
-40.9636046386461,108.504335474953
-40.9388518953088,111.013142931575
-40.9300296787492,66.8529500154877
-40.7994480106295,82.8206045294246
-40.7432747063424,74.7406151476071
-39.9151240231698,-51.559276554042
-39.7087088770235,-100.820229721577
-39.5878236753091,-95.8307881734461
-39.5513955661129,-14.8410063590304
-39.493210689949,13.2972028097926
-39.455074365979,112.934178876486
-39.2102564803432,35.1598766349953
-38.9325056521532,-98.5766207571185
-38.8181082977698,95.6602428390811
-38.6770841838761,59.8696000821943
-38.3743652091732,110.498701755949
-38.1369695703867,-72.9855902787565
-38.0115636691289,106.775404417625
-37.9711394406655,101.625504395034
-37.7958528918963,-100.241661329373
-37.6191727853976,-91.292475451479
-37.4955164768437,-7.24035305839584
-37.4691029954842,113.156606978882
-37.3872417760552,52.3115517168155
-37.2800995857879,5.92684739797289
-37.0603041371798,-58.507192474037
-37.058770123519,-45.5128785870898
-37.0350696366067,-85.5749514626185
-37.0215512006493,-95.1497751745622
-36.7728565086702,-97.8897558460559
-36.3116594777108,87.9417230045101
-36.0935418607239,-37.8400279425266
-36.088230826987,111.441349829342
-36.0541737891344,43.0995472587694
-35.9004730300975,-99.6082344906246
-35.9004183768612,20.8871604686662
-35.4803309556614,113.354656264628
-35.4415657489912,108.795311996828
-34.6233789537961,-79.6984128547536
-34.514902792747,-97.0450990499405
-34.4690367339276,-29.351897063251
-34.4486964340361,-93.9215974144354
-34.2770572644664,104.727790320707
-34.2630281304473,-20.7076639039985
-34.1854869956853,28.4546767829096
-34.1778360416686,-0.917661433880248
-34.1463429010415,79.1835493124084
-34.0242101255796,-98.9202486526845
-34.0118112839415,-89.7199437656854
-33.9073042750158,-66.8507555930345
-33.6176143669223,71.0665659379409
-33.6071266065667,111.364569628163
-33.4899989321755,113.53385877275
-32.3344984491968,-96.0059348703291
-32.2935040197411,99.491628505204
-32.2640134438781,108.432945032245
-32.1937225147058,63.8021023618126
-32.1686303968006,-98.1780271313564
-31.8252927735243,13.2117817164003
-31.7395417986558,-92.7791459114609
-31.4979781640416,113.694785751643
-31.456019217648,-85.2903013911191
-31.3000499221655,36.3000468477397
-31.2811462258721,111.787951379435
-31.2540178971366,-12.2383587841741
-31.0903871022805,-52.2833971291094
-30.9336579932561,92.54025520222
-30.6654173375783,49.063835007987
-30.3885336885047,56.3888552475128
-30.3255723972553,-97.4030919056109
-30.1144901578509,-95.2400142507414
-30.1048983479744,-60.4416797953063
-29.8968712248288,105.024559679826
-29.8705744265839,-89.2362589724081
-29.5783602259508,109.582050315795
-29.5045594914725,113.837520479309
-29.4973666952286,-44.2420169299696
-29.3976181014171,-73.5438852275898
-29.0497849068935,5.96127410736942
-28.9065939339353,84.2545139302334
-28.878966385477,-92.6516336441261
-28.7398913372384,20.8709525882472
-28.7014825722426,112.074596743178
-28.6187468519251,-36.1060142541917
-28.4796857871995,-96.637682383917
-28.0034643737444,-81.1840111932536
-27.6311458032376,-94.5267410904787
-27.5100784085957,113.962149519091
-27.2876077092682,-19.9651761065948
-27.1563634867222,108.168013805595
-27.1557774220778,43.2611180900254
-27.144506681293,-2.57623852431793
-27.0666523443224,28.9175654171075
-27.043660191887,75.7651758379267
-27.0020548062105,-27.6515686735666
-26.692101470289,-90.6760666868653
-26.6278292430215,-95.8854914132565
-26.5206432541349,111.428689230126
-26.4702189398044,101.727462065458
-26.2850660211145,-86.6149867311653
-25.6472538483104,-93.3075501439976
-25.5330843882902,67.9080923644548
-25.514387962742,114.068790099368
-25.4397241279737,-66.9010828759621
-24.9973187795565,96.6551717920681
-24.7694458801478,-95.1508653237828
-24.5341209010528,105.428218783149
-24.4035229825986,112.171947178093
-24.1997594034839,-9.47075949893674
-24.0441202122743,-90.2413639020157
-24.0145818278344,59.9152657738028
-23.8310447858459,13.5245873275739
-23.7768974522119,109.285394637197
-23.7361988817865,-57.9957673597376
-23.5178471103861,114.157528528749
-23.3788557966266,-92.7531849867726
-23.2008860614523,88.910355200204
-23.0921412916978,36.5606578557323
-22.9666693322546,-77.900197674373
-22.9029036394279,-94.4383871575019
-22.8931332006818,-50.1009676049358
-22.8185538870803,-83.8349766217024
-22.7881812928944,51.2810779978186
-22.139941853159,112.150295202453
-22.0612359908497,-88.2529319603646
-21.8557710685632,-42.1558762360095
-21.8253965329725,4.68178925524562
-21.5877355036918,21.9394426476392
-21.5207009703491,114.228461772624
-21.4536711101932,-33.4940152018173
-21.3054668501161,80.8492925532409
-21.2893044519763,-16.5399099149115
-21.1987809054042,-91.545253823971
-21.0250430416237,-93.7528581867742
-20.7468336799295,105.770090722863
-20.7018049299087,109.756198258226
-19.9236263644941,101.104184251566
-19.8912603801069,-72.4805079691764
-19.8714287417024,29.9153210444247
-19.7727591354338,112.523447376793
-19.5229293465842,114.281695277317
-19.3055257242051,-24.6251821696203
-19.2956905906603,43.3700130282148
-19.2835855125482,-86.686599411827
-19.2314525323407,73.0432969066373
-19.1515773355138,-90.4154607635946
-19.1357992830318,-93.1010705352395
-18.8476360154425,-2.48944626722325
-18.4448416166185,-81.661538412831
-18.1795693829581,-64.1585819026157
-17.8866900346813,108.26369970867
-17.8294005982564,111.657370784906
-17.7377767055686,65.1696218971398
-17.6538894059113,94.4885378583632
-17.5247122492096,114.317386376115
-17.2331687217941,-92.4899567268472
-16.9093235114044,-89.7604098917801
-16.6086991096125,10.5775477300106
-16.5835956378741,57.1634216211911
-16.3712770124376,-86.3444954480762
-16.2833006311547,-55.9654176000811
-16.1001453327312,-9.92247348610156
-15.7403303308108,86.1149582924807
-15.7183743717976,104.923860137868
-15.6928109058421,112.575044961361
-15.5263509949469,114.336670507928
-15.4819106733003,17.6497698098292
-15.3156101110235,-91.9274860961388
-15.2837148234126,109.64015011998
-14.9929397941415,-38.9490317135298
-14.6293789130912,-77.5487439715368
-14.5940404386304,-47.8815226139795
-14.5008292788794,-89.5998371749155
-14.433474071519,35.4564591988414
-14.3255459527225,-31.2417622750388
-14.253401289019,49.7256077799746
-14.1162122699505,26.0937641329727
-14.0928599197335,-83.1342752836595
-13.663946175993,-17.8142468771091
-13.5279563804625,114.34003226881
-13.4785530106285,-87.1763261327859
-13.3991267954933,112.187143224581
-13.3799429243469,-91.4309045327163
-13.2901425677012,99.8717548247992
-13.2522779576106,78.3834129480851
-13.100940653296,4.21218816432842
-12.6509152852698,108.873960335952
-12.3716776284506,-70.2918269983892
-11.6490638121214,-89.2235877423676
-11.6323137277991,42.7772157146247
-11.5294544995492,114.327581972613
-11.4520856254625,70.4568073255308
-11.4191057535825,-91.0498400332779
-11.2933039503565,105.414474192108
-11.2235141142205,112.150648510186
-10.8610847560334,-85.9074971411492
-10.6929693688125,-2.98726365474286
-10.6077649431089,91.5528590297572
-10.4220699819153,-62.7250231397546
-10.4164547947502,-25.1233874455726
-10.2224574107962,-81.5955780834374
-10.0187996796306,62.499578581493
-9.60803416284581,109.70264635563
-9.5311518825963,114.299425629106
-9.43566438370198,-90.8072864616844
-9.12605313755107,-88.5894416937842
-8.89387648007491,112.49220343724
-8.82684984840743,-41.8174766539089
-8.63942773549616,-54.9616726121433
-8.52904747357421,54.6439609585609
-8.48523720664451,12.1461281934434
-8.40393139626692,-10.5490381960397
-8.39533509728142,20.9112076621205
-8.384934015566,-76.386312201385
-7.85221255632048,29.9979532204322
-7.77095753821219,-85.413143461874
-7.71789427817086,84.082294810497
-7.64030228731486,102.838534113255
-7.53317383881309,114.255664809414
-7.43979444293938,-90.7202001725231
-7.38150040920019,107.651687133966
-7.02193466658847,97.5182370887491
-6.96243774676474,-33.6799632270653
-6.85834038864882,111.590104202619
-6.60049519748967,-88.4709761413552
-6.11233604643008,37.9731746247982
-5.72104864804755,-81.5527934867483
-5.71950828698391,-18.1995659930685
-5.53562360539886,114.196394339138
-5.44507798171116,-48.25016934231
-5.44364930234355,-90.7991907112719
-5.38766524316487,75.9509592343746
-5.1813120609913,4.39322999862497
-5.14142956993676,46.8413582501663
-4.65519259375031,109.430513094328
-4.59298473492875,112.309668251383
-4.5416768479375,-85.7052286581539
-4.45215281099944,-69.8465872907632
-4.14882001568392,-88.7783959103824
-3.82905003824407,105.095957422056
-3.65098726360057,68.1509838228051
-3.53851397533958,114.121698107196
-3.46123940137,-91.0461592368995
-2.93431695933524,-3.10282603977374
-2.82939464493486,-61.9106815096725
-2.6984758160718,-26.1722852864945
-2.64716832873158,90.5139404232596
-2.34931405981668,-77.1661834203288
-2.30499189773774,111.868229834511
-2.12904286599094,60.3255575729008
-1.75795119305302,-89.5121051444483
-1.73317545314036,108.85516889431
-1.69605652391861,99.5595318318573
-1.55380958738392,-86.8464566292085
-1.54204643185448,114.031658768422
-1.54203266541344,17.0931409172903
-1.50525044857562,-91.4537108748078
-1.493299946108,-82.7966192054
-1.44349748722444,-40.3622277847169
-1.41189403656506,24.8502530742873
-0.818621881805069,-11.0147508295439
-0.810607376455064,53.339333809119
-0.394075069210536,81.8491703356748
-0.218550143526837,-54.6376125336134
-0.206129607805474,32.8471212666139
0.0449911552014095,111.935735239744
0.14352564795562,105.058934105038
0.205668779322709,10.2863777130186
0.41435177151241,-92.0065043222979
0.453721513580994,113.927269461378
0.700736126464942,-89.4265597488285
1.10093678972766,109.326122254025
1.1039504990491,41.2625183084432
1.50139962917711,-33.0433390975382
1.53769356741167,-86.1623757961649
1.92620802450078,-18.9593515260706
2.29598320915267,-92.6790108133215
2.4499119122829,113.832736950174
2.55749167396975,112.149575969568
2.59832238586866,-90.9243682668585
2.63550082567469,73.3989894822943
2.66353358964728,-81.5852274482277
2.709987654608,-47.1836116817916
3.07949734903624,-68.3180896116227
3.12773228494766,-76.0774621688398
3.51744203280187,3.3116485249508
3.61072476145486,95.8968034139452
3.6795432120566,106.900790692513
3.79123670837991,101.986232090736
3.89902391928112,64.6473908419332
3.93916646867756,110.245829592501
3.99124587602811,48.1458479400741
4.1052090234298,-88.8279378033685
4.13967299577294,-93.4499642284928
4.44700942630035,113.758906571236
4.56814902586915,88.4180421321101
4.6889657248608,-4.43423001065615
5.030291030495,-91.7189765140937
5.3160547331365,-85.5328499666536
5.34530935671501,-60.931323859232
5.53974652822628,111.993104267865
5.61735011358265,-26.0212402557
5.85609562326055,27.3674096449602
5.94685116236993,-94.3025579131729
5.98654369348716,19.615573556357
6.44474696222636,113.705834994264
6.45791046982595,56.4875087180495
6.58987457966587,-39.7589491654945
6.69129367403187,109.176793565124
6.8546629342873,-12.35510391488
6.9247856574048,35.8162879220876
6.94583797929464,81.1069335793021
7.22261592009583,105.324736158558
7.30355713070433,-92.7772400781655
7.39246156718423,-89.8702587534199
7.72074289481143,-95.2219817445347
7.76001613405302,12.3039782371253
7.97003754924361,-53.7022407362603
8.10103203024237,111.710581289832
8.20681822999506,-81.139060658763
8.44290702040677,113.673378842405
8.93206768915491,-86.5193267344028
9.09121354986579,100.150643787805
9.46576752301885,-96.1958808857626
9.55306538173673,-74.2216400405709
9.57407153397232,-93.0060027027853
9.60841300613365,108.863605607797
9.93629468214417,42.7123762814175
9.97744289143039,-32.8796329953109
10.0854410587319,68.4072841798959
10.2761377294633,-19.2895452781694
10.4413239680758,113.661201193193
10.4759006697985,75.64995744885
10.5966350806399,111.769736452557
10.7052756199275,-46.4467388415999
10.9808490973182,6.24444621481252
11.0476504543022,105.108053253045
11.0609193098802,-94.8206079196545
11.079357475689,93.971721133067
11.182919051938,-90.0494565566064
11.1866588004041,-97.2141342008663
11.2090911989121,-66.7719641215701
11.7238375005548,49.9441115698986
12.0391646719915,-0.329905064446308
12.1456279032078,61.3548052192296
12.2699525743032,86.9660281793985
12.4398515058199,113.668782269071
12.4437249014226,109.318775884105
12.5057523501982,-6.9252810243765
12.7039255907768,31.2312359590831
12.8841794153842,-98.266090785014
12.950533222206,-85.3995593724013
13.0807013360101,-96.0870778646197
13.2023456245072,111.728425850034
13.2372617041896,-92.7879001690934
13.4687122329953,24.0676532482447
13.7122980055923,-59.7950312036627
14.0378143762792,-26.3583413973532
14.3628259394919,106.435106562101
14.4380906750137,113.695427752704
14.4729262243758,17.1558707234262
14.4867133294882,-79.8260920999997
14.5292717427954,101.191358077049
14.5661796304608,-99.3471813356407
15.0627620621863,-39.4801834262549
15.2709017443776,-97.639163920061
15.4807891700526,-95.0977752288605
15.555862761537,111.859314257512
15.6226576933282,-12.8525897788246
15.7274385970401,-89.3748496105248
15.7504332562683,37.9434282836802
15.7515812194071,109.416762746776
15.9810194891433,55.0503527821024
16.1621690288807,-52.844331466501
16.2215477317083,80.9447211225866
16.2342694835968,-100.448608437228
16.4359391966983,113.740287875501
17.0291322923507,72.0854104927269
17.1245346750156,10.219906060563
17.2095329379592,-98.9902425749653
17.2442890437699,-72.1028741531197
17.3371245156786,96.0118851400688
17.5449141929246,-92.7435964932599
17.7109614384701,105.258288208259
17.9152780954643,-101.529206598983
17.9762777753485,111.870920906806
18.3095410109711,-96.6542299784397
18.4336589610434,113.801220683034
18.541547791848,45.4753636250121
18.5453213870882,-45.8312004601993
18.5480393698682,-33.5727223007372
18.564697084135,-19.6037647883343
18.640140082049,109.291322869557
18.8453501745642,65.0103499209832
18.8743997961461,-84.9005284409238
19.2556967115304,-99.9314988237771
19.3941802152636,2.92514943768429
19.6203890534679,-102.571697271374
19.7170782202026,88.6117490864615
19.8180723329881,-65.0592596727396
20.1910382858408,30.3996323176371
20.3029316259507,-4.76639105301119
20.4317973132494,113.840832588269
20.4385808841811,112.040147540981
20.7310769120291,101.395123604142
21.1719984101116,106.731242561417
21.2464582427649,-101.188355806266
21.2592039546133,-94.3398464232038
21.33199768411,-98.0192757301878
21.3483545970617,-103.575868184778
21.4189539944277,23.211258744966
21.5540061305033,-89.9506465635723
21.8536760025025,109.886154907225
22.0998779453775,-26.664936393901
22.1690845440762,-77.9421175433456
22.2384441574415,-58.015468114705
22.3490316553981,58.8288406562736
22.3509888794505,77.0079547424133
22.4301796388321,113.841739444167
22.7286255437079,15.6057524990812
23.0978408876386,-104.541494524756
23.23408883839,111.930972941409
23.241777990629,-102.428784927203
23.2544882858221,38.2006120623626
23.2625576149398,-12.1401128265801
23.3888712422108,51.1683715406434
23.8646139544285,-99.6636075157452
24.1759645781593,95.2200076113301
24.2172748069986,-41.5202437389763
24.3746131131841,-50.4442225762736
24.3784382967218,105.166360664057
24.4282791457928,113.804087107841
24.8638946307683,108.90761140509
24.8681404685882,-105.468714076176
24.9171235713743,-95.5358044473133
25.0261656596382,83.3593538775191
25.2289089172545,70.2355115167156
25.3324253666974,-102.925027565722
25.442907703556,-70.7998699624465
25.6336849721888,8.67340502224203
25.6368491854206,111.68550694224
25.7614656265579,-84.6867775158194
25.9601135056288,-34.2556349892168
26.3318292844836,-19.5693157903968
26.4253600856032,113.728026308872
26.5519564394474,100.878720675184
26.658196165614,-106.357470710653
26.7898169487691,-99.6789281817369
27.0644055598218,-104.767459980446
27.1609065417273,1.108851933074
27.3962711759016,-90.7636640894066
27.400981719195,43.6518820047448
27.6397228306634,32.286003343738
27.9349089515652,109.390268780903
28.0804445738515,111.875557595307
28.1874438965878,63.9629430975889
28.2555607862951,-102.683987398174
28.2790480696369,105.917970703196
28.3433728905328,-63.6893332659616
28.420492605285,113.613732350591
28.4669383087755,-107.207718478374
28.8322534232022,-6.02665763961896
28.8498842574674,89.1855545473498
28.9426369893378,19.4196824265119
29.3212239900627,-105.602252284329
29.4513141832473,-96.2099730593276
29.5423416664019,25.8113902848292
29.6993053687951,-27.0683784775921
30.0395700045696,-77.3166238697364
30.1228506216049,56.814699590503
30.1688458432842,-56.3234743361654
30.2092453335949,76.8321865294256
30.2929899910525,-108.019297070957
30.4131233711019,113.461375162965
30.4504977659299,111.636642455883
30.6969057670177,-100.377944513214
31.0019948855646,109.117195436958
31.0545232644089,-47.9603228745107
31.1937805629168,49.0958144589033
31.2337170893378,-103.837375752391
31.3117754050659,-13.3223132069464
31.5286259928606,96.0102291289166
31.5944165658481,101.79354514748
31.6266470007259,-106.66983987738
32.0709563985606,13.7909013437408
32.1286207761085,-40.6516483218425
32.1357593807017,-108.792415451949
32.1823887200546,106.044723026231
32.4025777547606,113.271136150993
32.6919280382583,37.9430509910235
33.0739843148845,111.030405869732
33.2817045997841,-92.1572156556007
33.3928486456485,-84.4393523627134
33.4545471233446,-69.9270905250289
33.6063946470466,-34.0257321834302
33.6789830467529,69.7847667958411
33.7591252241472,6.69747163756113
33.895066879914,83.5333004298197
33.8988620771529,-105.56579186278
33.9942713099666,-109.527108882342
34.1569981853169,-107.766977973063
34.2363221628987,-20.9566372078173
34.3620114718745,-98.2050734770215
34.3728164207872,-102.406152574665
34.3879428085363,113.043234956136
34.6178471361446,108.112447599001
35.4019237020441,-0.421105139172914
35.5193716534384,110.957207223972
35.8676522524888,-110.223453330093
35.8745879227664,29.944069976529
35.9564392748832,103.591978297045
36.3151723333935,-108.18050239015
36.3686885011984,112.777863705429
36.5446793922388,-62.0071065505594
36.6055569434781,62.3266232122116
36.8207808651341,-105.420065462125
37.0229389782339,98.3102673714357
37.0465818036327,53.2857781599587
37.0913764946243,21.258653371936
37.1007877717894,-53.6452417113704
37.2484301284364,-7.47700753901386
37.4686849849044,90.4068122806659
37.4881939413465,108.909182507786
37.5041712847831,44.2925103033604
37.7076192440962,-77.6645374443116
37.7575165838877,-110.873570240852
37.8545521159432,-28.5777500020397
38.1908477003185,111.003235712867
38.1966315332362,76.7892664037731
38.1990609985466,106.210323633004
38.2040215187717,-101.803577453234
38.2887158879185,-109.113921090626
38.3458441428634,112.486107724376
38.5319897966963,-44.9129497712588
38.5810696503358,-95.6330065782274
39.1295001056908,-14.7124329317548
39.3511588060251,-106.557927369376
39.6648025779249,-111.470236348479
39.712107125183,-87.9719218163674
39.7407925252461,13.2289631106292
40.3214441768598,112.185746907494
40.3374075660711,109.590532908742
40.3956401870876,-109.650246708288
40.5893688296554,36.0272096179343
40.5976359259204,-70.2932618418271
40.6658558391504,-37.1242625627412
40.8369685058091,102.072462971487
41.1331896499165,106.507073432498
41.5575215457344,69.9577516161115
41.5880892223378,-112.013142333981
41.7427729513538,5.52083879808614
41.7936007528383,-104.484054403402
41.9994993824767,-22.2283341359469
42.2118215969552,83.5502048203308
42.2889229349772,-99.9431508166405
42.295929932995,111.876678247908
42.4388734924705,-107.91677630671
42.5653078536796,110.069222591434
42.6035255578886,96.1296176595415
42.6798907547816,-110.446661031898
42.8837525630108,27.1869199869119
42.9672194454119,57.2549328433459
43.4686808941613,-82.0761315394016
43.5258153117327,-112.501982143248
43.5581192367254,107.952201656429
43.6115211743062,-1.88771021695194
43.8755268398828,-63.9638357911013
43.8854360620669,-50.1235176428426
44.0365696901797,49.5599402897092
44.268956827902,111.558647436111
44.418965500658,104.565277461243
44.5309303821253,-57.1653342725619
44.7774618911369,-94.2270609504331
44.8087721142424,-110.513340668081
45.1420001165722,19.0032615612407
45.1644092186738,63.7225781483863
45.1775371215134,-29.6392060235283
45.1855201689191,-107.334020591329
45.3373897469719,109.638819323078
45.4764344291883,-112.936504809602
45.5346617716186,-9.00203539794147
45.6206252129117,41.701860732974
45.8219733959799,-103.739438240811
45.9540043647937,89.4578678862281
45.9674959688861,100.816045224814
46.2106841238043,-75.2733616132844
46.2403681720572,111.231367101042
46.37917265838,77.2179820681723
46.6149511012266,107.164667664653
46.6731939653515,-43.3876756235615
46.7774432668314,-15.8308204456642
47.0213821201412,-111.503700679575
47.4107706705507,-109.048499316786
47.4384001466789,-113.316508287351
47.7122909191398,10.9976981809918
47.9126352662193,109.312745213106
47.9551450773519,-99.5838673747973
48.044872400891,33.1480350219882
48.1375389920132,-88.1880111158193
48.2104382429224,110.894472049935
48.5460021384342,104.695639539158
48.5719417097403,-36.3323387050312
48.9710255937747,96.3565834473548
49.2573502957954,-105.533085519672
49.3445660580696,-111.587283335328
49.4101678353656,-113.641838694054
49.4192100697924,-68.3467414683935
49.7570364939326,107.869795495554
49.8158238597359,-22.0534525493465
49.8595031535897,3.05306321671064
49.9601406207167,70.685113077481
50.1783971233117,110.547773518326
50.2331929437992,-108.777003016445
50.4355628756071,24.8567449254319
50.5446527808731,56.1252210459645
50.8718155114898,101.626467856862
51.1951277582246,-51.0311159906602
51.2700411092294,47.793611686876
51.3902070479504,-113.912390794484
51.4144983175218,83.5200077671851
51.5376265066992,-112.279713938173
51.6207610494928,-81.4677441754128
51.7718764538475,-60.211417710988
51.9105201353346,-4.85106817793387
51.9313984981833,108.498951331133
52.0502350312503,105.535324988777
52.144984082859,110.190817997084
52.1687259379192,-102.260135016299
52.2902013748256,-110.085562003801
52.5105383009346,-95.3315176091198
52.6232938863824,63.8502090734576
52.7686673103194,-28.7476646368104
53.0498660625364,39.0404776769875
53.189115117098,16.8136320367318
53.3630104177471,91.7109138181586
53.3769682414981,-114.128102328349
53.6546722616865,-106.451374165182
53.6834412727321,-13.2642789356416
53.9813696832009,-112.407912236032
54.1091543873167,109.823472774494
54.1728939002771,107.566513753043
54.2385272118139,98.5467216710529
54.2875599623065,-74.8051549391891
54.3038822301539,-43.144294343106
54.8158127193007,103.487722245123
54.9052652750337,76.670812974402
54.908037820775,-109.713098894274
55.3689185498911,-114.288958756449
55.6084584334504,-88.4230773088636
55.6227449744906,8.81659170690993
55.8006242227016,30.6638364526812
55.8029050840744,-35.7986746584409
56.0717622707313,109.445119843735
56.1322257026954,106.727129148914
56.3226080948937,-112.343312083787
56.6581428706885,-101.219864260009
56.6910875473938,-66.9888610367965
56.942023032061,-21.1928420390362
57.134596711063,-54.6139278330455
57.3645374514233,-114.394990659867
57.3773120011011,-109.324455423142
57.4975488821184,-105.779370842718
57.8252815791945,1.15960941527624
57.8310762805979,52.9449418791773
58.0301018202984,109.047610566486
58.081892559664,44.7650180755708
58.1707568837477,22.9449723302593
58.2233705630433,104.219860371822
58.2728483898494,100.60917143067
58.2814122816923,107.203784820274
58.5107007815854,95.0123440414612
58.5150410835492,-112.424353214484
58.6617188835597,60.7382246435276
58.7038758733719,69.6766100570595
58.8653299143983,86.5534818701104
59.362137441526,-114.448531077598
59.3976398538907,-6.90092246208152
59.5035332359173,-81.8800411794201
59.5912729792095,-95.8131910984417
59.6632147282509,-47.3131539980642
59.9090172805423,-109.93645104584
59.9838003162268,108.626006883546
60.2178958768708,-29.3147198429556
60.3395660241991,106.147974833537
60.6275756033397,36.1943605804328
60.6332267938317,-60.8048627212802
60.8531238094203,-112.635318561864
61.1239586061447,14.5736264403063
61.2134918674889,-106.856458826162
61.3087858402766,-73.7779349464579
61.3606785110429,-114.46181312442
61.4365385567355,79.2699817784602
61.5635646665657,-14.6858540848737
61.6536788251091,103.022256156875
61.9317983305085,108.180561362867
61.9446969526875,-102.190917451701
62.1593641359878,-38.2777766520974
62.3203416800755,98.912229513652
62.4110679636919,106.098351754495
62.6846241709261,-110.342284338239
62.8969386873583,-89.433276177391
63.2364910287208,-112.785234829763
63.3588794564699,-114.436895106265
63.3902743875042,92.9916815112001
63.8744896346056,107.711211614438
63.8896009334185,7.39692276982907
64.2129275035464,105.070617362832
64.2791066891582,28.73739159951
64.3319501015966,-22.6461736031553
64.9192017311942,-53.5885706557277
64.947091812065,-106.004492016569
64.9473153304528,42.3566662315016
64.95411787347,-67.2872696329535
65.0843066614039,-109.306740765984
65.151159326357,49.4588481473237
65.2131821954172,102.016819749022
65.2278522495859,20.590384279326
65.3562794254661,-114.374080474229
65.3597714541971,-112.248640951618
65.3856273987778,-0.612528899825337
65.4773763570384,56.873138560579
65.5644976279544,64.8388864208663
65.8111134220146,107.218167135075
65.9181588956736,-97.6938101141325
66.1311831223001,72.7012162446629
66.1360051398066,-79.7106591895049
66.2657044781571,-44.510302856236
66.3286085941025,105.009417663498
66.4665460905884,97.7643890879175
66.6726078633049,86.727327179752
67.0746035777848,-30.9721044297547
67.0933394360784,-8.47061670568164
67.3521836429059,-114.273675242734
67.5019069283015,-112.663301334268
67.7416236801876,106.70147193858
67.818244582479,-102.990994260645
67.8698061024677,-110.270659937878
68.2058987106947,104.157680110693
68.2688366797495,-86.0064741557846
68.5414304616312,101.243862989495
68.6399462452703,-60.3930233483345
68.8085744684697,-107.34028671313
68.8938276182699,36.1842214889702
69.0796657867986,93.0860595955584
69.19130066915,80.2404110539092
69.2829232560259,-16.2592693589151
69.3458971487146,-114.135992897222
69.6069956703523,-73.5349416027709
69.6658212921025,106.161207333472
69.9305725909917,-112.126437855892
69.9760152597333,13.9795554247496
70.2541267967102,-37.7775044277822
70.5226277029777,103.795445762611
70.5650996117802,-93.281286878567
70.8008593950052,97.9506113616572
70.8426268946159,-49.6599117976982
71.2681856803175,-109.622735256624
71.3367414552554,-113.96135384592
71.3863520968508,5.61864069332781
71.5258765215604,22.9300134701104
71.5342258696306,-24.1150940448496
71.5830027999215,105.597607563231
71.8993430482509,101.207512015251
71.9196935014443,-100.784927457012
72.1742188181081,30.4129279451795
72.2564711291274,-105.81454208389
72.3118198222544,43.6248949238812
72.4088043658312,-112.014853299559
72.4201564741748,51.5317825876687
72.6347128954818,59.5251693277346
72.9794534304558,103.448695814615
72.997042465639,-2.47439695987949
73.0095777793904,-66.5828152526339
73.0615703151313,67.2246836865281
73.3240542343021,-113.750084946679
73.4934474792986,105.010626598838
73.6244556231249,88.7507986959617
73.6948482950411,94.7623003167044
73.9788638377797,-55.8157264752585
74.0290144208833,-80.5546717739769
74.2287606853094,74.5262690860983
74.2293351427526,-109.528053620455
74.5997984902445,99.3537527140165
74.7784139661991,-10.2370317594238
74.8250780789606,-111.828432437624
74.9949414877758,102.260265065853
75.0637073415383,-31.2321103660778
75.0814184879743,-43.6162918861521
75.3071890038314,-113.502519058024
75.3964898863743,104.400503640115
75.7695545261666,-87.7964572065774
75.7929967907423,-106.777323601047
76.0941200550676,-97.0402251134087
76.3763229349578,82.5140650278547
76.5066516229004,-102.919420674912
76.9838660577419,-17.8421914083068
77.0286134169889,-111.410731248146
77.0474579552023,-73.1012182588048
77.1427858287466,97.127104516682
77.2095261189798,101.826369836681
77.2855148153887,-113.218994613421
77.2915142683881,103.766066725447
77.4639353689923,37.0724521731479
77.4910629186594,18.9896921331848
77.5947230766047,10.922803286266
77.6450384758407,-109.048584655281
77.9373261310763,-61.5399155255428
77.9535508119115,93.255375902151
78.1125747426312,99.9680735287212
78.5692765663877,27.8220947917117
78.6799598381287,-37.3359249792793
79.0217139597129,2.72948062025014
79.0695312892384,-50.0320986277745
79.1775626973014,103.104854756129
79.1986059398571,46.0092332195834
79.2229656069338,-24.8044662610754
79.2582934993146,-112.89987615325
79.4584739705535,54.1436402283061
79.6018365648817,-111.075447226356
79.7339606106432,-105.557359750682
80.034279183135,62.0059661062145
80.0456534107448,89.1431222237202
80.3760334820156,100.714470006202
80.4443317788426,97.4904582459123
80.5391995181216,-108.597453083828
80.8290064633074,-93.5348036105875
80.8442775136484,-5.23282878978861
80.9244938805275,-100.594734983333
80.9415003216094,-79.5732157308812
80.9791123862157,69.5067896735553
81.053936682554,102.417145752138
81.2250509065938,-112.545494847496
81.8199479066351,76.5993707383411
81.8340194890183,-67.541401623488
82.0908162595125,94.13357413157
82.2262851551755,-110.656055564583
82.5872480412798,-13.0126365037071
82.6943941354556,-85.9924881356279
82.7086777101953,99.7775667361372
82.8570288832903,-56.1969281063596
82.9204168365479,101.703140968356
83.0310789519318,84.7396320367696
83.0712764488865,-105.225250460999
83.1842370829342,-112.150746840498
83.3750370345693,-108.274533700373
83.5584499353519,97.4078683984949
83.6075072970354,-43.9707982934194
83.6143285959135,-30.2226954157852
84.3357803973075,32.7359511135413
84.5581404146213,15.6315617077487
84.6027558868643,23.8203384076111
84.7768714112342,100.963004229885
84.8207895212454,41.0100583272807
84.8787743580533,-109.982449998121
85.0221182554372,91.2064510903931
85.1318952219457,-111.703093972682
85.1657601768733,7.5477422458846
85.2553628049203,-20.9637623510386
85.2927864013674,-102.313299662916
85.4105238822631,-73.7886946462631
85.5136170572463,98.7201844666671
85.652675391316,-97.1067622621175
85.7881011747012,95.2740322221162
85.9361869019527,-36.9012762441632
86.1744370015548,-106.76271457858
86.4472926677054,49.5457993509309
86.6228039696202,100.197046391106
86.7424819041094,57.1147380972395
86.83286348548,-0.473758045499287
86.8844120708048,-62.277428335064
87.0665862788206,-111.202365468101
87.1024458677993,-109.172626165953
87.3680632343009,-50.166411318946
87.4349000036136,87.4173976920254
87.5359985594319,65.332918825774
87.5974634838557,97.4379965796042
88.0511531561383,80.6849083176205
88.199843441618,-90.3757624128682
88.4577266768821,99.4055913468461
88.5592962112516,-103.992362073199
88.6493145532581,93.9679558204432
88.7709837938506,-81.1825759659358
88.8409099919028,-8.20581264400519
88.9868860311936,-110.649010460854
89.1698645077588,72.7190316906318
89.2502551876612,-106.874412423786
89.5271835499399,-108.879945769578
89.6782552341119,96.8056504867649
89.7689869122462,-100.293935161097
89.8327410884791,90.7817722248258
90.0091864396736,-26.8863186708697
90.1467438794174,-15.4549661234282
90.2816441298013,98.5887551974981
90.6839859145024,-68.0038609553283
90.8913872573024,-110.043516047034
91.1838344364501,28.5636681673404
91.3617654425295,-56.7967050663368
91.3674614674648,36.6024190652503
91.3938933620142,95.4332248570966
91.4686085875752,20.2553770138658
91.5003547003264,-95.5844160592016
91.6179728571514,-41.8176963143916
91.6598158832055,85.5530086623142
91.706459218593,12.0261316145586
91.7462515452749,-104.806010064567
91.8891418136278,-107.693334042326
92.0942368711011,97.7467917717377
92.1287540782157,44.8282544257153
92.2762526281185,-33.7281500991446
92.4812640334204,92.7230489278159
92.7787006302799,-109.386406322268
92.7988120560081,3.93630579188114
92.843166644101,-75.0967672792075
93.1806791161562,-101.619815061248
93.3244451298637,60.358673568942
93.5602089114078,89.1416806575333
93.5720879641068,95.1771148022553
93.6098651349318,-85.2901172367383
93.7059046688459,-48.2220556470139
93.8069681922101,79.9745228501294
93.8949603182667,96.8800714309782
94.1392941181187,-107.00228130188
94.3153626008954,-21.4041143500309
94.5014204884644,52.7950152540875
94.6474555505968,-108.678241419397
94.707489598086,-4.377285268141
94.7517689549999,-104.621051020903
95.0945103963911,-98.3298101979285
95.3766123608047,93.8906945907532
95.6835824954317,95.9888281021691
95.7138251701903,67.5722074097836
95.7327978313749,91.3661569234814
95.8767082229141,-91.8526580491043
96.0918938903844,-62.6450780219163
96.2380074497074,85.2470107424464
96.4963009192985,-107.919616550039
96.6954057569263,-105.880809067118
96.8302581208592,-102.465405067173
96.9222213988341,-12.8849608934454
97.1485021489838,74.9879845861996
97.4593634087859,95.0720163100581
97.6305266364063,88.8158465529253
97.6829880741195,92.997669066087
97.7296023653589,-53.6456130933424
98.1772284904621,-78.7451435747378
98.1929669339208,24.8664832162497
98.2435369483406,-29.1548288771503
98.3239058548605,-107.111161053412
98.3441689681063,16.5484021430447
98.4653392729079,40.090338278584
98.5085252816449,32.659410960418
98.6384647531589,-69.8554545145954
98.6611113169279,-104.661238590477
98.7220568300858,-37.6828620304998
98.7767044651499,-95.8080130284844
98.9113251751185,-99.7405709660851
99.1253678626256,91.4460877811013
99.1297903876251,8.72811574722696
99.1592627692165,81.1354149212356
99.220960323368,94.1281139907432
99.8787683146893,-44.8735820659056
100.037401339781,46.9425413781182
100.128960356622,-106.253537455505
100.22018052434,-102.306854220677
100.221554940477,59.8519551568709
100.232572213592,0.826449039063798
100.330608444224,85.4154586229743
100.53328568053,-86.1813369075142
100.717035979869,88.5548763926663
100.929359081912,-20.9109725298621
100.968002433416,93.1574577492893
101.133296941143,-104.155144710675
101.282439270052,91.0086817400893
101.910175917866,-105.347440541299
102.028231636989,-91.4756413504004
102.123003276984,-7.37012185422852
102.258810871652,-99.7977657910544
102.329604194582,-58.6772089535737
102.457067060942,-96.4430060761846
102.699917619546,92.1605358117532
102.883434077838,73.3744734744001
103.028435696064,-102.562887212699
103.168397946181,78.9186659709461
103.248607362152,89.6587731046684
103.252204975168,53.5258636828701
103.459148091693,66.6416346241064
103.551101922896,86.7389961623797
103.659454762966,83.1484932384188
103.666285912775,-104.393596542822
104.416644889293,91.1375521184851
104.580317455568,-73.6089131959511
104.669702104851,-50.7407626193402
104.71641906811,21.0856019830589
104.871688829933,-64.8721336872235
104.935268899178,-101.299949945346
104.965359247974,-15.0842087035962
105.132670499361,-27.8310364269456
105.243742814369,88.5326506214164
105.258764977045,29.6647324191078
105.269497260811,-98.4211796073147
105.289583381527,-35.2262875502737
105.399082537528,-103.398125596901
105.420816072184,38.3348338391834
105.62752716572,-94.3632530320115
105.78268346642,-80.5203201380721
105.880754988255,13.263861965704
106.117858455309,90.0888611406025
106.287805333803,85.3178582262082
106.443098096925,-86.8325175564881
106.632596474017,5.70286714488487
106.662162540251,-42.646029221991
107.071111880106,-100.224167524828
107.112313902497,87.5059517798554
107.115942791096,-102.375309291473
107.304391738348,82.2673027262545
107.305195538495,77.8624428560245
107.470513399439,45.9288786169118
107.551582029879,-2.0500171727307
107.623347818237,-91.1777126343127
107.75853638341,-96.9486525428977
107.803241053217,89.0148185182737
108.370024906445,60.4890562212439
108.438714075321,72.5295520804623
108.816892680727,-101.326229188017
108.879574247271,85.7457564000411
108.99607153471,-99.0798069094189
109.043790027326,-22.2311506103107
109.472483815959,87.9157809193194
109.499572541939,-56.8548698255354
109.749152768055,-94.6741842753111
109.966108923045,-9.97618414132206
110.211354685993,81.0824709614951
110.285686251466,84.3471773490895
110.452236982237,-69.536530014018
110.50159589098,-100.251238501953
110.759687548228,-97.5677172352352
110.832458863329,52.8674716898231
110.925768801561,67.5683734232992
111.101597518612,24.8693292259273
111.125183177962,86.7921770268072
111.200177982364,77.0989999661616
111.538207663765,-87.4475413876676
111.595174252752,34.050915731504
111.635746738736,-82.6253970169413
111.694216745361,-91.1632511712588
111.727613670318,-48.6839251047968
112.026294001785,-31.2932212184911
112.169723866075,-99.1506918076403
112.201648716213,83.4206208511308
112.410318782674,17.5596837826275
112.518290471907,-94.2445325769074
112.733335230434,-96.6410456515309
112.761054960541,85.6443660541703
112.821377645552,-76.6577894903646
112.99043111199,-39.3526637762025
113.04735850249,80.135635148779
113.259139930407,-62.9186057722243
113.281891783024,73.6359321130862
113.559509450092,41.5435270328986
113.641509551956,-16.5085099712943
113.690396509307,9.97004047790861
113.820955698841,-98.024944938817
114.052716457949,82.484377165199
114.090975659796,2.76952447230274
114.379924386528,84.4726328227155
114.755793704326,-4.92780608197136
114.875032538211,-95.2340871479268
114.991231440961,-92.4972903923127
115.029867518203,77.6840590646411
115.454978021762,-96.8743548928197
115.541024235884,-89.8011935858934
115.541484266936,58.8453915420719
115.728655845982,80.935592068695
115.759844622282,65.0821079734305
115.768781898715,70.7543297913749
115.769528614046,-24.7590218600033
115.872688622871,-86.1472929418772
115.980063602929,83.2749722305526
116.256268339189,48.1489140053373
116.522823564171,29.0040805041215
116.949342848359,-93.6844560965322
117.016041119389,75.4441670886501
117.021258289652,-81.8739879716532
117.071484900095,-95.6992797384064
117.127731111759,-55.3810096455621
117.233180481005,79.5297343540897
117.546204441521,82.0336502435436
117.765203625612,-70.6700573557274
117.947262400291,-46.666908297096
118.294947503823,-91.8319697937443
118.642642145971,78.1416080114602
118.670177727052,-94.5000785270358
118.772003397644,-88.850572543922
118.953925862868,-10.6701633361511
119.073943705943,80.745371190438
119.183567566381,73.5649199974699
119.233118198256,-77.3513731791583
119.305779872077,69.4665810233443
119.36185617429,22.0586621314194
119.394299615636,37.1277846567213
119.443409308213,-32.5251111097896
119.860178634555,14.6740853267202
119.895955755169,-85.6258166932561
119.956964556794,54.6207519581526
119.989343722996,-39.5638453811603
120.206925463114,76.7303679546946
120.250765121004,-93.2771112074472
120.415372481941,61.6547012234759
120.438207244902,-63.3168879064372
120.561871028583,79.41131710779
120.652564366317,-90.824704059581
120.782765112034,-1.46693083770038
121.073193226614,-18.2422839619718
121.164145241616,66.3112534334028
121.46905172123,6.37369526251108
121.699030149406,-81.7647960768539
121.812962824718,-92.030738543402
121.817098515959,72.1671943449669
121.840055969083,75.3110189687649
121.843921220023,-88.6527087084302
122.008621146727,78.0327064560247
122.664908812288,43.2321432507849
122.915842949837,-25.2256626989212
122.986640856068,-85.4748841616099
122.991265752986,31.2854533877305
123.196687036767,-74.2394618277025
123.354342222461,69.6029141483659
123.356493606566,-90.7613220344453
123.412875023359,76.6107904364333
123.631275848033,73.9119297043946
123.773698582022,-51.4116993120467
123.95246156003,58.830674678759
124.015652924232,49.5329415819895
124.01739448078,-87.9324434092195
124.411273516708,63.7979530040404
124.628789375311,-69.0661164994278
124.750106168226,-78.6962854113512
124.773309521933,75.1469058874779
124.879427273917,-89.4670809540656
124.95823615726,71.9341561487241
125.079884373315,-82.8972199300611
125.244484160162,-58.4544814789741
125.246141747439,67.2861590945918
125.545942656621,-7.03529785006057
125.736266817493,-85.9904959995035
125.930449982184,25.7287708486661
126.008363654454,-44.3714087477568
126.088672130867,73.6424016824589
126.091394395088,54.248664031433
126.371497853594,-88.1375994354189
126.442486650004,70.0349782918377
126.518619288538,12.507722024336
126.935076572966,-13.7856514839941
127.109239220547,-37.0742617741284
127.338887032415,61.8808941903023
127.357752463929,72.0986645459043
127.381857853575,-30.0162262506708
127.515568472435,-84.2769736334874
127.542831697351,-80.9864408113484
127.577314191698,-74.6249249715659
127.628894384445,65.1583408021051
127.687519274119,19.307430606863
127.829428053738,0.464177131508426
127.830550330737,-86.7719631772007
127.965724637567,68.1136354586007
128.191798421488,58.0926157992428
128.282308402569,37.2318410246683
128.416805838135,-64.8460377157973
128.57938325028,70.5171175616176
128.982192481872,-78.0746962289423
129.013345637515,42.6971485547962
129.017998946317,47.5845717208202
129.255764740953,-85.3710487807228
129.292046976711,-21.1294529843238
129.386449398877,-82.7922796315324
129.579176646271,-70.5630257556487
129.647963404874,66.3124434005838
129.7524412751,68.8992186813819
130.100669831971,51.6046563329164
130.174048040498,7.20003342124266
130.203233963489,60.8865891341604
130.279139254288,63.9103598100866
130.643511110562,-80.7268764518528
130.646342909625,-83.9357473135229
130.6736822321,55.1150387510796
130.875849849012,67.2464568410605
131.306352439391,32.012037215789
131.439188861882,-74.4523701962593
131.462689157361,-55.0786233782635
131.7513429367,58.2558178296276
131.820654763714,-76.9721857120005
131.823702215763,-60.8258113709252
131.854331704278,-48.8103967230523
131.956690826799,65.5655396310924
132.001508432391,-82.4669638107445
132.043830328858,62.2901671039237
132.338999871856,-79.2394423665613
132.788903749333,-6.43952077964501
132.795581669266,-67.6317532555704
133.014461715261,63.8699773273051
133.204632557612,60.1304689293995
133.32050665048,-80.9656168007472
133.402343840208,26.0619685158656
133.436844689061,45.5110538025213
133.540464358365,-72.0591411764667
133.582989905771,55.6146905707239
133.787171588139,49.5349529014261
133.831638322906,40.6784033602539
133.868883180083,-14.0485186964293
133.909763815688,-41.7265472274326
134.045837249076,-26.6989759312503
134.049919516118,62.1606823670301
134.085083293915,52.702646151557
134.210199018686,-77.1482053968724
134.248534052213,-34.0187680067599
134.408154001384,14.9255241932648
134.580894407284,57.9117476603307
134.602604622662,-79.4326378542012
134.9156262853,-75.0011756549964
135.062914978633,60.4379661669907
135.06637087804,-63.9703634806262
135.203376142323,36.3109509765538
135.367628942334,1.17559620795602
135.813084182522,-70.455822531997
135.847091095472,-77.868971155857
135.864001419591,55.4388748946337
136.053303445278,58.7021413328542
136.078148819264,21.3002625850085
136.470868411353,-58.8472820656761
136.660098726151,47.889806884739
136.754167016393,-73.2970689161325
136.756895395051,-67.7325451906093
136.793753194236,53.2328162842116
136.894746173467,44.2919703999201
136.910901113745,-53.4981280525327
136.953313396397,31.0259291052584
137.020944850806,56.9535215888544
137.05327647329,-76.2755730981157
137.214433577425,50.9912444597407
137.56181751505,-19.7961644674352
137.639797364672,8.44183834206151
137.965703720224,55.1924217077816
137.984566260199,40.496025585697
138.004437246699,-47.9188650475854
138.220492789755,-74.6534118954752
138.277471148712,-71.0772916410814
138.869590822834,-65.7694385164846
138.88741397546,53.4192262307649
138.90332951349,-62.8344507243758
139.094433497397,49.2245170944141
139.315397543033,26.8111679847021
139.32257544611,46.6786628825074
139.348093681925,-73.0034672188731
139.414546165108,-68.9905654947994
139.475391858424,34.247640000929
139.649814430359,43.1674372391012
139.756898887934,38.0145611989369
139.785985435211,51.6341856714191
140.007518221869,-10.4145067608139
140.170551998918,-37.6327867238785
140.281297496532,-60.0722248242037
140.406275474678,-43.2656143913583
140.435524594797,-71.3268012829529
140.476610786261,-56.1213332792919
140.477880951556,-3.3348339732404
140.661297854332,49.8376146063151
140.683011132843,14.2686152781556
140.714157202162,19.2893239835754
140.905858244648,45.3095114955206
141.026683724811,-67.1366116617358
141.218607013625,-31.6994349702863
141.469245640812,-51.6541422842652
141.491577149918,-69.630160650989
141.513234056509,48.0298312257411
141.541890573107,-25.8098172960291
141.800930915368,30.5539352147301
141.821923372193,-64.8356369918102
141.835089365913,40.6441684064669
141.912278998769,23.8856416425583
141.986786738381,42.8912108652667
142.331594985957,36.4191005677715
142.341677342574,46.2111673660822
142.428558119041,3.59836226268178
142.494184708514,-62.7159573721338
142.522338877164,-67.9180195135276
142.845979805328,-59.3726238357806
143.103565270576,33.5081953062498
143.150886535289,44.3838490055913
143.188256607043,-16.3498073859156
143.32005726346,9.36648845644375
143.345713782096,-47.7182721294844
143.346691670551,38.8118047130491
143.527610207225,-66.1907888821769
143.877659215852,-56.7650224250253
143.944840441793,42.5498238781131
144.029464133014,27.9362315322581
144.186224520355,-54.0902467658329
144.26515959955,-61.3323625624273
144.507205377194,-64.4488679469141
144.653299129573,-39.1202577166964
144.7008189204,36.3234549367403
144.723458319621,40.7092234451371
144.871096024793,17.7925849937647
145.05967803626,-43.6291590012105
145.205578109746,21.7074266249704
145.345683762862,-22.2077509704285
145.460944177331,-62.6926570382234
145.465907152801,-59.0097910683444
145.480530433553,31.4070062741072
145.486665310432,38.8621679449265
145.553956656095,-51.3629942604157
145.575670789403,33.9229785845612
145.596583582255,13.8503836261786
145.764942365696,25.1157079729075
145.770113334035,-6.05780532166839
145.861687598926,-34.2346040494018
145.893847755211,-0.680915510604315
146.234351376398,37.0088681235986
146.388651929289,-60.9225575827335
146.420304521396,-28.5101697710602
146.433553794648,-10.9580432513478
146.489965823898,-56.7393755671259
146.794527562213,29.6430887303662
146.966478651712,35.149360550426
146.98237273918,-54.6330421294189
146.985332839501,-48.8897731716591
147.186910002452,6.83073735273194
147.290159464982,-59.138972059426
147.465791671502,-46.1606439498119
147.471249031142,27.4921313227235
147.682974947308,33.2837662651206
147.839040384673,10.6648673977597
147.963117101904,19.8146942106656
148.079355801008,-52.8879424644825
148.165303106104,-57.3423039563845
148.180153820891,3.29752756837023
148.206950676777,-41.1737417761913
148.383768088795,31.4122090475596
148.39174373512,23.0585581047385
148.457636247337,16.5129252656989
148.544004381095,-37.4782204845635
148.605324374838,-18.8320222699555
148.708270309086,25.337209944747
148.920436339021,-50.9848817621843
148.999963184838,-14.5564586895768
149.013924644256,-55.5329577280588
149.068786679502,29.5348137508922
149.32451696701,-31.8867405561072
149.356065285908,-43.8548171259477
149.526199693741,-24.4181848368509
149.650083127022,13.4671069369266
149.737960180732,27.6517063020329
149.771118370113,-48.8945813439497
149.835871321703,-53.7113387530209
150.058338992845,-3.79330878445667
150.089825076323,21.4368835052614
150.291084905471,-46.9001461375958
150.391218991714,25.7630136971195
150.454097656421,-0.00646321987968765
150.553701092689,18.9003604064743
150.55706947636,-7.99007147399578
150.630995812707,-51.8778532921849
150.762192975787,-28.1469131598555
150.775738947443,9.78469644326414
150.931783797214,-35.1427540914535
150.98008507278,-40.7593884846045
150.982558989623,6.77768278084141
151.028494651114,23.8688633550439
151.155636162205,16.5596687497446
151.399156205463,-50.0329084474732
151.483712762178,-45.0383768910131
151.649594042344,21.9693440875126
151.65420983829,-38.1484291871181
151.665479086731,-20.6475784141578
151.835428126022,-11.6532095102916
151.864862314175,3.80814109146239
152.012711619247,14.5033535566467
152.139014810685,-48.1764249215599
152.162541637022,-42.7243993548405
152.254338228277,20.0645531095927
152.382312051256,12.1942724615538
152.521143353456,-16.1126320067322
152.628535768147,-32.5259084577481
152.842663692601,18.154625884582
152.84542298016,-46.306971714552
153.283551176967,-24.1529935632106
153.284584699327,-30.0177825877701
153.30622151677,1.06299218365161
153.346642931278,-40.1688787870233
153.373859825022,9.99993582988127
153.414508162608,16.2396993487284
153.517642728779,-44.4249544233456
153.561686494508,-2.15207167264882
153.572484471296,-5.46675048074869
153.608880498506,7.76674146533277
153.660293076411,-26.7900818153757
153.761131921146,-37.4439165870926
153.969810851322,14.3199113415068
154.010876917003,-35.2410134091575
154.155479148819,-42.5310077853773
154.164708983878,5.52040732722927
154.290889629105,-8.78146946575269
154.508512519448,12.3954005673459
154.613448907517,-18.4872250286877
154.678049546423,-12.4649815395358
154.758746287534,-40.6257680073947
154.800221662792,-21.4845567558629
154.907296908029,3.21395007641596
154.982752575198,-33.0179112955645
155.030555534438,10.4663065538763
155.303566248383,-15.2117233425988
155.327267104317,-38.7098727603136
155.535883926469,8.53276960692938
155.559101096299,-30.8047265703012
155.581299034077,0.633667225014369
155.860873432747,-36.783961175786
155.867535526109,-28.5153691295505
156.024443441115,6.5949307625247
156.069364633589,-1.52873773865998
156.206099148386,-3.81277181234733
156.22532928827,-26.1635537261647
156.302643972963,-24.0398167529205
156.359405947462,-34.8486738443552
156.377469279401,-6.08052488556651
156.496181588576,4.65293173609755
156.792835053725,-10.3025024807469
156.822714135866,-32.9046528150812
156.951047689272,2.70691486921852
156.971250282288,-8.07913109229453
157.082372943145,-19.4560095268899
157.091701458883,-21.8144785615784
157.239312556485,-12.4886494968825
157.250656274651,-30.9525415965222
157.257111536814,-17.1193268382751
157.388992915717,0.757023074068152
157.454961919831,-14.6678495091373
157.643099411125,-28.9929851589622
157.802600013741,-1.19838471548873
157.999919349345,-27.0266299377784
158.16241531165,-3.16415781772678
158.320999349796,-25.0541242147902
158.465197132144,-5.13951883116368
158.595270202451,-23.0746080262975
158.710672539095,-7.12281595023898
158.812041121091,-21.0879701559874
158.898618686603,-9.11238878993487
158.971132200683,-19.0958833812664
159.028862969097,-11.1065700490882
159.072414001765,-17.1000222001089
159.101283123479,-13.1036871623211
159.115807285422,-15.1020639405303
